scenarioId,fixtureVersion,weightStage,profile,salientTargetMul,terminalPositionMul,difficultyPenaltyMul,contractVersion,mapVersion,initialSnapshotHash,repetition,candidateRank,actionSequence,salientEnemyId,salientTargetProgress,killCount,damageDealt,initialEnemyCount,finalAliveEnemyCount,terminalNearestEnemyDistance,terminalNearbyEnemyCount,terminalHeightDelta,terminalActionable,terminalPositionQuality,executionDifficulty,expectedHits,durationTicks,safetyScore,killScore,difficultyScore,totalScore,elapsedMs,worldHashAfterReplay,replayValid,auditRank,auditRecommended,auditDiffersFromBeamWinner,auditReason
A1,A-v2-complex,0-baseline,공격형-무가중진단,0.000,0.000,0.000,1.8,1,50DEB425210D7347,1,1,"Lunge(0)>Attack>DashForward>Lunge(7)>Attack>DashBackward>Lunge(3)>Attack>MoveRight>Attack>DashForward>Attack",0,34.000,8,20,16,8,1.211,7,0.000,False,-29.577,9.427,0,180,3499998.000,880.000,0.000,3500878.000,521.713,174E838DC2F18B2B,True,1,True,False,"Beam 1위와 관측축 추천 일치"
A1,A-v2-complex,0-baseline,공격형-무가중진단,0.000,0.000,0.000,1.8,1,50DEB425210D7347,1,2,"Lunge(0)>Attack>DashForward>Lunge(7)>Attack>DashBackward>Lunge(3)>Attack>MoveRight>Attack>DashLeft>Attack",0,34.000,7,21,16,9,2.186,5,0.000,False,-13.628,9.427,0,180,3500000.000,831.600,0.000,3500832.000,521.713,0E0BAA0CC0A1ACC0,True,2,False,False,""
A1,A-v2-complex,0-baseline,공격형-무가중진단,0.000,0.000,0.000,1.8,1,50DEB425210D7347,1,3,"Lunge(0)>Attack>DashForward>Lunge(7)>Attack>DashBackward>Lunge(3)>Attack>MoveRight>Attack>MoveForward>Attack",0,34.000,7,21,16,9,1.271,8,0.000,False,-36.458,8.677,0,180,3499998.000,831.600,0.000,3500829.000,521.713,1456CDCDEF8C4CBA,True,3,False,False,""
A1,A-v2-complex,0-baseline,공격형-무가중진단,0.000,0.000,0.000,1.8,1,50DEB425210D7347,2,1,"Lunge(0)>Attack>DashForward>Lunge(7)>Attack>DashBackward>Lunge(3)>Attack>MoveRight>Attack>DashForward>Attack",0,34.000,8,20,16,8,1.211,7,0.000,False,-29.577,9.427,0,180,3499998.000,880.000,0.000,3500878.000,492.296,174E838DC2F18B2B,True,1,True,False,"Beam 1위와 관측축 추천 일치"
A1,A-v2-complex,0-baseline,공격형-무가중진단,0.000,0.000,0.000,1.8,1,50DEB425210D7347,2,2,"Lunge(0)>Attack>DashForward>Lunge(7)>Attack>DashBackward>Lunge(3)>Attack>MoveRight>Attack>DashLeft>Attack",0,34.000,7,21,16,9,2.186,5,0.000,False,-13.628,9.427,0,180,3500000.000,831.600,0.000,3500832.000,492.296,0E0BAA0CC0A1ACC0,True,2,False,False,""
A1,A-v2-complex,0-baseline,공격형-무가중진단,0.000,0.000,0.000,1.8,1,50DEB425210D7347,2,3,"Lunge(0)>Attack>DashForward>Lunge(7)>Attack>DashBackward>Lunge(3)>Attack>MoveRight>Attack>MoveForward>Attack",0,34.000,7,21,16,9,1.271,8,0.000,False,-36.458,8.677,0,180,3499998.000,831.600,0.000,3500829.000,492.296,1456CDCDEF8C4CBA,True,3,False,False,""
A1,A-v2-complex,0-baseline,공격형-무가중진단,0.000,0.000,0.000,1.8,1,50DEB425210D7347,3,1,"Lunge(0)>Attack>DashForward>Lunge(7)>Attack>DashBackward>Lunge(3)>Attack>MoveRight>Attack>DashForward>Attack",0,34.000,8,20,16,8,1.211,7,0.000,False,-29.577,9.427,0,180,3499998.000,880.000,0.000,3500878.000,477.960,174E838DC2F18B2B,True,1,True,False,"Beam 1위와 관측축 추천 일치"
A1,A-v2-complex,0-baseline,공격형-무가중진단,0.000,0.000,0.000,1.8,1,50DEB425210D7347,3,2,"Lunge(0)>Attack>DashForward>Lunge(7)>Attack>DashBackward>Lunge(3)>Attack>MoveRight>Attack>DashLeft>Attack",0,34.000,7,21,16,9,2.186,5,0.000,False,-13.628,9.427,0,180,3500000.000,831.600,0.000,3500832.000,477.960,0E0BAA0CC0A1ACC0,True,2,False,False,""
A1,A-v2-complex,0-baseline,공격형-무가중진단,0.000,0.000,0.000,1.8,1,50DEB425210D7347,3,3,"Lunge(0)>Attack>DashForward>Lunge(7)>Attack>DashBackward>Lunge(3)>Attack>MoveRight>Attack>MoveForward>Attack",0,34.000,7,21,16,9,1.271,8,0.000,False,-36.458,8.677,0,180,3499998.000,831.600,0.000,3500829.000,477.960,1456CDCDEF8C4CBA,True,3,False,False,""
A1,A-v2-complex,0-baseline,공격형-무가중진단,0.000,0.000,0.000,1.8,1,50DEB425210D7347,4,1,"Lunge(0)>Attack>DashForward>Lunge(7)>Attack>DashBackward>Lunge(3)>Attack>MoveRight>Attack>DashForward>Attack",0,34.000,8,20,16,8,1.211,7,0.000,False,-29.577,9.427,0,180,3499998.000,880.000,0.000,3500878.000,460.435,174E838DC2F18B2B,True,1,True,False,"Beam 1위와 관측축 추천 일치"
A1,A-v2-complex,0-baseline,공격형-무가중진단,0.000,0.000,0.000,1.8,1,50DEB425210D7347,4,2,"Lunge(0)>Attack>DashForward>Lunge(7)>Attack>DashBackward>Lunge(3)>Attack>MoveRight>Attack>DashLeft>Attack",0,34.000,7,21,16,9,2.186,5,0.000,False,-13.628,9.427,0,180,3500000.000,831.600,0.000,3500832.000,460.435,0E0BAA0CC0A1ACC0,True,2,False,False,""
A1,A-v2-complex,0-baseline,공격형-무가중진단,0.000,0.000,0.000,1.8,1,50DEB425210D7347,4,3,"Lunge(0)>Attack>DashForward>Lunge(7)>Attack>DashBackward>Lunge(3)>Attack>MoveRight>Attack>MoveForward>Attack",0,34.000,7,21,16,9,1.271,8,0.000,False,-36.458,8.677,0,180,3499998.000,831.600,0.000,3500829.000,460.435,1456CDCDEF8C4CBA,True,3,False,False,""
A1,A-v2-complex,0-baseline,공격형-무가중진단,0.000,0.000,0.000,1.8,1,50DEB425210D7347,5,1,"Lunge(0)>Attack>DashForward>Lunge(7)>Attack>DashBackward>Lunge(3)>Attack>MoveRight>Attack>DashForward>Attack",0,34.000,8,20,16,8,1.211,7,0.000,False,-29.577,9.427,0,180,3499998.000,880.000,0.000,3500878.000,473.625,174E838DC2F18B2B,True,1,True,False,"Beam 1위와 관측축 추천 일치"
A1,A-v2-complex,0-baseline,공격형-무가중진단,0.000,0.000,0.000,1.8,1,50DEB425210D7347,5,2,"Lunge(0)>Attack>DashForward>Lunge(7)>Attack>DashBackward>Lunge(3)>Attack>MoveRight>Attack>DashLeft>Attack",0,34.000,7,21,16,9,2.186,5,0.000,False,-13.628,9.427,0,180,3500000.000,831.600,0.000,3500832.000,473.625,0E0BAA0CC0A1ACC0,True,2,False,False,""
A1,A-v2-complex,0-baseline,공격형-무가중진단,0.000,0.000,0.000,1.8,1,50DEB425210D7347,5,3,"Lunge(0)>Attack>DashForward>Lunge(7)>Attack>DashBackward>Lunge(3)>Attack>MoveRight>Attack>MoveForward>Attack",0,34.000,7,21,16,9,1.271,8,0.000,False,-36.458,8.677,0,180,3499998.000,831.600,0.000,3500829.000,473.625,1456CDCDEF8C4CBA,True,3,False,False,""
A1,A-v2-complex,0-baseline,공격형-무가중진단,0.000,0.000,0.000,1.8,1,50DEB425210D7347,6,1,"Lunge(0)>Attack>DashForward>Lunge(7)>Attack>DashBackward>Lunge(3)>Attack>MoveRight>Attack>DashForward>Attack",0,34.000,8,20,16,8,1.211,7,0.000,False,-29.577,9.427,0,180,3499998.000,880.000,0.000,3500878.000,448.740,174E838DC2F18B2B,True,1,True,False,"Beam 1위와 관측축 추천 일치"
A1,A-v2-complex,0-baseline,공격형-무가중진단,0.000,0.000,0.000,1.8,1,50DEB425210D7347,6,2,"Lunge(0)>Attack>DashForward>Lunge(7)>Attack>DashBackward>Lunge(3)>Attack>MoveRight>Attack>DashLeft>Attack",0,34.000,7,21,16,9,2.186,5,0.000,False,-13.628,9.427,0,180,3500000.000,831.600,0.000,3500832.000,448.740,0E0BAA0CC0A1ACC0,True,2,False,False,""
A1,A-v2-complex,0-baseline,공격형-무가중진단,0.000,0.000,0.000,1.8,1,50DEB425210D7347,6,3,"Lunge(0)>Attack>DashForward>Lunge(7)>Attack>DashBackward>Lunge(3)>Attack>MoveRight>Attack>MoveForward>Attack",0,34.000,7,21,16,9,1.271,8,0.000,False,-36.458,8.677,0,180,3499998.000,831.600,0.000,3500829.000,448.740,1456CDCDEF8C4CBA,True,3,False,False,""
A1,A-v2-complex,0-baseline,공격형-무가중진단,0.000,0.000,0.000,1.8,1,50DEB425210D7347,7,1,"Lunge(0)>Attack>DashForward>Lunge(7)>Attack>DashBackward>Lunge(3)>Attack>MoveRight>Attack>DashForward>Attack",0,34.000,8,20,16,8,1.211,7,0.000,False,-29.577,9.427,0,180,3499998.000,880.000,0.000,3500878.000,438.375,174E838DC2F18B2B,True,1,True,False,"Beam 1위와 관측축 추천 일치"
A1,A-v2-complex,0-baseline,공격형-무가중진단,0.000,0.000,0.000,1.8,1,50DEB425210D7347,7,2,"Lunge(0)>Attack>DashForward>Lunge(7)>Attack>DashBackward>Lunge(3)>Attack>MoveRight>Attack>DashLeft>Attack",0,34.000,7,21,16,9,2.186,5,0.000,False,-13.628,9.427,0,180,3500000.000,831.600,0.000,3500832.000,438.375,0E0BAA0CC0A1ACC0,True,2,False,False,""
A1,A-v2-complex,0-baseline,공격형-무가중진단,0.000,0.000,0.000,1.8,1,50DEB425210D7347,7,3,"Lunge(0)>Attack>DashForward>Lunge(7)>Attack>DashBackward>Lunge(3)>Attack>MoveRight>Attack>MoveForward>Attack",0,34.000,7,21,16,9,1.271,8,0.000,False,-36.458,8.677,0,180,3499998.000,831.600,0.000,3500829.000,438.375,1456CDCDEF8C4CBA,True,3,False,False,""
A1,A-v2-complex,0-baseline,공격형-무가중진단,0.000,0.000,0.000,1.8,1,50DEB425210D7347,8,1,"Lunge(0)>Attack>DashForward>Lunge(7)>Attack>DashBackward>Lunge(3)>Attack>MoveRight>Attack>DashForward>Attack",0,34.000,8,20,16,8,1.211,7,0.000,False,-29.577,9.427,0,180,3499998.000,880.000,0.000,3500878.000,412.076,174E838DC2F18B2B,True,1,True,False,"Beam 1위와 관측축 추천 일치"
A1,A-v2-complex,0-baseline,공격형-무가중진단,0.000,0.000,0.000,1.8,1,50DEB425210D7347,8,2,"Lunge(0)>Attack>DashForward>Lunge(7)>Attack>DashBackward>Lunge(3)>Attack>MoveRight>Attack>DashLeft>Attack",0,34.000,7,21,16,9,2.186,5,0.000,False,-13.628,9.427,0,180,3500000.000,831.600,0.000,3500832.000,412.076,0E0BAA0CC0A1ACC0,True,2,False,False,""
A1,A-v2-complex,0-baseline,공격형-무가중진단,0.000,0.000,0.000,1.8,1,50DEB425210D7347,8,3,"Lunge(0)>Attack>DashForward>Lunge(7)>Attack>DashBackward>Lunge(3)>Attack>MoveRight>Attack>MoveForward>Attack",0,34.000,7,21,16,9,1.271,8,0.000,False,-36.458,8.677,0,180,3499998.000,831.600,0.000,3500829.000,412.076,1456CDCDEF8C4CBA,True,3,False,False,""
A1,A-v2-complex,0-baseline,공격형-무가중진단,0.000,0.000,0.000,1.8,1,50DEB425210D7347,9,1,"Lunge(0)>Attack>DashForward>Lunge(7)>Attack>DashBackward>Lunge(3)>Attack>MoveRight>Attack>DashForward>Attack",0,34.000,8,20,16,8,1.211,7,0.000,False,-29.577,9.427,0,180,3499998.000,880.000,0.000,3500878.000,420.437,174E838DC2F18B2B,True,1,True,False,"Beam 1위와 관측축 추천 일치"
A1,A-v2-complex,0-baseline,공격형-무가중진단,0.000,0.000,0.000,1.8,1,50DEB425210D7347,9,2,"Lunge(0)>Attack>DashForward>Lunge(7)>Attack>DashBackward>Lunge(3)>Attack>MoveRight>Attack>DashLeft>Attack",0,34.000,7,21,16,9,2.186,5,0.000,False,-13.628,9.427,0,180,3500000.000,831.600,0.000,3500832.000,420.437,0E0BAA0CC0A1ACC0,True,2,False,False,""
A1,A-v2-complex,0-baseline,공격형-무가중진단,0.000,0.000,0.000,1.8,1,50DEB425210D7347,9,3,"Lunge(0)>Attack>DashForward>Lunge(7)>Attack>DashBackward>Lunge(3)>Attack>MoveRight>Attack>MoveForward>Attack",0,34.000,7,21,16,9,1.271,8,0.000,False,-36.458,8.677,0,180,3499998.000,831.600,0.000,3500829.000,420.437,1456CDCDEF8C4CBA,True,3,False,False,""
A1,A-v2-complex,0-baseline,공격형-무가중진단,0.000,0.000,0.000,1.8,1,50DEB425210D7347,10,1,"Lunge(0)>Attack>DashForward>Lunge(7)>Attack>DashBackward>Lunge(3)>Attack>MoveRight>Attack>DashForward>Attack",0,34.000,8,20,16,8,1.211,7,0.000,False,-29.577,9.427,0,180,3499998.000,880.000,0.000,3500878.000,420.253,174E838DC2F18B2B,True,1,True,False,"Beam 1위와 관측축 추천 일치"
A1,A-v2-complex,0-baseline,공격형-무가중진단,0.000,0.000,0.000,1.8,1,50DEB425210D7347,10,2,"Lunge(0)>Attack>DashForward>Lunge(7)>Attack>DashBackward>Lunge(3)>Attack>MoveRight>Attack>DashLeft>Attack",0,34.000,7,21,16,9,2.186,5,0.000,False,-13.628,9.427,0,180,3500000.000,831.600,0.000,3500832.000,420.253,0E0BAA0CC0A1ACC0,True,2,False,False,""
A1,A-v2-complex,0-baseline,공격형-무가중진단,0.000,0.000,0.000,1.8,1,50DEB425210D7347,10,3,"Lunge(0)>Attack>DashForward>Lunge(7)>Attack>DashBackward>Lunge(3)>Attack>MoveRight>Attack>MoveForward>Attack",0,34.000,7,21,16,9,1.271,8,0.000,False,-36.458,8.677,0,180,3499998.000,831.600,0.000,3500829.000,420.253,1456CDCDEF8C4CBA,True,3,False,False,""
A2,A-v2-complex,0-baseline,공격형-무가중진단,0.000,0.000,0.000,1.8,1,3F5F709DA48265EF,1,1,"LungeStrike(0)>DashRight>Lunge(5)>Attack>MoveLeft>Attack>Retreat>Attack>DashLeft>LungeStrike(3)>DashBackward>LungeStrike(2)",0,34.000,7,15,12,5,4.373,1,1.942,False,14.570,12.235,0,180,3500001.000,734.800,0.000,3500736.000,230.332,8595C84EEFCE8815,True,2,False,True,""
A2,A-v2-complex,0-baseline,공격형-무가중진단,0.000,0.000,0.000,1.8,1,3F5F709DA48265EF,1,2,"LungeStrike(0)>DashRight>Lunge(5)>Attack>MoveLeft>Attack>Retreat>Attack>DashLeft>LungeStrike(3)>DashRight>LungeStrike(2)",0,34.000,7,15,12,5,3.744,2,1.942,False,13.313,12.219,0,180,3500001.000,734.800,0.000,3500736.000,230.332,443AD4995992E909,True,3,False,True,""
A2,A-v2-complex,0-baseline,공격형-무가중진단,0.000,0.000,0.000,1.8,1,3F5F709DA48265EF,1,3,"LungeStrike(0)>DashRight>Lunge(5)>Attack>MoveLeft>Attack>MoveRight>Attack>Jump>LungeStrike(3)>DashForward>LungeStrike(1)",0,34.000,7,15,12,5,4.492,1,2.371,False,16.097,12.060,0,180,3500001.000,734.800,0.000,3500736.000,230.332,BD17176102D6F0C7,True,1,True,True,"종료 위치 품질 우세"
A2,A-v2-complex,0-baseline,공격형-무가중진단,0.000,0.000,0.000,1.8,1,3F5F709DA48265EF,2,1,"LungeStrike(0)>DashRight>Lunge(5)>Attack>MoveLeft>Attack>Retreat>Attack>DashLeft>LungeStrike(3)>DashBackward>LungeStrike(2)",0,34.000,7,15,12,5,4.373,1,1.942,False,14.570,12.235,0,180,3500001.000,734.800,0.000,3500736.000,225.363,8595C84EEFCE8815,True,2,False,True,""
A2,A-v2-complex,0-baseline,공격형-무가중진단,0.000,0.000,0.000,1.8,1,3F5F709DA48265EF,2,2,"LungeStrike(0)>DashRight>Lunge(5)>Attack>MoveLeft>Attack>Retreat>Attack>DashLeft>LungeStrike(3)>DashRight>LungeStrike(2)",0,34.000,7,15,12,5,3.744,2,1.942,False,13.313,12.219,0,180,3500001.000,734.800,0.000,3500736.000,225.363,443AD4995992E909,True,3,False,True,""
A2,A-v2-complex,0-baseline,공격형-무가중진단,0.000,0.000,0.000,1.8,1,3F5F709DA48265EF,2,3,"LungeStrike(0)>DashRight>Lunge(5)>Attack>MoveLeft>Attack>MoveRight>Attack>Jump>LungeStrike(3)>DashForward>LungeStrike(1)",0,34.000,7,15,12,5,4.492,1,2.371,False,16.097,12.060,0,180,3500001.000,734.800,0.000,3500736.000,225.363,BD17176102D6F0C7,True,1,True,True,"종료 위치 품질 우세"
A2,A-v2-complex,0-baseline,공격형-무가중진단,0.000,0.000,0.000,1.8,1,3F5F709DA48265EF,3,1,"LungeStrike(0)>DashRight>Lunge(5)>Attack>MoveLeft>Attack>Retreat>Attack>DashLeft>LungeStrike(3)>DashBackward>LungeStrike(2)",0,34.000,7,15,12,5,4.373,1,1.942,False,14.570,12.235,0,180,3500001.000,734.800,0.000,3500736.000,216.425,8595C84EEFCE8815,True,2,False,True,""
A2,A-v2-complex,0-baseline,공격형-무가중진단,0.000,0.000,0.000,1.8,1,3F5F709DA48265EF,3,2,"LungeStrike(0)>DashRight>Lunge(5)>Attack>MoveLeft>Attack>Retreat>Attack>DashLeft>LungeStrike(3)>DashRight>LungeStrike(2)",0,34.000,7,15,12,5,3.744,2,1.942,False,13.313,12.219,0,180,3500001.000,734.800,0.000,3500736.000,216.425,443AD4995992E909,True,3,False,True,""
A2,A-v2-complex,0-baseline,공격형-무가중진단,0.000,0.000,0.000,1.8,1,3F5F709DA48265EF,3,3,"LungeStrike(0)>DashRight>Lunge(5)>Attack>MoveLeft>Attack>MoveRight>Attack>Jump>LungeStrike(3)>DashForward>LungeStrike(1)",0,34.000,7,15,12,5,4.492,1,2.371,False,16.097,12.060,0,180,3500001.000,734.800,0.000,3500736.000,216.425,BD17176102D6F0C7,True,1,True,True,"종료 위치 품질 우세"
A2,A-v2-complex,0-baseline,공격형-무가중진단,0.000,0.000,0.000,1.8,1,3F5F709DA48265EF,4,1,"LungeStrike(0)>DashRight>Lunge(5)>Attack>MoveLeft>Attack>Retreat>Attack>DashLeft>LungeStrike(3)>DashBackward>LungeStrike(2)",0,34.000,7,15,12,5,4.373,1,1.942,False,14.570,12.235,0,180,3500001.000,734.800,0.000,3500736.000,243.664,8595C84EEFCE8815,True,2,False,True,""
A2,A-v2-complex,0-baseline,공격형-무가중진단,0.000,0.000,0.000,1.8,1,3F5F709DA48265EF,4,2,"LungeStrike(0)>DashRight>Lunge(5)>Attack>MoveLeft>Attack>Retreat>Attack>DashLeft>LungeStrike(3)>DashRight>LungeStrike(2)",0,34.000,7,15,12,5,3.744,2,1.942,False,13.313,12.219,0,180,3500001.000,734.800,0.000,3500736.000,243.664,443AD4995992E909,True,3,False,True,""
A2,A-v2-complex,0-baseline,공격형-무가중진단,0.000,0.000,0.000,1.8,1,3F5F709DA48265EF,4,3,"LungeStrike(0)>DashRight>Lunge(5)>Attack>MoveLeft>Attack>MoveRight>Attack>Jump>LungeStrike(3)>DashForward>LungeStrike(1)",0,34.000,7,15,12,5,4.492,1,2.371,False,16.097,12.060,0,180,3500001.000,734.800,0.000,3500736.000,243.664,BD17176102D6F0C7,True,1,True,True,"종료 위치 품질 우세"
A2,A-v2-complex,0-baseline,공격형-무가중진단,0.000,0.000,0.000,1.8,1,3F5F709DA48265EF,5,1,"LungeStrike(0)>DashRight>Lunge(5)>Attack>MoveLeft>Attack>Retreat>Attack>DashLeft>LungeStrike(3)>DashBackward>LungeStrike(2)",0,34.000,7,15,12,5,4.373,1,1.942,False,14.570,12.235,0,180,3500001.000,734.800,0.000,3500736.000,257.521,8595C84EEFCE8815,True,2,False,True,""
A2,A-v2-complex,0-baseline,공격형-무가중진단,0.000,0.000,0.000,1.8,1,3F5F709DA48265EF,5,2,"LungeStrike(0)>DashRight>Lunge(5)>Attack>MoveLeft>Attack>Retreat>Attack>DashLeft>LungeStrike(3)>DashRight>LungeStrike(2)",0,34.000,7,15,12,5,3.744,2,1.942,False,13.313,12.219,0,180,3500001.000,734.800,0.000,3500736.000,257.521,443AD4995992E909,True,3,False,True,""
A2,A-v2-complex,0-baseline,공격형-무가중진단,0.000,0.000,0.000,1.8,1,3F5F709DA48265EF,5,3,"LungeStrike(0)>DashRight>Lunge(5)>Attack>MoveLeft>Attack>MoveRight>Attack>Jump>LungeStrike(3)>DashForward>LungeStrike(1)",0,34.000,7,15,12,5,4.492,1,2.371,False,16.097,12.060,0,180,3500001.000,734.800,0.000,3500736.000,257.521,BD17176102D6F0C7,True,1,True,True,"종료 위치 품질 우세"
A2,A-v2-complex,0-baseline,공격형-무가중진단,0.000,0.000,0.000,1.8,1,3F5F709DA48265EF,6,1,"LungeStrike(0)>DashRight>Lunge(5)>Attack>MoveLeft>Attack>Retreat>Attack>DashLeft>LungeStrike(3)>DashBackward>LungeStrike(2)",0,34.000,7,15,12,5,4.373,1,1.942,False,14.570,12.235,0,180,3500001.000,734.800,0.000,3500736.000,508.596,8595C84EEFCE8815,True,2,False,True,""
A2,A-v2-complex,0-baseline,공격형-무가중진단,0.000,0.000,0.000,1.8,1,3F5F709DA48265EF,6,2,"LungeStrike(0)>DashRight>Lunge(5)>Attack>MoveLeft>Attack>Retreat>Attack>DashLeft>LungeStrike(3)>DashRight>LungeStrike(2)",0,34.000,7,15,12,5,3.744,2,1.942,False,13.313,12.219,0,180,3500001.000,734.800,0.000,3500736.000,508.596,443AD4995992E909,True,3,False,True,""
A2,A-v2-complex,0-baseline,공격형-무가중진단,0.000,0.000,0.000,1.8,1,3F5F709DA48265EF,6,3,"LungeStrike(0)>DashRight>Lunge(5)>Attack>MoveLeft>Attack>MoveRight>Attack>Jump>LungeStrike(3)>DashForward>LungeStrike(1)",0,34.000,7,15,12,5,4.492,1,2.371,False,16.097,12.060,0,180,3500001.000,734.800,0.000,3500736.000,508.596,BD17176102D6F0C7,True,1,True,True,"종료 위치 품질 우세"
A2,A-v2-complex,0-baseline,공격형-무가중진단,0.000,0.000,0.000,1.8,1,3F5F709DA48265EF,7,1,"LungeStrike(0)>DashRight>Lunge(5)>Attack>MoveLeft>Attack>Retreat>Attack>DashLeft>LungeStrike(3)>DashBackward>LungeStrike(2)",0,34.000,7,15,12,5,4.373,1,1.942,False,14.570,12.235,0,180,3500001.000,734.800,0.000,3500736.000,450.334,8595C84EEFCE8815,True,2,False,True,""
A2,A-v2-complex,0-baseline,공격형-무가중진단,0.000,0.000,0.000,1.8,1,3F5F709DA48265EF,7,2,"LungeStrike(0)>DashRight>Lunge(5)>Attack>MoveLeft>Attack>Retreat>Attack>DashLeft>LungeStrike(3)>DashRight>LungeStrike(2)",0,34.000,7,15,12,5,3.744,2,1.942,False,13.313,12.219,0,180,3500001.000,734.800,0.000,3500736.000,450.334,443AD4995992E909,True,3,False,True,""
A2,A-v2-complex,0-baseline,공격형-무가중진단,0.000,0.000,0.000,1.8,1,3F5F709DA48265EF,7,3,"LungeStrike(0)>DashRight>Lunge(5)>Attack>MoveLeft>Attack>MoveRight>Attack>Jump>LungeStrike(3)>DashForward>LungeStrike(1)",0,34.000,7,15,12,5,4.492,1,2.371,False,16.097,12.060,0,180,3500001.000,734.800,0.000,3500736.000,450.334,BD17176102D6F0C7,True,1,True,True,"종료 위치 품질 우세"
A2,A-v2-complex,0-baseline,공격형-무가중진단,0.000,0.000,0.000,1.8,1,3F5F709DA48265EF,8,1,"LungeStrike(0)>DashRight>Lunge(5)>Attack>MoveLeft>Attack>Retreat>Attack>DashLeft>LungeStrike(3)>DashBackward>LungeStrike(2)",0,34.000,7,15,12,5,4.373,1,1.942,False,14.570,12.235,0,180,3500001.000,734.800,0.000,3500736.000,486.913,8595C84EEFCE8815,True,2,False,True,""
A2,A-v2-complex,0-baseline,공격형-무가중진단,0.000,0.000,0.000,1.8,1,3F5F709DA48265EF,8,2,"LungeStrike(0)>DashRight>Lunge(5)>Attack>MoveLeft>Attack>Retreat>Attack>DashLeft>LungeStrike(3)>DashRight>LungeStrike(2)",0,34.000,7,15,12,5,3.744,2,1.942,False,13.313,12.219,0,180,3500001.000,734.800,0.000,3500736.000,486.913,443AD4995992E909,True,3,False,True,""
A2,A-v2-complex,0-baseline,공격형-무가중진단,0.000,0.000,0.000,1.8,1,3F5F709DA48265EF,8,3,"LungeStrike(0)>DashRight>Lunge(5)>Attack>MoveLeft>Attack>MoveRight>Attack>Jump>LungeStrike(3)>DashForward>LungeStrike(1)",0,34.000,7,15,12,5,4.492,1,2.371,False,16.097,12.060,0,180,3500001.000,734.800,0.000,3500736.000,486.913,BD17176102D6F0C7,True,1,True,True,"종료 위치 품질 우세"
A2,A-v2-complex,0-baseline,공격형-무가중진단,0.000,0.000,0.000,1.8,1,3F5F709DA48265EF,9,1,"LungeStrike(0)>DashRight>Lunge(5)>Attack>MoveLeft>Attack>Retreat>Attack>DashLeft>LungeStrike(3)>DashBackward>LungeStrike(2)",0,34.000,7,15,12,5,4.373,1,1.942,False,14.570,12.235,0,180,3500001.000,734.800,0.000,3500736.000,436.127,8595C84EEFCE8815,True,2,False,True,""
A2,A-v2-complex,0-baseline,공격형-무가중진단,0.000,0.000,0.000,1.8,1,3F5F709DA48265EF,9,2,"LungeStrike(0)>DashRight>Lunge(5)>Attack>MoveLeft>Attack>Retreat>Attack>DashLeft>LungeStrike(3)>DashRight>LungeStrike(2)",0,34.000,7,15,12,5,3.744,2,1.942,False,13.313,12.219,0,180,3500001.000,734.800,0.000,3500736.000,436.127,443AD4995992E909,True,3,False,True,""
A2,A-v2-complex,0-baseline,공격형-무가중진단,0.000,0.000,0.000,1.8,1,3F5F709DA48265EF,9,3,"LungeStrike(0)>DashRight>Lunge(5)>Attack>MoveLeft>Attack>MoveRight>Attack>Jump>LungeStrike(3)>DashForward>LungeStrike(1)",0,34.000,7,15,12,5,4.492,1,2.371,False,16.097,12.060,0,180,3500001.000,734.800,0.000,3500736.000,436.127,BD17176102D6F0C7,True,1,True,True,"종료 위치 품질 우세"
A2,A-v2-complex,0-baseline,공격형-무가중진단,0.000,0.000,0.000,1.8,1,3F5F709DA48265EF,10,1,"LungeStrike(0)>DashRight>Lunge(5)>Attack>MoveLeft>Attack>Retreat>Attack>DashLeft>LungeStrike(3)>DashBackward>LungeStrike(2)",0,34.000,7,15,12,5,4.373,1,1.942,False,14.570,12.235,0,180,3500001.000,734.800,0.000,3500736.000,406.800,8595C84EEFCE8815,True,2,False,True,""
A2,A-v2-complex,0-baseline,공격형-무가중진단,0.000,0.000,0.000,1.8,1,3F5F709DA48265EF,10,2,"LungeStrike(0)>DashRight>Lunge(5)>Attack>MoveLeft>Attack>Retreat>Attack>DashLeft>LungeStrike(3)>DashRight>LungeStrike(2)",0,34.000,7,15,12,5,3.744,2,1.942,False,13.313,12.219,0,180,3500001.000,734.800,0.000,3500736.000,406.800,443AD4995992E909,True,3,False,True,""
A2,A-v2-complex,0-baseline,공격형-무가중진단,0.000,0.000,0.000,1.8,1,3F5F709DA48265EF,10,3,"LungeStrike(0)>DashRight>Lunge(5)>Attack>MoveLeft>Attack>MoveRight>Attack>Jump>LungeStrike(3)>DashForward>LungeStrike(1)",0,34.000,7,15,12,5,4.492,1,2.371,False,16.097,12.060,0,180,3500001.000,734.800,0.000,3500736.000,406.800,BD17176102D6F0C7,True,1,True,True,"종료 위치 품질 우세"
A3,A-v2-complex,0-baseline,공격형-무가중진단,0.000,0.000,0.000,1.8,1,01880BEA0D35E61C,1,1,"Attack>DashForward>Attack>MoveLeft>Attack>MoveForward>Lunge(2)>Attack>MoveRight>Attack>Retreat>Attack",0,29.000,9,16,14,6,3.663,2,0.000,False,10.327,6.215,1,180,3499998.000,875.600,0.000,3500873.000,470.767,A0CA6604C4776456,True,1,True,False,"Beam 1위와 관측축 추천 일치"
A3,A-v2-complex,0-baseline,공격형-무가중진단,0.000,0.000,0.000,1.8,1,01880BEA0D35E61C,1,2,"Attack>DashForward>Attack>MoveLeft>Attack>MoveForward>Lunge(2)>Attack>MoveRight>Attack>DashBackward>Lunge(6)",0,29.000,9,16,14,6,3.481,2,0.000,False,9.961,7.922,1,180,3499998.000,875.600,0.000,3500873.000,470.767,B3AA95B991B533C7,True,2,False,False,""
A3,A-v2-complex,0-baseline,공격형-무가중진단,0.000,0.000,0.000,1.8,1,01880BEA0D35E61C,1,3,"Attack>DashForward>Attack>MoveLeft>Attack>MoveForward>Lunge(2)>Attack>MoveRight>Attack>DashRight>Lunge(6)",0,29.000,9,16,14,6,3.460,1,0.000,False,9.919,7.668,1,180,3499998.000,875.600,0.000,3500873.000,470.767,233E281119EBE4C4,True,3,False,False,""
A3,A-v2-complex,0-baseline,공격형-무가중진단,0.000,0.000,0.000,1.8,1,01880BEA0D35E61C,2,1,"Attack>DashForward>Attack>MoveLeft>Attack>MoveForward>Lunge(2)>Attack>MoveRight>Attack>Retreat>Attack",0,29.000,9,16,14,6,3.663,2,0.000,False,10.327,6.215,1,180,3499998.000,875.600,0.000,3500873.000,469.401,A0CA6604C4776456,True,1,True,False,"Beam 1위와 관측축 추천 일치"
A3,A-v2-complex,0-baseline,공격형-무가중진단,0.000,0.000,0.000,1.8,1,01880BEA0D35E61C,2,2,"Attack>DashForward>Attack>MoveLeft>Attack>MoveForward>Lunge(2)>Attack>MoveRight>Attack>DashBackward>Lunge(6)",0,29.000,9,16,14,6,3.481,2,0.000,False,9.961,7.922,1,180,3499998.000,875.600,0.000,3500873.000,469.401,B3AA95B991B533C7,True,2,False,False,""
A3,A-v2-complex,0-baseline,공격형-무가중진단,0.000,0.000,0.000,1.8,1,01880BEA0D35E61C,2,3,"Attack>DashForward>Attack>MoveLeft>Attack>MoveForward>Lunge(2)>Attack>MoveRight>Attack>DashRight>Lunge(6)",0,29.000,9,16,14,6,3.460,1,0.000,False,9.919,7.668,1,180,3499998.000,875.600,0.000,3500873.000,469.401,233E281119EBE4C4,True,3,False,False,""
A3,A-v2-complex,0-baseline,공격형-무가중진단,0.000,0.000,0.000,1.8,1,01880BEA0D35E61C,3,1,"Attack>DashForward>Attack>MoveLeft>Attack>MoveForward>Lunge(2)>Attack>MoveRight>Attack>Retreat>Attack",0,29.000,9,16,14,6,3.663,2,0.000,False,10.327,6.215,1,180,3499998.000,875.600,0.000,3500873.000,474.077,A0CA6604C4776456,True,1,True,False,"Beam 1위와 관측축 추천 일치"
A3,A-v2-complex,0-baseline,공격형-무가중진단,0.000,0.000,0.000,1.8,1,01880BEA0D35E61C,3,2,"Attack>DashForward>Attack>MoveLeft>Attack>MoveForward>Lunge(2)>Attack>MoveRight>Attack>DashBackward>Lunge(6)",0,29.000,9,16,14,6,3.481,2,0.000,False,9.961,7.922,1,180,3499998.000,875.600,0.000,3500873.000,474.077,B3AA95B991B533C7,True,2,False,False,""
A3,A-v2-complex,0-baseline,공격형-무가중진단,0.000,0.000,0.000,1.8,1,01880BEA0D35E61C,3,3,"Attack>DashForward>Attack>MoveLeft>Attack>MoveForward>Lunge(2)>Attack>MoveRight>Attack>DashRight>Lunge(6)",0,29.000,9,16,14,6,3.460,1,0.000,False,9.919,7.668,1,180,3499998.000,875.600,0.000,3500873.000,474.077,233E281119EBE4C4,True,3,False,False,""
A3,A-v2-complex,0-baseline,공격형-무가중진단,0.000,0.000,0.000,1.8,1,01880BEA0D35E61C,4,1,"Attack>DashForward>Attack>MoveLeft>Attack>MoveForward>Lunge(2)>Attack>MoveRight>Attack>Retreat>Attack",0,29.000,9,16,14,6,3.663,2,0.000,False,10.327,6.215,1,180,3499998.000,875.600,0.000,3500873.000,485.466,A0CA6604C4776456,True,1,True,False,"Beam 1위와 관측축 추천 일치"
A3,A-v2-complex,0-baseline,공격형-무가중진단,0.000,0.000,0.000,1.8,1,01880BEA0D35E61C,4,2,"Attack>DashForward>Attack>MoveLeft>Attack>MoveForward>Lunge(2)>Attack>MoveRight>Attack>DashBackward>Lunge(6)",0,29.000,9,16,14,6,3.481,2,0.000,False,9.961,7.922,1,180,3499998.000,875.600,0.000,3500873.000,485.466,B3AA95B991B533C7,True,2,False,False,""
A3,A-v2-complex,0-baseline,공격형-무가중진단,0.000,0.000,0.000,1.8,1,01880BEA0D35E61C,4,3,"Attack>DashForward>Attack>MoveLeft>Attack>MoveForward>Lunge(2)>Attack>MoveRight>Attack>DashRight>Lunge(6)",0,29.000,9,16,14,6,3.460,1,0.000,False,9.919,7.668,1,180,3499998.000,875.600,0.000,3500873.000,485.466,233E281119EBE4C4,True,3,False,False,""
A3,A-v2-complex,0-baseline,공격형-무가중진단,0.000,0.000,0.000,1.8,1,01880BEA0D35E61C,5,1,"Attack>DashForward>Attack>MoveLeft>Attack>MoveForward>Lunge(2)>Attack>MoveRight>Attack>Retreat>Attack",0,29.000,9,16,14,6,3.663,2,0.000,False,10.327,6.215,1,180,3499998.000,875.600,0.000,3500873.000,502.406,A0CA6604C4776456,True,1,True,False,"Beam 1위와 관측축 추천 일치"
A3,A-v2-complex,0-baseline,공격형-무가중진단,0.000,0.000,0.000,1.8,1,01880BEA0D35E61C,5,2,"Attack>DashForward>Attack>MoveLeft>Attack>MoveForward>Lunge(2)>Attack>MoveRight>Attack>DashBackward>Lunge(6)",0,29.000,9,16,14,6,3.481,2,0.000,False,9.961,7.922,1,180,3499998.000,875.600,0.000,3500873.000,502.406,B3AA95B991B533C7,True,2,False,False,""
A3,A-v2-complex,0-baseline,공격형-무가중진단,0.000,0.000,0.000,1.8,1,01880BEA0D35E61C,5,3,"Attack>DashForward>Attack>MoveLeft>Attack>MoveForward>Lunge(2)>Attack>MoveRight>Attack>DashRight>Lunge(6)",0,29.000,9,16,14,6,3.460,1,0.000,False,9.919,7.668,1,180,3499998.000,875.600,0.000,3500873.000,502.406,233E281119EBE4C4,True,3,False,False,""
A3,A-v2-complex,0-baseline,공격형-무가중진단,0.000,0.000,0.000,1.8,1,01880BEA0D35E61C,6,1,"Attack>DashForward>Attack>MoveLeft>Attack>MoveForward>Lunge(2)>Attack>MoveRight>Attack>Retreat>Attack",0,29.000,9,16,14,6,3.663,2,0.000,False,10.327,6.215,1,180,3499998.000,875.600,0.000,3500873.000,491.059,A0CA6604C4776456,True,1,True,False,"Beam 1위와 관측축 추천 일치"
A3,A-v2-complex,0-baseline,공격형-무가중진단,0.000,0.000,0.000,1.8,1,01880BEA0D35E61C,6,2,"Attack>DashForward>Attack>MoveLeft>Attack>MoveForward>Lunge(2)>Attack>MoveRight>Attack>DashBackward>Lunge(6)",0,29.000,9,16,14,6,3.481,2,0.000,False,9.961,7.922,1,180,3499998.000,875.600,0.000,3500873.000,491.059,B3AA95B991B533C7,True,2,False,False,""
A3,A-v2-complex,0-baseline,공격형-무가중진단,0.000,0.000,0.000,1.8,1,01880BEA0D35E61C,6,3,"Attack>DashForward>Attack>MoveLeft>Attack>MoveForward>Lunge(2)>Attack>MoveRight>Attack>DashRight>Lunge(6)",0,29.000,9,16,14,6,3.460,1,0.000,False,9.919,7.668,1,180,3499998.000,875.600,0.000,3500873.000,491.059,233E281119EBE4C4,True,3,False,False,""
A3,A-v2-complex,0-baseline,공격형-무가중진단,0.000,0.000,0.000,1.8,1,01880BEA0D35E61C,7,1,"Attack>DashForward>Attack>MoveLeft>Attack>MoveForward>Lunge(2)>Attack>MoveRight>Attack>Retreat>Attack",0,29.000,9,16,14,6,3.663,2,0.000,False,10.327,6.215,1,180,3499998.000,875.600,0.000,3500873.000,482.967,A0CA6604C4776456,True,1,True,False,"Beam 1위와 관측축 추천 일치"
A3,A-v2-complex,0-baseline,공격형-무가중진단,0.000,0.000,0.000,1.8,1,01880BEA0D35E61C,7,2,"Attack>DashForward>Attack>MoveLeft>Attack>MoveForward>Lunge(2)>Attack>MoveRight>Attack>DashBackward>Lunge(6)",0,29.000,9,16,14,6,3.481,2,0.000,False,9.961,7.922,1,180,3499998.000,875.600,0.000,3500873.000,482.967,B3AA95B991B533C7,True,2,False,False,""
A3,A-v2-complex,0-baseline,공격형-무가중진단,0.000,0.000,0.000,1.8,1,01880BEA0D35E61C,7,3,"Attack>DashForward>Attack>MoveLeft>Attack>MoveForward>Lunge(2)>Attack>MoveRight>Attack>DashRight>Lunge(6)",0,29.000,9,16,14,6,3.460,1,0.000,False,9.919,7.668,1,180,3499998.000,875.600,0.000,3500873.000,482.967,233E281119EBE4C4,True,3,False,False,""
A3,A-v2-complex,0-baseline,공격형-무가중진단,0.000,0.000,0.000,1.8,1,01880BEA0D35E61C,8,1,"Attack>DashForward>Attack>MoveLeft>Attack>MoveForward>Lunge(2)>Attack>MoveRight>Attack>Retreat>Attack",0,29.000,9,16,14,6,3.663,2,0.000,False,10.327,6.215,1,180,3499998.000,875.600,0.000,3500873.000,487.515,A0CA6604C4776456,True,1,True,False,"Beam 1위와 관측축 추천 일치"
A3,A-v2-complex,0-baseline,공격형-무가중진단,0.000,0.000,0.000,1.8,1,01880BEA0D35E61C,8,2,"Attack>DashForward>Attack>MoveLeft>Attack>MoveForward>Lunge(2)>Attack>MoveRight>Attack>DashBackward>Lunge(6)",0,29.000,9,16,14,6,3.481,2,0.000,False,9.961,7.922,1,180,3499998.000,875.600,0.000,3500873.000,487.515,B3AA95B991B533C7,True,2,False,False,""
A3,A-v2-complex,0-baseline,공격형-무가중진단,0.000,0.000,0.000,1.8,1,01880BEA0D35E61C,8,3,"Attack>DashForward>Attack>MoveLeft>Attack>MoveForward>Lunge(2)>Attack>MoveRight>Attack>DashRight>Lunge(6)",0,29.000,9,16,14,6,3.460,1,0.000,False,9.919,7.668,1,180,3499998.000,875.600,0.000,3500873.000,487.515,233E281119EBE4C4,True,3,False,False,""
A3,A-v2-complex,0-baseline,공격형-무가중진단,0.000,0.000,0.000,1.8,1,01880BEA0D35E61C,9,1,"Attack>DashForward>Attack>MoveLeft>Attack>MoveForward>Lunge(2)>Attack>MoveRight>Attack>Retreat>Attack",0,29.000,9,16,14,6,3.663,2,0.000,False,10.327,6.215,1,180,3499998.000,875.600,0.000,3500873.000,500.030,A0CA6604C4776456,True,1,True,False,"Beam 1위와 관측축 추천 일치"
A3,A-v2-complex,0-baseline,공격형-무가중진단,0.000,0.000,0.000,1.8,1,01880BEA0D35E61C,9,2,"Attack>DashForward>Attack>MoveLeft>Attack>MoveForward>Lunge(2)>Attack>MoveRight>Attack>DashBackward>Lunge(6)",0,29.000,9,16,14,6,3.481,2,0.000,False,9.961,7.922,1,180,3499998.000,875.600,0.000,3500873.000,500.030,B3AA95B991B533C7,True,2,False,False,""
A3,A-v2-complex,0-baseline,공격형-무가중진단,0.000,0.000,0.000,1.8,1,01880BEA0D35E61C,9,3,"Attack>DashForward>Attack>MoveLeft>Attack>MoveForward>Lunge(2)>Attack>MoveRight>Attack>DashRight>Lunge(6)",0,29.000,9,16,14,6,3.460,1,0.000,False,9.919,7.668,1,180,3499998.000,875.600,0.000,3500873.000,500.030,233E281119EBE4C4,True,3,False,False,""
A3,A-v2-complex,0-baseline,공격형-무가중진단,0.000,0.000,0.000,1.8,1,01880BEA0D35E61C,10,1,"Attack>DashForward>Attack>MoveLeft>Attack>MoveForward>Lunge(2)>Attack>MoveRight>Attack>Retreat>Attack",0,29.000,9,16,14,6,3.663,2,0.000,False,10.327,6.215,1,180,3499998.000,875.600,0.000,3500873.000,468.705,A0CA6604C4776456,True,1,True,False,"Beam 1위와 관측축 추천 일치"
A3,A-v2-complex,0-baseline,공격형-무가중진단,0.000,0.000,0.000,1.8,1,01880BEA0D35E61C,10,2,"Attack>DashForward>Attack>MoveLeft>Attack>MoveForward>Lunge(2)>Attack>MoveRight>Attack>DashBackward>Lunge(6)",0,29.000,9,16,14,6,3.481,2,0.000,False,9.961,7.922,1,180,3499998.000,875.600,0.000,3500873.000,468.705,B3AA95B991B533C7,True,2,False,False,""
A3,A-v2-complex,0-baseline,공격형-무가중진단,0.000,0.000,0.000,1.8,1,01880BEA0D35E61C,10,3,"Attack>DashForward>Attack>MoveLeft>Attack>MoveForward>Lunge(2)>Attack>MoveRight>Attack>DashRight>Lunge(6)",0,29.000,9,16,14,6,3.460,1,0.000,False,9.919,7.668,1,180,3499998.000,875.600,0.000,3500873.000,468.705,233E281119EBE4C4,True,3,False,False,""
A4,A-v2-complex,0-baseline,공격형-무가중진단,0.000,0.000,0.000,1.8,1,62F6E9F8D1F2129D,1,1,"Attack>DashForward>Attack>MoveLeft>Attack>DashForward>LungeStrike(17)>DashLeft>Lunge(9)>Attack>MoveLeft>Attack",1,29.000,9,17,18,9,3.476,3,0.000,False,2.952,9.355,3,180,3499967.000,893.200,0.000,3500860.000,796.614,EE9534D8EAD61921,True,3,False,True,""
A4,A-v2-complex,0-baseline,공격형-무가중진단,0.000,0.000,0.000,1.8,1,62F6E9F8D1F2129D,1,2,"Attack>DashForward>Attack>MoveLeft>Attack>DashForward>LungeStrike(17)>DashLeft>Lunge(9)>Attack>MoveLeft>Lunge(10)",1,29.000,9,17,18,9,3.440,3,0.000,True,10.880,10.087,3,180,3499967.000,893.200,0.000,3500860.000,796.614,84AF7D16C319FC53,True,2,False,True,""
A4,A-v2-complex,0-baseline,공격형-무가중진단,0.000,0.000,0.000,1.8,1,62F6E9F8D1F2129D,1,3,"Attack>DashForward>Attack>MoveLeft>Attack>DashForward>LungeStrike(17)>DashLeft>Lunge(9)>Attack>DashBackward>Lunge(10)",1,29.000,9,17,18,9,5.410,0,0.000,True,21.819,10.805,3,180,3499949.000,893.200,0.000,3500843.000,796.614,FB646DB73DF7B674,True,1,True,True,"종료 즉시 행동 가능"
A4,A-v2-complex,0-baseline,공격형-무가중진단,0.000,0.000,0.000,1.8,1,62F6E9F8D1F2129D,2,1,"Attack>DashForward>Attack>MoveLeft>Attack>DashForward>LungeStrike(17)>DashLeft>Lunge(9)>Attack>MoveLeft>Attack",1,29.000,9,17,18,9,3.476,3,0.000,False,2.952,9.355,3,180,3499967.000,893.200,0.000,3500860.000,816.871,EE9534D8EAD61921,True,3,False,True,""
A4,A-v2-complex,0-baseline,공격형-무가중진단,0.000,0.000,0.000,1.8,1,62F6E9F8D1F2129D,2,2,"Attack>DashForward>Attack>MoveLeft>Attack>DashForward>LungeStrike(17)>DashLeft>Lunge(9)>Attack>MoveLeft>Lunge(10)",1,29.000,9,17,18,9,3.440,3,0.000,True,10.880,10.087,3,180,3499967.000,893.200,0.000,3500860.000,816.871,84AF7D16C319FC53,True,2,False,True,""
A4,A-v2-complex,0-baseline,공격형-무가중진단,0.000,0.000,0.000,1.8,1,62F6E9F8D1F2129D,2,3,"Attack>DashForward>Attack>MoveLeft>Attack>DashForward>LungeStrike(17)>DashLeft>Lunge(9)>Attack>DashBackward>Lunge(10)",1,29.000,9,17,18,9,5.410,0,0.000,True,21.819,10.805,3,180,3499949.000,893.200,0.000,3500843.000,816.871,FB646DB73DF7B674,True,1,True,True,"종료 즉시 행동 가능"
A4,A-v2-complex,0-baseline,공격형-무가중진단,0.000,0.000,0.000,1.8,1,62F6E9F8D1F2129D,3,1,"Attack>DashForward>Attack>MoveLeft>Attack>DashForward>LungeStrike(17)>DashLeft>Lunge(9)>Attack>MoveLeft>Attack",1,29.000,9,17,18,9,3.476,3,0.000,False,2.952,9.355,3,180,3499967.000,893.200,0.000,3500860.000,741.230,EE9534D8EAD61921,True,3,False,True,""
A4,A-v2-complex,0-baseline,공격형-무가중진단,0.000,0.000,0.000,1.8,1,62F6E9F8D1F2129D,3,2,"Attack>DashForward>Attack>MoveLeft>Attack>DashForward>LungeStrike(17)>DashLeft>Lunge(9)>Attack>MoveLeft>Lunge(10)",1,29.000,9,17,18,9,3.440,3,0.000,True,10.880,10.087,3,180,3499967.000,893.200,0.000,3500860.000,741.230,84AF7D16C319FC53,True,2,False,True,""
A4,A-v2-complex,0-baseline,공격형-무가중진단,0.000,0.000,0.000,1.8,1,62F6E9F8D1F2129D,3,3,"Attack>DashForward>Attack>MoveLeft>Attack>DashForward>LungeStrike(17)>DashLeft>Lunge(9)>Attack>DashBackward>Lunge(10)",1,29.000,9,17,18,9,5.410,0,0.000,True,21.819,10.805,3,180,3499949.000,893.200,0.000,3500843.000,741.230,FB646DB73DF7B674,True,1,True,True,"종료 즉시 행동 가능"
A4,A-v2-complex,0-baseline,공격형-무가중진단,0.000,0.000,0.000,1.8,1,62F6E9F8D1F2129D,4,1,"Attack>DashForward>Attack>MoveLeft>Attack>DashForward>LungeStrike(17)>DashLeft>Lunge(9)>Attack>MoveLeft>Attack",1,29.000,9,17,18,9,3.476,3,0.000,False,2.952,9.355,3,180,3499967.000,893.200,0.000,3500860.000,772.445,EE9534D8EAD61921,True,3,False,True,""
A4,A-v2-complex,0-baseline,공격형-무가중진단,0.000,0.000,0.000,1.8,1,62F6E9F8D1F2129D,4,2,"Attack>DashForward>Attack>MoveLeft>Attack>DashForward>LungeStrike(17)>DashLeft>Lunge(9)>Attack>MoveLeft>Lunge(10)",1,29.000,9,17,18,9,3.440,3,0.000,True,10.880,10.087,3,180,3499967.000,893.200,0.000,3500860.000,772.445,84AF7D16C319FC53,True,2,False,True,""
A4,A-v2-complex,0-baseline,공격형-무가중진단,0.000,0.000,0.000,1.8,1,62F6E9F8D1F2129D,4,3,"Attack>DashForward>Attack>MoveLeft>Attack>DashForward>LungeStrike(17)>DashLeft>Lunge(9)>Attack>DashBackward>Lunge(10)",1,29.000,9,17,18,9,5.410,0,0.000,True,21.819,10.805,3,180,3499949.000,893.200,0.000,3500843.000,772.445,FB646DB73DF7B674,True,1,True,True,"종료 즉시 행동 가능"
A4,A-v2-complex,0-baseline,공격형-무가중진단,0.000,0.000,0.000,1.8,1,62F6E9F8D1F2129D,5,1,"Attack>DashForward>Attack>MoveLeft>Attack>DashForward>LungeStrike(17)>DashLeft>Lunge(9)>Attack>MoveLeft>Attack",1,29.000,9,17,18,9,3.476,3,0.000,False,2.952,9.355,3,180,3499967.000,893.200,0.000,3500860.000,775.413,EE9534D8EAD61921,True,3,False,True,""
A4,A-v2-complex,0-baseline,공격형-무가중진단,0.000,0.000,0.000,1.8,1,62F6E9F8D1F2129D,5,2,"Attack>DashForward>Attack>MoveLeft>Attack>DashForward>LungeStrike(17)>DashLeft>Lunge(9)>Attack>MoveLeft>Lunge(10)",1,29.000,9,17,18,9,3.440,3,0.000,True,10.880,10.087,3,180,3499967.000,893.200,0.000,3500860.000,775.413,84AF7D16C319FC53,True,2,False,True,""
A4,A-v2-complex,0-baseline,공격형-무가중진단,0.000,0.000,0.000,1.8,1,62F6E9F8D1F2129D,5,3,"Attack>DashForward>Attack>MoveLeft>Attack>DashForward>LungeStrike(17)>DashLeft>Lunge(9)>Attack>DashBackward>Lunge(10)",1,29.000,9,17,18,9,5.410,0,0.000,True,21.819,10.805,3,180,3499949.000,893.200,0.000,3500843.000,775.413,FB646DB73DF7B674,True,1,True,True,"종료 즉시 행동 가능"
A4,A-v2-complex,0-baseline,공격형-무가중진단,0.000,0.000,0.000,1.8,1,62F6E9F8D1F2129D,6,1,"Attack>DashForward>Attack>MoveLeft>Attack>DashForward>LungeStrike(17)>DashLeft>Lunge(9)>Attack>MoveLeft>Attack",1,29.000,9,17,18,9,3.476,3,0.000,False,2.952,9.355,3,180,3499967.000,893.200,0.000,3500860.000,827.184,EE9534D8EAD61921,True,3,False,True,""
A4,A-v2-complex,0-baseline,공격형-무가중진단,0.000,0.000,0.000,1.8,1,62F6E9F8D1F2129D,6,2,"Attack>DashForward>Attack>MoveLeft>Attack>DashForward>LungeStrike(17)>DashLeft>Lunge(9)>Attack>MoveLeft>Lunge(10)",1,29.000,9,17,18,9,3.440,3,0.000,True,10.880,10.087,3,180,3499967.000,893.200,0.000,3500860.000,827.184,84AF7D16C319FC53,True,2,False,True,""
A4,A-v2-complex,0-baseline,공격형-무가중진단,0.000,0.000,0.000,1.8,1,62F6E9F8D1F2129D,6,3,"Attack>DashForward>Attack>MoveLeft>Attack>DashForward>LungeStrike(17)>DashLeft>Lunge(9)>Attack>DashBackward>Lunge(10)",1,29.000,9,17,18,9,5.410,0,0.000,True,21.819,10.805,3,180,3499949.000,893.200,0.000,3500843.000,827.184,FB646DB73DF7B674,True,1,True,True,"종료 즉시 행동 가능"
A4,A-v2-complex,0-baseline,공격형-무가중진단,0.000,0.000,0.000,1.8,1,62F6E9F8D1F2129D,7,1,"Attack>DashForward>Attack>MoveLeft>Attack>DashForward>LungeStrike(17)>DashLeft>Lunge(9)>Attack>MoveLeft>Attack",1,29.000,9,17,18,9,3.476,3,0.000,False,2.952,9.355,3,180,3499967.000,893.200,0.000,3500860.000,758.979,EE9534D8EAD61921,True,3,False,True,""
A4,A-v2-complex,0-baseline,공격형-무가중진단,0.000,0.000,0.000,1.8,1,62F6E9F8D1F2129D,7,2,"Attack>DashForward>Attack>MoveLeft>Attack>DashForward>LungeStrike(17)>DashLeft>Lunge(9)>Attack>MoveLeft>Lunge(10)",1,29.000,9,17,18,9,3.440,3,0.000,True,10.880,10.087,3,180,3499967.000,893.200,0.000,3500860.000,758.979,84AF7D16C319FC53,True,2,False,True,""
A4,A-v2-complex,0-baseline,공격형-무가중진단,0.000,0.000,0.000,1.8,1,62F6E9F8D1F2129D,7,3,"Attack>DashForward>Attack>MoveLeft>Attack>DashForward>LungeStrike(17)>DashLeft>Lunge(9)>Attack>DashBackward>Lunge(10)",1,29.000,9,17,18,9,5.410,0,0.000,True,21.819,10.805,3,180,3499949.000,893.200,0.000,3500843.000,758.979,FB646DB73DF7B674,True,1,True,True,"종료 즉시 행동 가능"
A4,A-v2-complex,0-baseline,공격형-무가중진단,0.000,0.000,0.000,1.8,1,62F6E9F8D1F2129D,8,1,"Attack>DashForward>Attack>MoveLeft>Attack>DashForward>LungeStrike(17)>DashLeft>Lunge(9)>Attack>MoveLeft>Attack",1,29.000,9,17,18,9,3.476,3,0.000,False,2.952,9.355,3,180,3499967.000,893.200,0.000,3500860.000,784.917,EE9534D8EAD61921,True,3,False,True,""
A4,A-v2-complex,0-baseline,공격형-무가중진단,0.000,0.000,0.000,1.8,1,62F6E9F8D1F2129D,8,2,"Attack>DashForward>Attack>MoveLeft>Attack>DashForward>LungeStrike(17)>DashLeft>Lunge(9)>Attack>MoveLeft>Lunge(10)",1,29.000,9,17,18,9,3.440,3,0.000,True,10.880,10.087,3,180,3499967.000,893.200,0.000,3500860.000,784.917,84AF7D16C319FC53,True,2,False,True,""
A4,A-v2-complex,0-baseline,공격형-무가중진단,0.000,0.000,0.000,1.8,1,62F6E9F8D1F2129D,8,3,"Attack>DashForward>Attack>MoveLeft>Attack>DashForward>LungeStrike(17)>DashLeft>Lunge(9)>Attack>DashBackward>Lunge(10)",1,29.000,9,17,18,9,5.410,0,0.000,True,21.819,10.805,3,180,3499949.000,893.200,0.000,3500843.000,784.917,FB646DB73DF7B674,True,1,True,True,"종료 즉시 행동 가능"
A4,A-v2-complex,0-baseline,공격형-무가중진단,0.000,0.000,0.000,1.8,1,62F6E9F8D1F2129D,9,1,"Attack>DashForward>Attack>MoveLeft>Attack>DashForward>LungeStrike(17)>DashLeft>Lunge(9)>Attack>MoveLeft>Attack",1,29.000,9,17,18,9,3.476,3,0.000,False,2.952,9.355,3,180,3499967.000,893.200,0.000,3500860.000,829.106,EE9534D8EAD61921,True,3,False,True,""
A4,A-v2-complex,0-baseline,공격형-무가중진단,0.000,0.000,0.000,1.8,1,62F6E9F8D1F2129D,9,2,"Attack>DashForward>Attack>MoveLeft>Attack>DashForward>LungeStrike(17)>DashLeft>Lunge(9)>Attack>MoveLeft>Lunge(10)",1,29.000,9,17,18,9,3.440,3,0.000,True,10.880,10.087,3,180,3499967.000,893.200,0.000,3500860.000,829.106,84AF7D16C319FC53,True,2,False,True,""
A4,A-v2-complex,0-baseline,공격형-무가중진단,0.000,0.000,0.000,1.8,1,62F6E9F8D1F2129D,9,3,"Attack>DashForward>Attack>MoveLeft>Attack>DashForward>LungeStrike(17)>DashLeft>Lunge(9)>Attack>DashBackward>Lunge(10)",1,29.000,9,17,18,9,5.410,0,0.000,True,21.819,10.805,3,180,3499949.000,893.200,0.000,3500843.000,829.106,FB646DB73DF7B674,True,1,True,True,"종료 즉시 행동 가능"
A4,A-v2-complex,0-baseline,공격형-무가중진단,0.000,0.000,0.000,1.8,1,62F6E9F8D1F2129D,10,1,"Attack>DashForward>Attack>MoveLeft>Attack>DashForward>LungeStrike(17)>DashLeft>Lunge(9)>Attack>MoveLeft>Attack",1,29.000,9,17,18,9,3.476,3,0.000,False,2.952,9.355,3,180,3499967.000,893.200,0.000,3500860.000,794.817,EE9534D8EAD61921,True,3,False,True,""
A4,A-v2-complex,0-baseline,공격형-무가중진단,0.000,0.000,0.000,1.8,1,62F6E9F8D1F2129D,10,2,"Attack>DashForward>Attack>MoveLeft>Attack>DashForward>LungeStrike(17)>DashLeft>Lunge(9)>Attack>MoveLeft>Lunge(10)",1,29.000,9,17,18,9,3.440,3,0.000,True,10.880,10.087,3,180,3499967.000,893.200,0.000,3500860.000,794.817,84AF7D16C319FC53,True,2,False,True,""
A4,A-v2-complex,0-baseline,공격형-무가중진단,0.000,0.000,0.000,1.8,1,62F6E9F8D1F2129D,10,3,"Attack>DashForward>Attack>MoveLeft>Attack>DashForward>LungeStrike(17)>DashLeft>Lunge(9)>Attack>DashBackward>Lunge(10)",1,29.000,9,17,18,9,5.410,0,0.000,True,21.819,10.805,3,180,3499949.000,893.200,0.000,3500843.000,794.817,FB646DB73DF7B674,True,1,True,True,"종료 즉시 행동 가능"
A1,A-v2-complex,1-target,공격형-1타깃,0.100,0.000,0.000,1.8,1,50DEB425210D7347,1,1,"Lunge(0)>Attack>DashForward>Lunge(7)>Attack>DashBackward>Lunge(3)>Attack>MoveRight>Attack>DashForward>Attack",0,34.000,8,20,16,8,1.211,7,0.000,False,-29.577,9.427,0,180,3499998.000,883.400,0.000,3500882.000,798.687,174E838DC2F18B2B,True,1,True,False,"Beam 1위와 관측축 추천 일치"
A1,A-v2-complex,1-target,공격형-1타깃,0.100,0.000,0.000,1.8,1,50DEB425210D7347,1,2,"Lunge(0)>Attack>DashForward>Lunge(7)>Attack>DashBackward>Lunge(3)>Attack>MoveRight>Attack>DashLeft>Attack",0,34.000,7,21,16,9,2.186,5,0.000,False,-13.628,9.427,0,180,3500000.000,835.000,0.000,3500835.000,798.687,0E0BAA0CC0A1ACC0,True,2,False,False,""
A1,A-v2-complex,1-target,공격형-1타깃,0.100,0.000,0.000,1.8,1,50DEB425210D7347,1,3,"Lunge(0)>Attack>DashForward>Lunge(7)>Attack>DashBackward>Lunge(3)>Attack>MoveRight>Attack>MoveForward>Attack",0,34.000,7,21,16,9,1.271,8,0.000,False,-36.458,8.677,0,180,3499998.000,835.000,0.000,3500833.000,798.687,1456CDCDEF8C4CBA,True,3,False,False,""
A1,A-v2-complex,1-target,공격형-1타깃,0.100,0.000,0.000,1.8,1,50DEB425210D7347,2,1,"Lunge(0)>Attack>DashForward>Lunge(7)>Attack>DashBackward>Lunge(3)>Attack>MoveRight>Attack>DashForward>Attack",0,34.000,8,20,16,8,1.211,7,0.000,False,-29.577,9.427,0,180,3499998.000,883.400,0.000,3500882.000,839.734,174E838DC2F18B2B,True,1,True,False,"Beam 1위와 관측축 추천 일치"
A1,A-v2-complex,1-target,공격형-1타깃,0.100,0.000,0.000,1.8,1,50DEB425210D7347,2,2,"Lunge(0)>Attack>DashForward>Lunge(7)>Attack>DashBackward>Lunge(3)>Attack>MoveRight>Attack>DashLeft>Attack",0,34.000,7,21,16,9,2.186,5,0.000,False,-13.628,9.427,0,180,3500000.000,835.000,0.000,3500835.000,839.734,0E0BAA0CC0A1ACC0,True,2,False,False,""
A1,A-v2-complex,1-target,공격형-1타깃,0.100,0.000,0.000,1.8,1,50DEB425210D7347,2,3,"Lunge(0)>Attack>DashForward>Lunge(7)>Attack>DashBackward>Lunge(3)>Attack>MoveRight>Attack>MoveForward>Attack",0,34.000,7,21,16,9,1.271,8,0.000,False,-36.458,8.677,0,180,3499998.000,835.000,0.000,3500833.000,839.734,1456CDCDEF8C4CBA,True,3,False,False,""
A1,A-v2-complex,1-target,공격형-1타깃,0.100,0.000,0.000,1.8,1,50DEB425210D7347,3,1,"Lunge(0)>Attack>DashForward>Lunge(7)>Attack>DashBackward>Lunge(3)>Attack>MoveRight>Attack>DashForward>Attack",0,34.000,8,20,16,8,1.211,7,0.000,False,-29.577,9.427,0,180,3499998.000,883.400,0.000,3500882.000,801.939,174E838DC2F18B2B,True,1,True,False,"Beam 1위와 관측축 추천 일치"
A1,A-v2-complex,1-target,공격형-1타깃,0.100,0.000,0.000,1.8,1,50DEB425210D7347,3,2,"Lunge(0)>Attack>DashForward>Lunge(7)>Attack>DashBackward>Lunge(3)>Attack>MoveRight>Attack>DashLeft>Attack",0,34.000,7,21,16,9,2.186,5,0.000,False,-13.628,9.427,0,180,3500000.000,835.000,0.000,3500835.000,801.939,0E0BAA0CC0A1ACC0,True,2,False,False,""
A1,A-v2-complex,1-target,공격형-1타깃,0.100,0.000,0.000,1.8,1,50DEB425210D7347,3,3,"Lunge(0)>Attack>DashForward>Lunge(7)>Attack>DashBackward>Lunge(3)>Attack>MoveRight>Attack>MoveForward>Attack",0,34.000,7,21,16,9,1.271,8,0.000,False,-36.458,8.677,0,180,3499998.000,835.000,0.000,3500833.000,801.939,1456CDCDEF8C4CBA,True,3,False,False,""
A1,A-v2-complex,1-target,공격형-1타깃,0.100,0.000,0.000,1.8,1,50DEB425210D7347,4,1,"Lunge(0)>Attack>DashForward>Lunge(7)>Attack>DashBackward>Lunge(3)>Attack>MoveRight>Attack>DashForward>Attack",0,34.000,8,20,16,8,1.211,7,0.000,False,-29.577,9.427,0,180,3499998.000,883.400,0.000,3500882.000,818.744,174E838DC2F18B2B,True,1,True,False,"Beam 1위와 관측축 추천 일치"
A1,A-v2-complex,1-target,공격형-1타깃,0.100,0.000,0.000,1.8,1,50DEB425210D7347,4,2,"Lunge(0)>Attack>DashForward>Lunge(7)>Attack>DashBackward>Lunge(3)>Attack>MoveRight>Attack>DashLeft>Attack",0,34.000,7,21,16,9,2.186,5,0.000,False,-13.628,9.427,0,180,3500000.000,835.000,0.000,3500835.000,818.744,0E0BAA0CC0A1ACC0,True,2,False,False,""
A1,A-v2-complex,1-target,공격형-1타깃,0.100,0.000,0.000,1.8,1,50DEB425210D7347,4,3,"Lunge(0)>Attack>DashForward>Lunge(7)>Attack>DashBackward>Lunge(3)>Attack>MoveRight>Attack>MoveForward>Attack",0,34.000,7,21,16,9,1.271,8,0.000,False,-36.458,8.677,0,180,3499998.000,835.000,0.000,3500833.000,818.744,1456CDCDEF8C4CBA,True,3,False,False,""
A1,A-v2-complex,1-target,공격형-1타깃,0.100,0.000,0.000,1.8,1,50DEB425210D7347,5,1,"Lunge(0)>Attack>DashForward>Lunge(7)>Attack>DashBackward>Lunge(3)>Attack>MoveRight>Attack>DashForward>Attack",0,34.000,8,20,16,8,1.211,7,0.000,False,-29.577,9.427,0,180,3499998.000,883.400,0.000,3500882.000,809.812,174E838DC2F18B2B,True,1,True,False,"Beam 1위와 관측축 추천 일치"
A1,A-v2-complex,1-target,공격형-1타깃,0.100,0.000,0.000,1.8,1,50DEB425210D7347,5,2,"Lunge(0)>Attack>DashForward>Lunge(7)>Attack>DashBackward>Lunge(3)>Attack>MoveRight>Attack>DashLeft>Attack",0,34.000,7,21,16,9,2.186,5,0.000,False,-13.628,9.427,0,180,3500000.000,835.000,0.000,3500835.000,809.812,0E0BAA0CC0A1ACC0,True,2,False,False,""
A1,A-v2-complex,1-target,공격형-1타깃,0.100,0.000,0.000,1.8,1,50DEB425210D7347,5,3,"Lunge(0)>Attack>DashForward>Lunge(7)>Attack>DashBackward>Lunge(3)>Attack>MoveRight>Attack>MoveForward>Attack",0,34.000,7,21,16,9,1.271,8,0.000,False,-36.458,8.677,0,180,3499998.000,835.000,0.000,3500833.000,809.812,1456CDCDEF8C4CBA,True,3,False,False,""
A1,A-v2-complex,1-target,공격형-1타깃,0.100,0.000,0.000,1.8,1,50DEB425210D7347,6,1,"Lunge(0)>Attack>DashForward>Lunge(7)>Attack>DashBackward>Lunge(3)>Attack>MoveRight>Attack>DashForward>Attack",0,34.000,8,20,16,8,1.211,7,0.000,False,-29.577,9.427,0,180,3499998.000,883.400,0.000,3500882.000,834.421,174E838DC2F18B2B,True,1,True,False,"Beam 1위와 관측축 추천 일치"
A1,A-v2-complex,1-target,공격형-1타깃,0.100,0.000,0.000,1.8,1,50DEB425210D7347,6,2,"Lunge(0)>Attack>DashForward>Lunge(7)>Attack>DashBackward>Lunge(3)>Attack>MoveRight>Attack>DashLeft>Attack",0,34.000,7,21,16,9,2.186,5,0.000,False,-13.628,9.427,0,180,3500000.000,835.000,0.000,3500835.000,834.421,0E0BAA0CC0A1ACC0,True,2,False,False,""
A1,A-v2-complex,1-target,공격형-1타깃,0.100,0.000,0.000,1.8,1,50DEB425210D7347,6,3,"Lunge(0)>Attack>DashForward>Lunge(7)>Attack>DashBackward>Lunge(3)>Attack>MoveRight>Attack>MoveForward>Attack",0,34.000,7,21,16,9,1.271,8,0.000,False,-36.458,8.677,0,180,3499998.000,835.000,0.000,3500833.000,834.421,1456CDCDEF8C4CBA,True,3,False,False,""
A1,A-v2-complex,1-target,공격형-1타깃,0.100,0.000,0.000,1.8,1,50DEB425210D7347,7,1,"Lunge(0)>Attack>DashForward>Lunge(7)>Attack>DashBackward>Lunge(3)>Attack>MoveRight>Attack>DashForward>Attack",0,34.000,8,20,16,8,1.211,7,0.000,False,-29.577,9.427,0,180,3499998.000,883.400,0.000,3500882.000,789.855,174E838DC2F18B2B,True,1,True,False,"Beam 1위와 관측축 추천 일치"
A1,A-v2-complex,1-target,공격형-1타깃,0.100,0.000,0.000,1.8,1,50DEB425210D7347,7,2,"Lunge(0)>Attack>DashForward>Lunge(7)>Attack>DashBackward>Lunge(3)>Attack>MoveRight>Attack>DashLeft>Attack",0,34.000,7,21,16,9,2.186,5,0.000,False,-13.628,9.427,0,180,3500000.000,835.000,0.000,3500835.000,789.855,0E0BAA0CC0A1ACC0,True,2,False,False,""
A1,A-v2-complex,1-target,공격형-1타깃,0.100,0.000,0.000,1.8,1,50DEB425210D7347,7,3,"Lunge(0)>Attack>DashForward>Lunge(7)>Attack>DashBackward>Lunge(3)>Attack>MoveRight>Attack>MoveForward>Attack",0,34.000,7,21,16,9,1.271,8,0.000,False,-36.458,8.677,0,180,3499998.000,835.000,0.000,3500833.000,789.855,1456CDCDEF8C4CBA,True,3,False,False,""
A1,A-v2-complex,1-target,공격형-1타깃,0.100,0.000,0.000,1.8,1,50DEB425210D7347,8,1,"Lunge(0)>Attack>DashForward>Lunge(7)>Attack>DashBackward>Lunge(3)>Attack>MoveRight>Attack>DashForward>Attack",0,34.000,8,20,16,8,1.211,7,0.000,False,-29.577,9.427,0,180,3499998.000,883.400,0.000,3500882.000,794.430,174E838DC2F18B2B,True,1,True,False,"Beam 1위와 관측축 추천 일치"
A1,A-v2-complex,1-target,공격형-1타깃,0.100,0.000,0.000,1.8,1,50DEB425210D7347,8,2,"Lunge(0)>Attack>DashForward>Lunge(7)>Attack>DashBackward>Lunge(3)>Attack>MoveRight>Attack>DashLeft>Attack",0,34.000,7,21,16,9,2.186,5,0.000,False,-13.628,9.427,0,180,3500000.000,835.000,0.000,3500835.000,794.430,0E0BAA0CC0A1ACC0,True,2,False,False,""
A1,A-v2-complex,1-target,공격형-1타깃,0.100,0.000,0.000,1.8,1,50DEB425210D7347,8,3,"Lunge(0)>Attack>DashForward>Lunge(7)>Attack>DashBackward>Lunge(3)>Attack>MoveRight>Attack>MoveForward>Attack",0,34.000,7,21,16,9,1.271,8,0.000,False,-36.458,8.677,0,180,3499998.000,835.000,0.000,3500833.000,794.430,1456CDCDEF8C4CBA,True,3,False,False,""
A1,A-v2-complex,1-target,공격형-1타깃,0.100,0.000,0.000,1.8,1,50DEB425210D7347,9,1,"Lunge(0)>Attack>DashForward>Lunge(7)>Attack>DashBackward>Lunge(3)>Attack>MoveRight>Attack>DashForward>Attack",0,34.000,8,20,16,8,1.211,7,0.000,False,-29.577,9.427,0,180,3499998.000,883.400,0.000,3500882.000,822.162,174E838DC2F18B2B,True,1,True,False,"Beam 1위와 관측축 추천 일치"
A1,A-v2-complex,1-target,공격형-1타깃,0.100,0.000,0.000,1.8,1,50DEB425210D7347,9,2,"Lunge(0)>Attack>DashForward>Lunge(7)>Attack>DashBackward>Lunge(3)>Attack>MoveRight>Attack>DashLeft>Attack",0,34.000,7,21,16,9,2.186,5,0.000,False,-13.628,9.427,0,180,3500000.000,835.000,0.000,3500835.000,822.162,0E0BAA0CC0A1ACC0,True,2,False,False,""
A1,A-v2-complex,1-target,공격형-1타깃,0.100,0.000,0.000,1.8,1,50DEB425210D7347,9,3,"Lunge(0)>Attack>DashForward>Lunge(7)>Attack>DashBackward>Lunge(3)>Attack>MoveRight>Attack>MoveForward>Attack",0,34.000,7,21,16,9,1.271,8,0.000,False,-36.458,8.677,0,180,3499998.000,835.000,0.000,3500833.000,822.162,1456CDCDEF8C4CBA,True,3,False,False,""
A1,A-v2-complex,1-target,공격형-1타깃,0.100,0.000,0.000,1.8,1,50DEB425210D7347,10,1,"Lunge(0)>Attack>DashForward>Lunge(7)>Attack>DashBackward>Lunge(3)>Attack>MoveRight>Attack>DashForward>Attack",0,34.000,8,20,16,8,1.211,7,0.000,False,-29.577,9.427,0,180,3499998.000,883.400,0.000,3500882.000,870.032,174E838DC2F18B2B,True,1,True,False,"Beam 1위와 관측축 추천 일치"
A1,A-v2-complex,1-target,공격형-1타깃,0.100,0.000,0.000,1.8,1,50DEB425210D7347,10,2,"Lunge(0)>Attack>DashForward>Lunge(7)>Attack>DashBackward>Lunge(3)>Attack>MoveRight>Attack>DashLeft>Attack",0,34.000,7,21,16,9,2.186,5,0.000,False,-13.628,9.427,0,180,3500000.000,835.000,0.000,3500835.000,870.032,0E0BAA0CC0A1ACC0,True,2,False,False,""
A1,A-v2-complex,1-target,공격형-1타깃,0.100,0.000,0.000,1.8,1,50DEB425210D7347,10,3,"Lunge(0)>Attack>DashForward>Lunge(7)>Attack>DashBackward>Lunge(3)>Attack>MoveRight>Attack>MoveForward>Attack",0,34.000,7,21,16,9,1.271,8,0.000,False,-36.458,8.677,0,180,3499998.000,835.000,0.000,3500833.000,870.032,1456CDCDEF8C4CBA,True,3,False,False,""
A2,A-v2-complex,1-target,공격형-1타깃,0.100,0.000,0.000,1.8,1,3F5F709DA48265EF,1,1,"LungeStrike(0)>DashRight>Lunge(5)>Attack>MoveLeft>Attack>Retreat>Attack>DashLeft>LungeStrike(3)>DashBackward>LungeStrike(2)",0,34.000,7,15,12,5,4.373,1,1.942,False,14.570,12.235,0,180,3500001.000,738.200,0.000,3500740.000,502.698,8595C84EEFCE8815,True,2,False,True,""
A2,A-v2-complex,1-target,공격형-1타깃,0.100,0.000,0.000,1.8,1,3F5F709DA48265EF,1,2,"LungeStrike(0)>DashRight>Lunge(5)>Attack>MoveLeft>Attack>Retreat>Attack>DashLeft>LungeStrike(3)>DashRight>LungeStrike(2)",0,34.000,7,15,12,5,3.744,2,1.942,False,13.313,12.219,0,180,3500001.000,738.200,0.000,3500740.000,502.698,443AD4995992E909,True,3,False,True,""
A2,A-v2-complex,1-target,공격형-1타깃,0.100,0.000,0.000,1.8,1,3F5F709DA48265EF,1,3,"LungeStrike(0)>DashRight>Lunge(5)>Attack>MoveLeft>Attack>MoveRight>Attack>Jump>LungeStrike(3)>DashForward>LungeStrike(1)",0,34.000,7,15,12,5,4.492,1,2.371,False,16.097,12.060,0,180,3500001.000,738.200,0.000,3500740.000,502.698,BD17176102D6F0C7,True,1,True,True,"종료 위치 품질 우세"
A2,A-v2-complex,1-target,공격형-1타깃,0.100,0.000,0.000,1.8,1,3F5F709DA48265EF,2,1,"LungeStrike(0)>DashRight>Lunge(5)>Attack>MoveLeft>Attack>Retreat>Attack>DashLeft>LungeStrike(3)>DashBackward>LungeStrike(2)",0,34.000,7,15,12,5,4.373,1,1.942,False,14.570,12.235,0,180,3500001.000,738.200,0.000,3500740.000,422.264,8595C84EEFCE8815,True,2,False,True,""
A2,A-v2-complex,1-target,공격형-1타깃,0.100,0.000,0.000,1.8,1,3F5F709DA48265EF,2,2,"LungeStrike(0)>DashRight>Lunge(5)>Attack>MoveLeft>Attack>Retreat>Attack>DashLeft>LungeStrike(3)>DashRight>LungeStrike(2)",0,34.000,7,15,12,5,3.744,2,1.942,False,13.313,12.219,0,180,3500001.000,738.200,0.000,3500740.000,422.264,443AD4995992E909,True,3,False,True,""
A2,A-v2-complex,1-target,공격형-1타깃,0.100,0.000,0.000,1.8,1,3F5F709DA48265EF,2,3,"LungeStrike(0)>DashRight>Lunge(5)>Attack>MoveLeft>Attack>MoveRight>Attack>Jump>LungeStrike(3)>DashForward>LungeStrike(1)",0,34.000,7,15,12,5,4.492,1,2.371,False,16.097,12.060,0,180,3500001.000,738.200,0.000,3500740.000,422.264,BD17176102D6F0C7,True,1,True,True,"종료 위치 품질 우세"
A2,A-v2-complex,1-target,공격형-1타깃,0.100,0.000,0.000,1.8,1,3F5F709DA48265EF,3,1,"LungeStrike(0)>DashRight>Lunge(5)>Attack>MoveLeft>Attack>Retreat>Attack>DashLeft>LungeStrike(3)>DashBackward>LungeStrike(2)",0,34.000,7,15,12,5,4.373,1,1.942,False,14.570,12.235,0,180,3500001.000,738.200,0.000,3500740.000,441.981,8595C84EEFCE8815,True,2,False,True,""
A2,A-v2-complex,1-target,공격형-1타깃,0.100,0.000,0.000,1.8,1,3F5F709DA48265EF,3,2,"LungeStrike(0)>DashRight>Lunge(5)>Attack>MoveLeft>Attack>Retreat>Attack>DashLeft>LungeStrike(3)>DashRight>LungeStrike(2)",0,34.000,7,15,12,5,3.744,2,1.942,False,13.313,12.219,0,180,3500001.000,738.200,0.000,3500740.000,441.981,443AD4995992E909,True,3,False,True,""
A2,A-v2-complex,1-target,공격형-1타깃,0.100,0.000,0.000,1.8,1,3F5F709DA48265EF,3,3,"LungeStrike(0)>DashRight>Lunge(5)>Attack>MoveLeft>Attack>MoveRight>Attack>Jump>LungeStrike(3)>DashForward>LungeStrike(1)",0,34.000,7,15,12,5,4.492,1,2.371,False,16.097,12.060,0,180,3500001.000,738.200,0.000,3500740.000,441.981,BD17176102D6F0C7,True,1,True,True,"종료 위치 품질 우세"
A2,A-v2-complex,1-target,공격형-1타깃,0.100,0.000,0.000,1.8,1,3F5F709DA48265EF,4,1,"LungeStrike(0)>DashRight>Lunge(5)>Attack>MoveLeft>Attack>Retreat>Attack>DashLeft>LungeStrike(3)>DashBackward>LungeStrike(2)",0,34.000,7,15,12,5,4.373,1,1.942,False,14.570,12.235,0,180,3500001.000,738.200,0.000,3500740.000,413.108,8595C84EEFCE8815,True,2,False,True,""
A2,A-v2-complex,1-target,공격형-1타깃,0.100,0.000,0.000,1.8,1,3F5F709DA48265EF,4,2,"LungeStrike(0)>DashRight>Lunge(5)>Attack>MoveLeft>Attack>Retreat>Attack>DashLeft>LungeStrike(3)>DashRight>LungeStrike(2)",0,34.000,7,15,12,5,3.744,2,1.942,False,13.313,12.219,0,180,3500001.000,738.200,0.000,3500740.000,413.108,443AD4995992E909,True,3,False,True,""
A2,A-v2-complex,1-target,공격형-1타깃,0.100,0.000,0.000,1.8,1,3F5F709DA48265EF,4,3,"LungeStrike(0)>DashRight>Lunge(5)>Attack>MoveLeft>Attack>MoveRight>Attack>Jump>LungeStrike(3)>DashForward>LungeStrike(1)",0,34.000,7,15,12,5,4.492,1,2.371,False,16.097,12.060,0,180,3500001.000,738.200,0.000,3500740.000,413.108,BD17176102D6F0C7,True,1,True,True,"종료 위치 품질 우세"
A2,A-v2-complex,1-target,공격형-1타깃,0.100,0.000,0.000,1.8,1,3F5F709DA48265EF,5,1,"LungeStrike(0)>DashRight>Lunge(5)>Attack>MoveLeft>Attack>Retreat>Attack>DashLeft>LungeStrike(3)>DashBackward>LungeStrike(2)",0,34.000,7,15,12,5,4.373,1,1.942,False,14.570,12.235,0,180,3500001.000,738.200,0.000,3500740.000,420.333,8595C84EEFCE8815,True,2,False,True,""
A2,A-v2-complex,1-target,공격형-1타깃,0.100,0.000,0.000,1.8,1,3F5F709DA48265EF,5,2,"LungeStrike(0)>DashRight>Lunge(5)>Attack>MoveLeft>Attack>Retreat>Attack>DashLeft>LungeStrike(3)>DashRight>LungeStrike(2)",0,34.000,7,15,12,5,3.744,2,1.942,False,13.313,12.219,0,180,3500001.000,738.200,0.000,3500740.000,420.333,443AD4995992E909,True,3,False,True,""
A2,A-v2-complex,1-target,공격형-1타깃,0.100,0.000,0.000,1.8,1,3F5F709DA48265EF,5,3,"LungeStrike(0)>DashRight>Lunge(5)>Attack>MoveLeft>Attack>MoveRight>Attack>Jump>LungeStrike(3)>DashForward>LungeStrike(1)",0,34.000,7,15,12,5,4.492,1,2.371,False,16.097,12.060,0,180,3500001.000,738.200,0.000,3500740.000,420.333,BD17176102D6F0C7,True,1,True,True,"종료 위치 품질 우세"
A2,A-v2-complex,1-target,공격형-1타깃,0.100,0.000,0.000,1.8,1,3F5F709DA48265EF,6,1,"LungeStrike(0)>DashRight>Lunge(5)>Attack>MoveLeft>Attack>Retreat>Attack>DashLeft>LungeStrike(3)>DashBackward>LungeStrike(2)",0,34.000,7,15,12,5,4.373,1,1.942,False,14.570,12.235,0,180,3500001.000,738.200,0.000,3500740.000,426.604,8595C84EEFCE8815,True,2,False,True,""
A2,A-v2-complex,1-target,공격형-1타깃,0.100,0.000,0.000,1.8,1,3F5F709DA48265EF,6,2,"LungeStrike(0)>DashRight>Lunge(5)>Attack>MoveLeft>Attack>Retreat>Attack>DashLeft>LungeStrike(3)>DashRight>LungeStrike(2)",0,34.000,7,15,12,5,3.744,2,1.942,False,13.313,12.219,0,180,3500001.000,738.200,0.000,3500740.000,426.604,443AD4995992E909,True,3,False,True,""
A2,A-v2-complex,1-target,공격형-1타깃,0.100,0.000,0.000,1.8,1,3F5F709DA48265EF,6,3,"LungeStrike(0)>DashRight>Lunge(5)>Attack>MoveLeft>Attack>MoveRight>Attack>Jump>LungeStrike(3)>DashForward>LungeStrike(1)",0,34.000,7,15,12,5,4.492,1,2.371,False,16.097,12.060,0,180,3500001.000,738.200,0.000,3500740.000,426.604,BD17176102D6F0C7,True,1,True,True,"종료 위치 품질 우세"
A2,A-v2-complex,1-target,공격형-1타깃,0.100,0.000,0.000,1.8,1,3F5F709DA48265EF,7,1,"LungeStrike(0)>DashRight>Lunge(5)>Attack>MoveLeft>Attack>Retreat>Attack>DashLeft>LungeStrike(3)>DashBackward>LungeStrike(2)",0,34.000,7,15,12,5,4.373,1,1.942,False,14.570,12.235,0,180,3500001.000,738.200,0.000,3500740.000,427.667,8595C84EEFCE8815,True,2,False,True,""
A2,A-v2-complex,1-target,공격형-1타깃,0.100,0.000,0.000,1.8,1,3F5F709DA48265EF,7,2,"LungeStrike(0)>DashRight>Lunge(5)>Attack>MoveLeft>Attack>Retreat>Attack>DashLeft>LungeStrike(3)>DashRight>LungeStrike(2)",0,34.000,7,15,12,5,3.744,2,1.942,False,13.313,12.219,0,180,3500001.000,738.200,0.000,3500740.000,427.667,443AD4995992E909,True,3,False,True,""
A2,A-v2-complex,1-target,공격형-1타깃,0.100,0.000,0.000,1.8,1,3F5F709DA48265EF,7,3,"LungeStrike(0)>DashRight>Lunge(5)>Attack>MoveLeft>Attack>MoveRight>Attack>Jump>LungeStrike(3)>DashForward>LungeStrike(1)",0,34.000,7,15,12,5,4.492,1,2.371,False,16.097,12.060,0,180,3500001.000,738.200,0.000,3500740.000,427.667,BD17176102D6F0C7,True,1,True,True,"종료 위치 품질 우세"
A2,A-v2-complex,1-target,공격형-1타깃,0.100,0.000,0.000,1.8,1,3F5F709DA48265EF,8,1,"LungeStrike(0)>DashRight>Lunge(5)>Attack>MoveLeft>Attack>Retreat>Attack>DashLeft>LungeStrike(3)>DashBackward>LungeStrike(2)",0,34.000,7,15,12,5,4.373,1,1.942,False,14.570,12.235,0,180,3500001.000,738.200,0.000,3500740.000,427.594,8595C84EEFCE8815,True,2,False,True,""
A2,A-v2-complex,1-target,공격형-1타깃,0.100,0.000,0.000,1.8,1,3F5F709DA48265EF,8,2,"LungeStrike(0)>DashRight>Lunge(5)>Attack>MoveLeft>Attack>Retreat>Attack>DashLeft>LungeStrike(3)>DashRight>LungeStrike(2)",0,34.000,7,15,12,5,3.744,2,1.942,False,13.313,12.219,0,180,3500001.000,738.200,0.000,3500740.000,427.594,443AD4995992E909,True,3,False,True,""
A2,A-v2-complex,1-target,공격형-1타깃,0.100,0.000,0.000,1.8,1,3F5F709DA48265EF,8,3,"LungeStrike(0)>DashRight>Lunge(5)>Attack>MoveLeft>Attack>MoveRight>Attack>Jump>LungeStrike(3)>DashForward>LungeStrike(1)",0,34.000,7,15,12,5,4.492,1,2.371,False,16.097,12.060,0,180,3500001.000,738.200,0.000,3500740.000,427.594,BD17176102D6F0C7,True,1,True,True,"종료 위치 품질 우세"
A2,A-v2-complex,1-target,공격형-1타깃,0.100,0.000,0.000,1.8,1,3F5F709DA48265EF,9,1,"LungeStrike(0)>DashRight>Lunge(5)>Attack>MoveLeft>Attack>Retreat>Attack>DashLeft>LungeStrike(3)>DashBackward>LungeStrike(2)",0,34.000,7,15,12,5,4.373,1,1.942,False,14.570,12.235,0,180,3500001.000,738.200,0.000,3500740.000,423.721,8595C84EEFCE8815,True,2,False,True,""
A2,A-v2-complex,1-target,공격형-1타깃,0.100,0.000,0.000,1.8,1,3F5F709DA48265EF,9,2,"LungeStrike(0)>DashRight>Lunge(5)>Attack>MoveLeft>Attack>Retreat>Attack>DashLeft>LungeStrike(3)>DashRight>LungeStrike(2)",0,34.000,7,15,12,5,3.744,2,1.942,False,13.313,12.219,0,180,3500001.000,738.200,0.000,3500740.000,423.721,443AD4995992E909,True,3,False,True,""
A2,A-v2-complex,1-target,공격형-1타깃,0.100,0.000,0.000,1.8,1,3F5F709DA48265EF,9,3,"LungeStrike(0)>DashRight>Lunge(5)>Attack>MoveLeft>Attack>MoveRight>Attack>Jump>LungeStrike(3)>DashForward>LungeStrike(1)",0,34.000,7,15,12,5,4.492,1,2.371,False,16.097,12.060,0,180,3500001.000,738.200,0.000,3500740.000,423.721,BD17176102D6F0C7,True,1,True,True,"종료 위치 품질 우세"
A2,A-v2-complex,1-target,공격형-1타깃,0.100,0.000,0.000,1.8,1,3F5F709DA48265EF,10,1,"LungeStrike(0)>DashRight>Lunge(5)>Attack>MoveLeft>Attack>Retreat>Attack>DashLeft>LungeStrike(3)>DashBackward>LungeStrike(2)",0,34.000,7,15,12,5,4.373,1,1.942,False,14.570,12.235,0,180,3500001.000,738.200,0.000,3500740.000,414.287,8595C84EEFCE8815,True,2,False,True,""
A2,A-v2-complex,1-target,공격형-1타깃,0.100,0.000,0.000,1.8,1,3F5F709DA48265EF,10,2,"LungeStrike(0)>DashRight>Lunge(5)>Attack>MoveLeft>Attack>Retreat>Attack>DashLeft>LungeStrike(3)>DashRight>LungeStrike(2)",0,34.000,7,15,12,5,3.744,2,1.942,False,13.313,12.219,0,180,3500001.000,738.200,0.000,3500740.000,414.287,443AD4995992E909,True,3,False,True,""
A2,A-v2-complex,1-target,공격형-1타깃,0.100,0.000,0.000,1.8,1,3F5F709DA48265EF,10,3,"LungeStrike(0)>DashRight>Lunge(5)>Attack>MoveLeft>Attack>MoveRight>Attack>Jump>LungeStrike(3)>DashForward>LungeStrike(1)",0,34.000,7,15,12,5,4.492,1,2.371,False,16.097,12.060,0,180,3500001.000,738.200,0.000,3500740.000,414.287,BD17176102D6F0C7,True,1,True,True,"종료 위치 품질 우세"
A3,A-v2-complex,1-target,공격형-1타깃,0.100,0.000,0.000,1.8,1,01880BEA0D35E61C,1,1,"Attack>DashForward>Attack>MoveLeft>Attack>MoveForward>Lunge(2)>Attack>MoveRight>Attack>Retreat>Attack",0,29.000,9,16,14,6,3.663,2,0.000,False,10.327,6.215,1,180,3499998.000,878.500,0.000,3500876.000,475.608,A0CA6604C4776456,True,1,True,False,"Beam 1위와 관측축 추천 일치"
A3,A-v2-complex,1-target,공격형-1타깃,0.100,0.000,0.000,1.8,1,01880BEA0D35E61C,1,2,"Attack>DashForward>Attack>MoveLeft>Attack>MoveForward>Lunge(2)>Attack>MoveRight>Attack>DashBackward>Lunge(6)",0,29.000,9,16,14,6,3.481,2,0.000,False,9.961,7.922,1,180,3499998.000,878.500,0.000,3500876.000,475.608,B3AA95B991B533C7,True,2,False,False,""
A3,A-v2-complex,1-target,공격형-1타깃,0.100,0.000,0.000,1.8,1,01880BEA0D35E61C,1,3,"Attack>DashForward>Attack>MoveLeft>Attack>MoveForward>Lunge(2)>Attack>MoveRight>Attack>DashRight>Lunge(6)",0,29.000,9,16,14,6,3.460,1,0.000,False,9.919,7.668,1,180,3499998.000,878.500,0.000,3500876.000,475.608,233E281119EBE4C4,True,3,False,False,""
A3,A-v2-complex,1-target,공격형-1타깃,0.100,0.000,0.000,1.8,1,01880BEA0D35E61C,2,1,"Attack>DashForward>Attack>MoveLeft>Attack>MoveForward>Lunge(2)>Attack>MoveRight>Attack>Retreat>Attack",0,29.000,9,16,14,6,3.663,2,0.000,False,10.327,6.215,1,180,3499998.000,878.500,0.000,3500876.000,470.530,A0CA6604C4776456,True,1,True,False,"Beam 1위와 관측축 추천 일치"
A3,A-v2-complex,1-target,공격형-1타깃,0.100,0.000,0.000,1.8,1,01880BEA0D35E61C,2,2,"Attack>DashForward>Attack>MoveLeft>Attack>MoveForward>Lunge(2)>Attack>MoveRight>Attack>DashBackward>Lunge(6)",0,29.000,9,16,14,6,3.481,2,0.000,False,9.961,7.922,1,180,3499998.000,878.500,0.000,3500876.000,470.530,B3AA95B991B533C7,True,2,False,False,""
A3,A-v2-complex,1-target,공격형-1타깃,0.100,0.000,0.000,1.8,1,01880BEA0D35E61C,2,3,"Attack>DashForward>Attack>MoveLeft>Attack>MoveForward>Lunge(2)>Attack>MoveRight>Attack>DashRight>Lunge(6)",0,29.000,9,16,14,6,3.460,1,0.000,False,9.919,7.668,1,180,3499998.000,878.500,0.000,3500876.000,470.530,233E281119EBE4C4,True,3,False,False,""
A3,A-v2-complex,1-target,공격형-1타깃,0.100,0.000,0.000,1.8,1,01880BEA0D35E61C,3,1,"Attack>DashForward>Attack>MoveLeft>Attack>MoveForward>Lunge(2)>Attack>MoveRight>Attack>Retreat>Attack",0,29.000,9,16,14,6,3.663,2,0.000,False,10.327,6.215,1,180,3499998.000,878.500,0.000,3500876.000,464.407,A0CA6604C4776456,True,1,True,False,"Beam 1위와 관측축 추천 일치"
A3,A-v2-complex,1-target,공격형-1타깃,0.100,0.000,0.000,1.8,1,01880BEA0D35E61C,3,2,"Attack>DashForward>Attack>MoveLeft>Attack>MoveForward>Lunge(2)>Attack>MoveRight>Attack>DashBackward>Lunge(6)",0,29.000,9,16,14,6,3.481,2,0.000,False,9.961,7.922,1,180,3499998.000,878.500,0.000,3500876.000,464.407,B3AA95B991B533C7,True,2,False,False,""
A3,A-v2-complex,1-target,공격형-1타깃,0.100,0.000,0.000,1.8,1,01880BEA0D35E61C,3,3,"Attack>DashForward>Attack>MoveLeft>Attack>MoveForward>Lunge(2)>Attack>MoveRight>Attack>DashRight>Lunge(6)",0,29.000,9,16,14,6,3.460,1,0.000,False,9.919,7.668,1,180,3499998.000,878.500,0.000,3500876.000,464.407,233E281119EBE4C4,True,3,False,False,""
A3,A-v2-complex,1-target,공격형-1타깃,0.100,0.000,0.000,1.8,1,01880BEA0D35E61C,4,1,"Attack>DashForward>Attack>MoveLeft>Attack>MoveForward>Lunge(2)>Attack>MoveRight>Attack>Retreat>Attack",0,29.000,9,16,14,6,3.663,2,0.000,False,10.327,6.215,1,180,3499998.000,878.500,0.000,3500876.000,468.399,A0CA6604C4776456,True,1,True,False,"Beam 1위와 관측축 추천 일치"
A3,A-v2-complex,1-target,공격형-1타깃,0.100,0.000,0.000,1.8,1,01880BEA0D35E61C,4,2,"Attack>DashForward>Attack>MoveLeft>Attack>MoveForward>Lunge(2)>Attack>MoveRight>Attack>DashBackward>Lunge(6)",0,29.000,9,16,14,6,3.481,2,0.000,False,9.961,7.922,1,180,3499998.000,878.500,0.000,3500876.000,468.399,B3AA95B991B533C7,True,2,False,False,""
A3,A-v2-complex,1-target,공격형-1타깃,0.100,0.000,0.000,1.8,1,01880BEA0D35E61C,4,3,"Attack>DashForward>Attack>MoveLeft>Attack>MoveForward>Lunge(2)>Attack>MoveRight>Attack>DashRight>Lunge(6)",0,29.000,9,16,14,6,3.460,1,0.000,False,9.919,7.668,1,180,3499998.000,878.500,0.000,3500876.000,468.399,233E281119EBE4C4,True,3,False,False,""
A3,A-v2-complex,1-target,공격형-1타깃,0.100,0.000,0.000,1.8,1,01880BEA0D35E61C,5,1,"Attack>DashForward>Attack>MoveLeft>Attack>MoveForward>Lunge(2)>Attack>MoveRight>Attack>Retreat>Attack",0,29.000,9,16,14,6,3.663,2,0.000,False,10.327,6.215,1,180,3499998.000,878.500,0.000,3500876.000,482.325,A0CA6604C4776456,True,1,True,False,"Beam 1위와 관측축 추천 일치"
A3,A-v2-complex,1-target,공격형-1타깃,0.100,0.000,0.000,1.8,1,01880BEA0D35E61C,5,2,"Attack>DashForward>Attack>MoveLeft>Attack>MoveForward>Lunge(2)>Attack>MoveRight>Attack>DashBackward>Lunge(6)",0,29.000,9,16,14,6,3.481,2,0.000,False,9.961,7.922,1,180,3499998.000,878.500,0.000,3500876.000,482.325,B3AA95B991B533C7,True,2,False,False,""
A3,A-v2-complex,1-target,공격형-1타깃,0.100,0.000,0.000,1.8,1,01880BEA0D35E61C,5,3,"Attack>DashForward>Attack>MoveLeft>Attack>MoveForward>Lunge(2)>Attack>MoveRight>Attack>DashRight>Lunge(6)",0,29.000,9,16,14,6,3.460,1,0.000,False,9.919,7.668,1,180,3499998.000,878.500,0.000,3500876.000,482.325,233E281119EBE4C4,True,3,False,False,""
A3,A-v2-complex,1-target,공격형-1타깃,0.100,0.000,0.000,1.8,1,01880BEA0D35E61C,6,1,"Attack>DashForward>Attack>MoveLeft>Attack>MoveForward>Lunge(2)>Attack>MoveRight>Attack>Retreat>Attack",0,29.000,9,16,14,6,3.663,2,0.000,False,10.327,6.215,1,180,3499998.000,878.500,0.000,3500876.000,482.574,A0CA6604C4776456,True,1,True,False,"Beam 1위와 관측축 추천 일치"
A3,A-v2-complex,1-target,공격형-1타깃,0.100,0.000,0.000,1.8,1,01880BEA0D35E61C,6,2,"Attack>DashForward>Attack>MoveLeft>Attack>MoveForward>Lunge(2)>Attack>MoveRight>Attack>DashBackward>Lunge(6)",0,29.000,9,16,14,6,3.481,2,0.000,False,9.961,7.922,1,180,3499998.000,878.500,0.000,3500876.000,482.574,B3AA95B991B533C7,True,2,False,False,""
A3,A-v2-complex,1-target,공격형-1타깃,0.100,0.000,0.000,1.8,1,01880BEA0D35E61C,6,3,"Attack>DashForward>Attack>MoveLeft>Attack>MoveForward>Lunge(2)>Attack>MoveRight>Attack>DashRight>Lunge(6)",0,29.000,9,16,14,6,3.460,1,0.000,False,9.919,7.668,1,180,3499998.000,878.500,0.000,3500876.000,482.574,233E281119EBE4C4,True,3,False,False,""
A3,A-v2-complex,1-target,공격형-1타깃,0.100,0.000,0.000,1.8,1,01880BEA0D35E61C,7,1,"Attack>DashForward>Attack>MoveLeft>Attack>MoveForward>Lunge(2)>Attack>MoveRight>Attack>Retreat>Attack",0,29.000,9,16,14,6,3.663,2,0.000,False,10.327,6.215,1,180,3499998.000,878.500,0.000,3500876.000,473.138,A0CA6604C4776456,True,1,True,False,"Beam 1위와 관측축 추천 일치"
A3,A-v2-complex,1-target,공격형-1타깃,0.100,0.000,0.000,1.8,1,01880BEA0D35E61C,7,2,"Attack>DashForward>Attack>MoveLeft>Attack>MoveForward>Lunge(2)>Attack>MoveRight>Attack>DashBackward>Lunge(6)",0,29.000,9,16,14,6,3.481,2,0.000,False,9.961,7.922,1,180,3499998.000,878.500,0.000,3500876.000,473.138,B3AA95B991B533C7,True,2,False,False,""
A3,A-v2-complex,1-target,공격형-1타깃,0.100,0.000,0.000,1.8,1,01880BEA0D35E61C,7,3,"Attack>DashForward>Attack>MoveLeft>Attack>MoveForward>Lunge(2)>Attack>MoveRight>Attack>DashRight>Lunge(6)",0,29.000,9,16,14,6,3.460,1,0.000,False,9.919,7.668,1,180,3499998.000,878.500,0.000,3500876.000,473.138,233E281119EBE4C4,True,3,False,False,""
A3,A-v2-complex,1-target,공격형-1타깃,0.100,0.000,0.000,1.8,1,01880BEA0D35E61C,8,1,"Attack>DashForward>Attack>MoveLeft>Attack>MoveForward>Lunge(2)>Attack>MoveRight>Attack>Retreat>Attack",0,29.000,9,16,14,6,3.663,2,0.000,False,10.327,6.215,1,180,3499998.000,878.500,0.000,3500876.000,477.134,A0CA6604C4776456,True,1,True,False,"Beam 1위와 관측축 추천 일치"
A3,A-v2-complex,1-target,공격형-1타깃,0.100,0.000,0.000,1.8,1,01880BEA0D35E61C,8,2,"Attack>DashForward>Attack>MoveLeft>Attack>MoveForward>Lunge(2)>Attack>MoveRight>Attack>DashBackward>Lunge(6)",0,29.000,9,16,14,6,3.481,2,0.000,False,9.961,7.922,1,180,3499998.000,878.500,0.000,3500876.000,477.134,B3AA95B991B533C7,True,2,False,False,""
A3,A-v2-complex,1-target,공격형-1타깃,0.100,0.000,0.000,1.8,1,01880BEA0D35E61C,8,3,"Attack>DashForward>Attack>MoveLeft>Attack>MoveForward>Lunge(2)>Attack>MoveRight>Attack>DashRight>Lunge(6)",0,29.000,9,16,14,6,3.460,1,0.000,False,9.919,7.668,1,180,3499998.000,878.500,0.000,3500876.000,477.134,233E281119EBE4C4,True,3,False,False,""
A3,A-v2-complex,1-target,공격형-1타깃,0.100,0.000,0.000,1.8,1,01880BEA0D35E61C,9,1,"Attack>DashForward>Attack>MoveLeft>Attack>MoveForward>Lunge(2)>Attack>MoveRight>Attack>Retreat>Attack",0,29.000,9,16,14,6,3.663,2,0.000,False,10.327,6.215,1,180,3499998.000,878.500,0.000,3500876.000,503.350,A0CA6604C4776456,True,1,True,False,"Beam 1위와 관측축 추천 일치"
A3,A-v2-complex,1-target,공격형-1타깃,0.100,0.000,0.000,1.8,1,01880BEA0D35E61C,9,2,"Attack>DashForward>Attack>MoveLeft>Attack>MoveForward>Lunge(2)>Attack>MoveRight>Attack>DashBackward>Lunge(6)",0,29.000,9,16,14,6,3.481,2,0.000,False,9.961,7.922,1,180,3499998.000,878.500,0.000,3500876.000,503.350,B3AA95B991B533C7,True,2,False,False,""
A3,A-v2-complex,1-target,공격형-1타깃,0.100,0.000,0.000,1.8,1,01880BEA0D35E61C,9,3,"Attack>DashForward>Attack>MoveLeft>Attack>MoveForward>Lunge(2)>Attack>MoveRight>Attack>DashRight>Lunge(6)",0,29.000,9,16,14,6,3.460,1,0.000,False,9.919,7.668,1,180,3499998.000,878.500,0.000,3500876.000,503.350,233E281119EBE4C4,True,3,False,False,""
A3,A-v2-complex,1-target,공격형-1타깃,0.100,0.000,0.000,1.8,1,01880BEA0D35E61C,10,1,"Attack>DashForward>Attack>MoveLeft>Attack>MoveForward>Lunge(2)>Attack>MoveRight>Attack>Retreat>Attack",0,29.000,9,16,14,6,3.663,2,0.000,False,10.327,6.215,1,180,3499998.000,878.500,0.000,3500876.000,482.141,A0CA6604C4776456,True,1,True,False,"Beam 1위와 관측축 추천 일치"
A3,A-v2-complex,1-target,공격형-1타깃,0.100,0.000,0.000,1.8,1,01880BEA0D35E61C,10,2,"Attack>DashForward>Attack>MoveLeft>Attack>MoveForward>Lunge(2)>Attack>MoveRight>Attack>DashBackward>Lunge(6)",0,29.000,9,16,14,6,3.481,2,0.000,False,9.961,7.922,1,180,3499998.000,878.500,0.000,3500876.000,482.141,B3AA95B991B533C7,True,2,False,False,""
A3,A-v2-complex,1-target,공격형-1타깃,0.100,0.000,0.000,1.8,1,01880BEA0D35E61C,10,3,"Attack>DashForward>Attack>MoveLeft>Attack>MoveForward>Lunge(2)>Attack>MoveRight>Attack>DashRight>Lunge(6)",0,29.000,9,16,14,6,3.460,1,0.000,False,9.919,7.668,1,180,3499998.000,878.500,0.000,3500876.000,482.141,233E281119EBE4C4,True,3,False,False,""
A4,A-v2-complex,1-target,공격형-1타깃,0.100,0.000,0.000,1.8,1,62F6E9F8D1F2129D,1,1,"Attack>DashForward>Attack>MoveLeft>Attack>DashForward>LungeStrike(17)>DashLeft>Lunge(9)>Attack>MoveLeft>Attack",1,29.000,9,17,18,9,3.476,3,0.000,False,2.952,9.355,3,180,3499967.000,896.100,0.000,3500863.000,792.263,EE9534D8EAD61921,True,3,False,True,""
A4,A-v2-complex,1-target,공격형-1타깃,0.100,0.000,0.000,1.8,1,62F6E9F8D1F2129D,1,2,"Attack>DashForward>Attack>MoveLeft>Attack>DashForward>LungeStrike(17)>DashLeft>Lunge(9)>Attack>MoveLeft>Lunge(10)",1,29.000,9,17,18,9,3.440,3,0.000,True,10.880,10.087,3,180,3499967.000,896.100,0.000,3500863.000,792.263,84AF7D16C319FC53,True,2,False,True,""
A4,A-v2-complex,1-target,공격형-1타깃,0.100,0.000,0.000,1.8,1,62F6E9F8D1F2129D,1,3,"Attack>DashForward>Attack>MoveLeft>Attack>DashForward>LungeStrike(17)>DashLeft>Lunge(9)>Attack>DashBackward>Lunge(10)",1,29.000,9,17,18,9,5.410,0,0.000,True,21.819,10.805,3,180,3499949.000,896.100,0.000,3500845.000,792.263,FB646DB73DF7B674,True,1,True,True,"종료 즉시 행동 가능"
A4,A-v2-complex,1-target,공격형-1타깃,0.100,0.000,0.000,1.8,1,62F6E9F8D1F2129D,2,1,"Attack>DashForward>Attack>MoveLeft>Attack>DashForward>LungeStrike(17)>DashLeft>Lunge(9)>Attack>MoveLeft>Attack",1,29.000,9,17,18,9,3.476,3,0.000,False,2.952,9.355,3,180,3499967.000,896.100,0.000,3500863.000,799.076,EE9534D8EAD61921,True,3,False,True,""
A4,A-v2-complex,1-target,공격형-1타깃,0.100,0.000,0.000,1.8,1,62F6E9F8D1F2129D,2,2,"Attack>DashForward>Attack>MoveLeft>Attack>DashForward>LungeStrike(17)>DashLeft>Lunge(9)>Attack>MoveLeft>Lunge(10)",1,29.000,9,17,18,9,3.440,3,0.000,True,10.880,10.087,3,180,3499967.000,896.100,0.000,3500863.000,799.076,84AF7D16C319FC53,True,2,False,True,""
A4,A-v2-complex,1-target,공격형-1타깃,0.100,0.000,0.000,1.8,1,62F6E9F8D1F2129D,2,3,"Attack>DashForward>Attack>MoveLeft>Attack>DashForward>LungeStrike(17)>DashLeft>Lunge(9)>Attack>DashBackward>Lunge(10)",1,29.000,9,17,18,9,5.410,0,0.000,True,21.819,10.805,3,180,3499949.000,896.100,0.000,3500845.000,799.076,FB646DB73DF7B674,True,1,True,True,"종료 즉시 행동 가능"
A4,A-v2-complex,1-target,공격형-1타깃,0.100,0.000,0.000,1.8,1,62F6E9F8D1F2129D,3,1,"Attack>DashForward>Attack>MoveLeft>Attack>DashForward>LungeStrike(17)>DashLeft>Lunge(9)>Attack>MoveLeft>Attack",1,29.000,9,17,18,9,3.476,3,0.000,False,2.952,9.355,3,180,3499967.000,896.100,0.000,3500863.000,804.638,EE9534D8EAD61921,True,3,False,True,""
A4,A-v2-complex,1-target,공격형-1타깃,0.100,0.000,0.000,1.8,1,62F6E9F8D1F2129D,3,2,"Attack>DashForward>Attack>MoveLeft>Attack>DashForward>LungeStrike(17)>DashLeft>Lunge(9)>Attack>MoveLeft>Lunge(10)",1,29.000,9,17,18,9,3.440,3,0.000,True,10.880,10.087,3,180,3499967.000,896.100,0.000,3500863.000,804.638,84AF7D16C319FC53,True,2,False,True,""
A4,A-v2-complex,1-target,공격형-1타깃,0.100,0.000,0.000,1.8,1,62F6E9F8D1F2129D,3,3,"Attack>DashForward>Attack>MoveLeft>Attack>DashForward>LungeStrike(17)>DashLeft>Lunge(9)>Attack>DashBackward>Lunge(10)",1,29.000,9,17,18,9,5.410,0,0.000,True,21.819,10.805,3,180,3499949.000,896.100,0.000,3500845.000,804.638,FB646DB73DF7B674,True,1,True,True,"종료 즉시 행동 가능"
A4,A-v2-complex,1-target,공격형-1타깃,0.100,0.000,0.000,1.8,1,62F6E9F8D1F2129D,4,1,"Attack>DashForward>Attack>MoveLeft>Attack>DashForward>LungeStrike(17)>DashLeft>Lunge(9)>Attack>MoveLeft>Attack",1,29.000,9,17,18,9,3.476,3,0.000,False,2.952,9.355,3,180,3499967.000,896.100,0.000,3500863.000,772.076,EE9534D8EAD61921,True,3,False,True,""
A4,A-v2-complex,1-target,공격형-1타깃,0.100,0.000,0.000,1.8,1,62F6E9F8D1F2129D,4,2,"Attack>DashForward>Attack>MoveLeft>Attack>DashForward>LungeStrike(17)>DashLeft>Lunge(9)>Attack>MoveLeft>Lunge(10)",1,29.000,9,17,18,9,3.440,3,0.000,True,10.880,10.087,3,180,3499967.000,896.100,0.000,3500863.000,772.076,84AF7D16C319FC53,True,2,False,True,""
A4,A-v2-complex,1-target,공격형-1타깃,0.100,0.000,0.000,1.8,1,62F6E9F8D1F2129D,4,3,"Attack>DashForward>Attack>MoveLeft>Attack>DashForward>LungeStrike(17)>DashLeft>Lunge(9)>Attack>DashBackward>Lunge(10)",1,29.000,9,17,18,9,5.410,0,0.000,True,21.819,10.805,3,180,3499949.000,896.100,0.000,3500845.000,772.076,FB646DB73DF7B674,True,1,True,True,"종료 즉시 행동 가능"
A4,A-v2-complex,1-target,공격형-1타깃,0.100,0.000,0.000,1.8,1,62F6E9F8D1F2129D,5,1,"Attack>DashForward>Attack>MoveLeft>Attack>DashForward>LungeStrike(17)>DashLeft>Lunge(9)>Attack>MoveLeft>Attack",1,29.000,9,17,18,9,3.476,3,0.000,False,2.952,9.355,3,180,3499967.000,896.100,0.000,3500863.000,788.205,EE9534D8EAD61921,True,3,False,True,""
A4,A-v2-complex,1-target,공격형-1타깃,0.100,0.000,0.000,1.8,1,62F6E9F8D1F2129D,5,2,"Attack>DashForward>Attack>MoveLeft>Attack>DashForward>LungeStrike(17)>DashLeft>Lunge(9)>Attack>MoveLeft>Lunge(10)",1,29.000,9,17,18,9,3.440,3,0.000,True,10.880,10.087,3,180,3499967.000,896.100,0.000,3500863.000,788.205,84AF7D16C319FC53,True,2,False,True,""
A4,A-v2-complex,1-target,공격형-1타깃,0.100,0.000,0.000,1.8,1,62F6E9F8D1F2129D,5,3,"Attack>DashForward>Attack>MoveLeft>Attack>DashForward>LungeStrike(17)>DashLeft>Lunge(9)>Attack>DashBackward>Lunge(10)",1,29.000,9,17,18,9,5.410,0,0.000,True,21.819,10.805,3,180,3499949.000,896.100,0.000,3500845.000,788.205,FB646DB73DF7B674,True,1,True,True,"종료 즉시 행동 가능"
A4,A-v2-complex,1-target,공격형-1타깃,0.100,0.000,0.000,1.8,1,62F6E9F8D1F2129D,6,1,"Attack>DashForward>Attack>MoveLeft>Attack>DashForward>LungeStrike(17)>DashLeft>Lunge(9)>Attack>MoveLeft>Attack",1,29.000,9,17,18,9,3.476,3,0.000,False,2.952,9.355,3,180,3499967.000,896.100,0.000,3500863.000,782.074,EE9534D8EAD61921,True,3,False,True,""
A4,A-v2-complex,1-target,공격형-1타깃,0.100,0.000,0.000,1.8,1,62F6E9F8D1F2129D,6,2,"Attack>DashForward>Attack>MoveLeft>Attack>DashForward>LungeStrike(17)>DashLeft>Lunge(9)>Attack>MoveLeft>Lunge(10)",1,29.000,9,17,18,9,3.440,3,0.000,True,10.880,10.087,3,180,3499967.000,896.100,0.000,3500863.000,782.074,84AF7D16C319FC53,True,2,False,True,""
A4,A-v2-complex,1-target,공격형-1타깃,0.100,0.000,0.000,1.8,1,62F6E9F8D1F2129D,6,3,"Attack>DashForward>Attack>MoveLeft>Attack>DashForward>LungeStrike(17)>DashLeft>Lunge(9)>Attack>DashBackward>Lunge(10)",1,29.000,9,17,18,9,5.410,0,0.000,True,21.819,10.805,3,180,3499949.000,896.100,0.000,3500845.000,782.074,FB646DB73DF7B674,True,1,True,True,"종료 즉시 행동 가능"
A4,A-v2-complex,1-target,공격형-1타깃,0.100,0.000,0.000,1.8,1,62F6E9F8D1F2129D,7,1,"Attack>DashForward>Attack>MoveLeft>Attack>DashForward>LungeStrike(17)>DashLeft>Lunge(9)>Attack>MoveLeft>Attack",1,29.000,9,17,18,9,3.476,3,0.000,False,2.952,9.355,3,180,3499967.000,896.100,0.000,3500863.000,806.454,EE9534D8EAD61921,True,3,False,True,""
A4,A-v2-complex,1-target,공격형-1타깃,0.100,0.000,0.000,1.8,1,62F6E9F8D1F2129D,7,2,"Attack>DashForward>Attack>MoveLeft>Attack>DashForward>LungeStrike(17)>DashLeft>Lunge(9)>Attack>MoveLeft>Lunge(10)",1,29.000,9,17,18,9,3.440,3,0.000,True,10.880,10.087,3,180,3499967.000,896.100,0.000,3500863.000,806.454,84AF7D16C319FC53,True,2,False,True,""
A4,A-v2-complex,1-target,공격형-1타깃,0.100,0.000,0.000,1.8,1,62F6E9F8D1F2129D,7,3,"Attack>DashForward>Attack>MoveLeft>Attack>DashForward>LungeStrike(17)>DashLeft>Lunge(9)>Attack>DashBackward>Lunge(10)",1,29.000,9,17,18,9,5.410,0,0.000,True,21.819,10.805,3,180,3499949.000,896.100,0.000,3500845.000,806.454,FB646DB73DF7B674,True,1,True,True,"종료 즉시 행동 가능"
A4,A-v2-complex,1-target,공격형-1타깃,0.100,0.000,0.000,1.8,1,62F6E9F8D1F2129D,8,1,"Attack>DashForward>Attack>MoveLeft>Attack>DashForward>LungeStrike(17)>DashLeft>Lunge(9)>Attack>MoveLeft>Attack",1,29.000,9,17,18,9,3.476,3,0.000,False,2.952,9.355,3,180,3499967.000,896.100,0.000,3500863.000,773.045,EE9534D8EAD61921,True,3,False,True,""
A4,A-v2-complex,1-target,공격형-1타깃,0.100,0.000,0.000,1.8,1,62F6E9F8D1F2129D,8,2,"Attack>DashForward>Attack>MoveLeft>Attack>DashForward>LungeStrike(17)>DashLeft>Lunge(9)>Attack>MoveLeft>Lunge(10)",1,29.000,9,17,18,9,3.440,3,0.000,True,10.880,10.087,3,180,3499967.000,896.100,0.000,3500863.000,773.045,84AF7D16C319FC53,True,2,False,True,""
A4,A-v2-complex,1-target,공격형-1타깃,0.100,0.000,0.000,1.8,1,62F6E9F8D1F2129D,8,3,"Attack>DashForward>Attack>MoveLeft>Attack>DashForward>LungeStrike(17)>DashLeft>Lunge(9)>Attack>DashBackward>Lunge(10)",1,29.000,9,17,18,9,5.410,0,0.000,True,21.819,10.805,3,180,3499949.000,896.100,0.000,3500845.000,773.045,FB646DB73DF7B674,True,1,True,True,"종료 즉시 행동 가능"
A4,A-v2-complex,1-target,공격형-1타깃,0.100,0.000,0.000,1.8,1,62F6E9F8D1F2129D,9,1,"Attack>DashForward>Attack>MoveLeft>Attack>DashForward>LungeStrike(17)>DashLeft>Lunge(9)>Attack>MoveLeft>Attack",1,29.000,9,17,18,9,3.476,3,0.000,False,2.952,9.355,3,180,3499967.000,896.100,0.000,3500863.000,769.024,EE9534D8EAD61921,True,3,False,True,""
A4,A-v2-complex,1-target,공격형-1타깃,0.100,0.000,0.000,1.8,1,62F6E9F8D1F2129D,9,2,"Attack>DashForward>Attack>MoveLeft>Attack>DashForward>LungeStrike(17)>DashLeft>Lunge(9)>Attack>MoveLeft>Lunge(10)",1,29.000,9,17,18,9,3.440,3,0.000,True,10.880,10.087,3,180,3499967.000,896.100,0.000,3500863.000,769.024,84AF7D16C319FC53,True,2,False,True,""
A4,A-v2-complex,1-target,공격형-1타깃,0.100,0.000,0.000,1.8,1,62F6E9F8D1F2129D,9,3,"Attack>DashForward>Attack>MoveLeft>Attack>DashForward>LungeStrike(17)>DashLeft>Lunge(9)>Attack>DashBackward>Lunge(10)",1,29.000,9,17,18,9,5.410,0,0.000,True,21.819,10.805,3,180,3499949.000,896.100,0.000,3500845.000,769.024,FB646DB73DF7B674,True,1,True,True,"종료 즉시 행동 가능"
A4,A-v2-complex,1-target,공격형-1타깃,0.100,0.000,0.000,1.8,1,62F6E9F8D1F2129D,10,1,"Attack>DashForward>Attack>MoveLeft>Attack>DashForward>LungeStrike(17)>DashLeft>Lunge(9)>Attack>MoveLeft>Attack",1,29.000,9,17,18,9,3.476,3,0.000,False,2.952,9.355,3,180,3499967.000,896.100,0.000,3500863.000,782.558,EE9534D8EAD61921,True,3,False,True,""
A4,A-v2-complex,1-target,공격형-1타깃,0.100,0.000,0.000,1.8,1,62F6E9F8D1F2129D,10,2,"Attack>DashForward>Attack>MoveLeft>Attack>DashForward>LungeStrike(17)>DashLeft>Lunge(9)>Attack>MoveLeft>Lunge(10)",1,29.000,9,17,18,9,3.440,3,0.000,True,10.880,10.087,3,180,3499967.000,896.100,0.000,3500863.000,782.558,84AF7D16C319FC53,True,2,False,True,""
A4,A-v2-complex,1-target,공격형-1타깃,0.100,0.000,0.000,1.8,1,62F6E9F8D1F2129D,10,3,"Attack>DashForward>Attack>MoveLeft>Attack>DashForward>LungeStrike(17)>DashLeft>Lunge(9)>Attack>DashBackward>Lunge(10)",1,29.000,9,17,18,9,5.410,0,0.000,True,21.819,10.805,3,180,3499949.000,896.100,0.000,3500845.000,782.558,FB646DB73DF7B674,True,1,True,True,"종료 즉시 행동 가능"
A1,A-v2-complex,2-terminal,공격형-2종료위치,0.100,0.150,0.000,1.8,1,50DEB425210D7347,1,1,"Lunge(0)>Attack>DashForward>Lunge(7)>Attack>DashBackward>Lunge(3)>Attack>MoveRight>Attack>DashForward>Attack",0,34.000,8,20,16,8,1.211,7,0.000,False,-29.577,9.427,0,180,3499994.000,883.400,0.000,3500877.000,817.354,174E838DC2F18B2B,True,1,True,False,"Beam 1위와 관측축 추천 일치"
A1,A-v2-complex,2-terminal,공격형-2종료위치,0.100,0.150,0.000,1.8,1,50DEB425210D7347,1,2,"Lunge(0)>Attack>DashForward>Lunge(7)>Attack>DashBackward>Lunge(3)>Attack>MoveRight>Attack>DashLeft>Attack",0,34.000,7,21,16,9,2.186,5,0.000,False,-13.628,9.427,0,180,3499998.000,835.000,0.000,3500833.000,817.354,0E0BAA0CC0A1ACC0,True,2,False,False,""
A1,A-v2-complex,2-terminal,공격형-2종료위치,0.100,0.150,0.000,1.8,1,50DEB425210D7347,1,3,"Lunge(0)>Attack>DashForward>Lunge(7)>Attack>DashBackward>Lunge(3)>Attack>MoveRight>Attack>MoveForward>Attack",0,34.000,7,21,16,9,1.271,8,0.000,False,-36.458,8.677,0,180,3499992.000,835.000,0.000,3500827.000,817.354,1456CDCDEF8C4CBA,True,3,False,False,""
A1,A-v2-complex,2-terminal,공격형-2종료위치,0.100,0.150,0.000,1.8,1,50DEB425210D7347,2,1,"Lunge(0)>Attack>DashForward>Lunge(7)>Attack>DashBackward>Lunge(3)>Attack>MoveRight>Attack>DashForward>Attack",0,34.000,8,20,16,8,1.211,7,0.000,False,-29.577,9.427,0,180,3499994.000,883.400,0.000,3500877.000,823.502,174E838DC2F18B2B,True,1,True,False,"Beam 1위와 관측축 추천 일치"
A1,A-v2-complex,2-terminal,공격형-2종료위치,0.100,0.150,0.000,1.8,1,50DEB425210D7347,2,2,"Lunge(0)>Attack>DashForward>Lunge(7)>Attack>DashBackward>Lunge(3)>Attack>MoveRight>Attack>DashLeft>Attack",0,34.000,7,21,16,9,2.186,5,0.000,False,-13.628,9.427,0,180,3499998.000,835.000,0.000,3500833.000,823.502,0E0BAA0CC0A1ACC0,True,2,False,False,""
A1,A-v2-complex,2-terminal,공격형-2종료위치,0.100,0.150,0.000,1.8,1,50DEB425210D7347,2,3,"Lunge(0)>Attack>DashForward>Lunge(7)>Attack>DashBackward>Lunge(3)>Attack>MoveRight>Attack>MoveForward>Attack",0,34.000,7,21,16,9,1.271,8,0.000,False,-36.458,8.677,0,180,3499992.000,835.000,0.000,3500827.000,823.502,1456CDCDEF8C4CBA,True,3,False,False,""
A1,A-v2-complex,2-terminal,공격형-2종료위치,0.100,0.150,0.000,1.8,1,50DEB425210D7347,3,1,"Lunge(0)>Attack>DashForward>Lunge(7)>Attack>DashBackward>Lunge(3)>Attack>MoveRight>Attack>DashForward>Attack",0,34.000,8,20,16,8,1.211,7,0.000,False,-29.577,9.427,0,180,3499994.000,883.400,0.000,3500877.000,816.953,174E838DC2F18B2B,True,1,True,False,"Beam 1위와 관측축 추천 일치"
A1,A-v2-complex,2-terminal,공격형-2종료위치,0.100,0.150,0.000,1.8,1,50DEB425210D7347,3,2,"Lunge(0)>Attack>DashForward>Lunge(7)>Attack>DashBackward>Lunge(3)>Attack>MoveRight>Attack>DashLeft>Attack",0,34.000,7,21,16,9,2.186,5,0.000,False,-13.628,9.427,0,180,3499998.000,835.000,0.000,3500833.000,816.953,0E0BAA0CC0A1ACC0,True,2,False,False,""
A1,A-v2-complex,2-terminal,공격형-2종료위치,0.100,0.150,0.000,1.8,1,50DEB425210D7347,3,3,"Lunge(0)>Attack>DashForward>Lunge(7)>Attack>DashBackward>Lunge(3)>Attack>MoveRight>Attack>MoveForward>Attack",0,34.000,7,21,16,9,1.271,8,0.000,False,-36.458,8.677,0,180,3499992.000,835.000,0.000,3500827.000,816.953,1456CDCDEF8C4CBA,True,3,False,False,""
A1,A-v2-complex,2-terminal,공격형-2종료위치,0.100,0.150,0.000,1.8,1,50DEB425210D7347,4,1,"Lunge(0)>Attack>DashForward>Lunge(7)>Attack>DashBackward>Lunge(3)>Attack>MoveRight>Attack>DashForward>Attack",0,34.000,8,20,16,8,1.211,7,0.000,False,-29.577,9.427,0,180,3499994.000,883.400,0.000,3500877.000,798.038,174E838DC2F18B2B,True,1,True,False,"Beam 1위와 관측축 추천 일치"
A1,A-v2-complex,2-terminal,공격형-2종료위치,0.100,0.150,0.000,1.8,1,50DEB425210D7347,4,2,"Lunge(0)>Attack>DashForward>Lunge(7)>Attack>DashBackward>Lunge(3)>Attack>MoveRight>Attack>DashLeft>Attack",0,34.000,7,21,16,9,2.186,5,0.000,False,-13.628,9.427,0,180,3499998.000,835.000,0.000,3500833.000,798.038,0E0BAA0CC0A1ACC0,True,2,False,False,""
A1,A-v2-complex,2-terminal,공격형-2종료위치,0.100,0.150,0.000,1.8,1,50DEB425210D7347,4,3,"Lunge(0)>Attack>DashForward>Lunge(7)>Attack>DashBackward>Lunge(3)>Attack>MoveRight>Attack>MoveForward>Attack",0,34.000,7,21,16,9,1.271,8,0.000,False,-36.458,8.677,0,180,3499992.000,835.000,0.000,3500827.000,798.038,1456CDCDEF8C4CBA,True,3,False,False,""
A1,A-v2-complex,2-terminal,공격형-2종료위치,0.100,0.150,0.000,1.8,1,50DEB425210D7347,5,1,"Lunge(0)>Attack>DashForward>Lunge(7)>Attack>DashBackward>Lunge(3)>Attack>MoveRight>Attack>DashForward>Attack",0,34.000,8,20,16,8,1.211,7,0.000,False,-29.577,9.427,0,180,3499994.000,883.400,0.000,3500877.000,809.879,174E838DC2F18B2B,True,1,True,False,"Beam 1위와 관측축 추천 일치"
A1,A-v2-complex,2-terminal,공격형-2종료위치,0.100,0.150,0.000,1.8,1,50DEB425210D7347,5,2,"Lunge(0)>Attack>DashForward>Lunge(7)>Attack>DashBackward>Lunge(3)>Attack>MoveRight>Attack>DashLeft>Attack",0,34.000,7,21,16,9,2.186,5,0.000,False,-13.628,9.427,0,180,3499998.000,835.000,0.000,3500833.000,809.879,0E0BAA0CC0A1ACC0,True,2,False,False,""
A1,A-v2-complex,2-terminal,공격형-2종료위치,0.100,0.150,0.000,1.8,1,50DEB425210D7347,5,3,"Lunge(0)>Attack>DashForward>Lunge(7)>Attack>DashBackward>Lunge(3)>Attack>MoveRight>Attack>MoveForward>Attack",0,34.000,7,21,16,9,1.271,8,0.000,False,-36.458,8.677,0,180,3499992.000,835.000,0.000,3500827.000,809.879,1456CDCDEF8C4CBA,True,3,False,False,""
A1,A-v2-complex,2-terminal,공격형-2종료위치,0.100,0.150,0.000,1.8,1,50DEB425210D7347,6,1,"Lunge(0)>Attack>DashForward>Lunge(7)>Attack>DashBackward>Lunge(3)>Attack>MoveRight>Attack>DashForward>Attack",0,34.000,8,20,16,8,1.211,7,0.000,False,-29.577,9.427,0,180,3499994.000,883.400,0.000,3500877.000,811.185,174E838DC2F18B2B,True,1,True,False,"Beam 1위와 관측축 추천 일치"
A1,A-v2-complex,2-terminal,공격형-2종료위치,0.100,0.150,0.000,1.8,1,50DEB425210D7347,6,2,"Lunge(0)>Attack>DashForward>Lunge(7)>Attack>DashBackward>Lunge(3)>Attack>MoveRight>Attack>DashLeft>Attack",0,34.000,7,21,16,9,2.186,5,0.000,False,-13.628,9.427,0,180,3499998.000,835.000,0.000,3500833.000,811.185,0E0BAA0CC0A1ACC0,True,2,False,False,""
A1,A-v2-complex,2-terminal,공격형-2종료위치,0.100,0.150,0.000,1.8,1,50DEB425210D7347,6,3,"Lunge(0)>Attack>DashForward>Lunge(7)>Attack>DashBackward>Lunge(3)>Attack>MoveRight>Attack>MoveForward>Attack",0,34.000,7,21,16,9,1.271,8,0.000,False,-36.458,8.677,0,180,3499992.000,835.000,0.000,3500827.000,811.185,1456CDCDEF8C4CBA,True,3,False,False,""
A1,A-v2-complex,2-terminal,공격형-2종료위치,0.100,0.150,0.000,1.8,1,50DEB425210D7347,7,1,"Lunge(0)>Attack>DashForward>Lunge(7)>Attack>DashBackward>Lunge(3)>Attack>MoveRight>Attack>DashForward>Attack",0,34.000,8,20,16,8,1.211,7,0.000,False,-29.577,9.427,0,180,3499994.000,883.400,0.000,3500877.000,900.793,174E838DC2F18B2B,True,1,True,False,"Beam 1위와 관측축 추천 일치"
A1,A-v2-complex,2-terminal,공격형-2종료위치,0.100,0.150,0.000,1.8,1,50DEB425210D7347,7,2,"Lunge(0)>Attack>DashForward>Lunge(7)>Attack>DashBackward>Lunge(3)>Attack>MoveRight>Attack>DashLeft>Attack",0,34.000,7,21,16,9,2.186,5,0.000,False,-13.628,9.427,0,180,3499998.000,835.000,0.000,3500833.000,900.793,0E0BAA0CC0A1ACC0,True,2,False,False,""
A1,A-v2-complex,2-terminal,공격형-2종료위치,0.100,0.150,0.000,1.8,1,50DEB425210D7347,7,3,"Lunge(0)>Attack>DashForward>Lunge(7)>Attack>DashBackward>Lunge(3)>Attack>MoveRight>Attack>MoveForward>Attack",0,34.000,7,21,16,9,1.271,8,0.000,False,-36.458,8.677,0,180,3499992.000,835.000,0.000,3500827.000,900.793,1456CDCDEF8C4CBA,True,3,False,False,""
A1,A-v2-complex,2-terminal,공격형-2종료위치,0.100,0.150,0.000,1.8,1,50DEB425210D7347,8,1,"Lunge(0)>Attack>DashForward>Lunge(7)>Attack>DashBackward>Lunge(3)>Attack>MoveRight>Attack>DashForward>Attack",0,34.000,8,20,16,8,1.211,7,0.000,False,-29.577,9.427,0,180,3499994.000,883.400,0.000,3500877.000,901.311,174E838DC2F18B2B,True,1,True,False,"Beam 1위와 관측축 추천 일치"
A1,A-v2-complex,2-terminal,공격형-2종료위치,0.100,0.150,0.000,1.8,1,50DEB425210D7347,8,2,"Lunge(0)>Attack>DashForward>Lunge(7)>Attack>DashBackward>Lunge(3)>Attack>MoveRight>Attack>DashLeft>Attack",0,34.000,7,21,16,9,2.186,5,0.000,False,-13.628,9.427,0,180,3499998.000,835.000,0.000,3500833.000,901.311,0E0BAA0CC0A1ACC0,True,2,False,False,""
A1,A-v2-complex,2-terminal,공격형-2종료위치,0.100,0.150,0.000,1.8,1,50DEB425210D7347,8,3,"Lunge(0)>Attack>DashForward>Lunge(7)>Attack>DashBackward>Lunge(3)>Attack>MoveRight>Attack>MoveForward>Attack",0,34.000,7,21,16,9,1.271,8,0.000,False,-36.458,8.677,0,180,3499992.000,835.000,0.000,3500827.000,901.311,1456CDCDEF8C4CBA,True,3,False,False,""
A1,A-v2-complex,2-terminal,공격형-2종료위치,0.100,0.150,0.000,1.8,1,50DEB425210D7347,9,1,"Lunge(0)>Attack>DashForward>Lunge(7)>Attack>DashBackward>Lunge(3)>Attack>MoveRight>Attack>DashForward>Attack",0,34.000,8,20,16,8,1.211,7,0.000,False,-29.577,9.427,0,180,3499994.000,883.400,0.000,3500877.000,845.895,174E838DC2F18B2B,True,1,True,False,"Beam 1위와 관측축 추천 일치"
A1,A-v2-complex,2-terminal,공격형-2종료위치,0.100,0.150,0.000,1.8,1,50DEB425210D7347,9,2,"Lunge(0)>Attack>DashForward>Lunge(7)>Attack>DashBackward>Lunge(3)>Attack>MoveRight>Attack>DashLeft>Attack",0,34.000,7,21,16,9,2.186,5,0.000,False,-13.628,9.427,0,180,3499998.000,835.000,0.000,3500833.000,845.895,0E0BAA0CC0A1ACC0,True,2,False,False,""
A1,A-v2-complex,2-terminal,공격형-2종료위치,0.100,0.150,0.000,1.8,1,50DEB425210D7347,9,3,"Lunge(0)>Attack>DashForward>Lunge(7)>Attack>DashBackward>Lunge(3)>Attack>MoveRight>Attack>MoveForward>Attack",0,34.000,7,21,16,9,1.271,8,0.000,False,-36.458,8.677,0,180,3499992.000,835.000,0.000,3500827.000,845.895,1456CDCDEF8C4CBA,True,3,False,False,""
A1,A-v2-complex,2-terminal,공격형-2종료위치,0.100,0.150,0.000,1.8,1,50DEB425210D7347,10,1,"Lunge(0)>Attack>DashForward>Lunge(7)>Attack>DashBackward>Lunge(3)>Attack>MoveRight>Attack>DashForward>Attack",0,34.000,8,20,16,8,1.211,7,0.000,False,-29.577,9.427,0,180,3499994.000,883.400,0.000,3500877.000,915.269,174E838DC2F18B2B,True,1,True,False,"Beam 1위와 관측축 추천 일치"
A1,A-v2-complex,2-terminal,공격형-2종료위치,0.100,0.150,0.000,1.8,1,50DEB425210D7347,10,2,"Lunge(0)>Attack>DashForward>Lunge(7)>Attack>DashBackward>Lunge(3)>Attack>MoveRight>Attack>DashLeft>Attack",0,34.000,7,21,16,9,2.186,5,0.000,False,-13.628,9.427,0,180,3499998.000,835.000,0.000,3500833.000,915.269,0E0BAA0CC0A1ACC0,True,2,False,False,""
A1,A-v2-complex,2-terminal,공격형-2종료위치,0.100,0.150,0.000,1.8,1,50DEB425210D7347,10,3,"Lunge(0)>Attack>DashForward>Lunge(7)>Attack>DashBackward>Lunge(3)>Attack>MoveRight>Attack>MoveForward>Attack",0,34.000,7,21,16,9,1.271,8,0.000,False,-36.458,8.677,0,180,3499992.000,835.000,0.000,3500827.000,915.269,1456CDCDEF8C4CBA,True,3,False,False,""
A2,A-v2-complex,2-terminal,공격형-2종료위치,0.100,0.150,0.000,1.8,1,3F5F709DA48265EF,1,1,"LungeStrike(0)>DashRight>Lunge(5)>Attack>MoveLeft>Attack>MoveRight>Attack>Jump>LungeStrike(3)>DashForward>LungeStrike(1)",0,34.000,7,15,12,5,4.492,1,2.371,False,16.097,12.060,0,180,3500004.000,738.200,0.000,3500742.000,423.983,BD17176102D6F0C7,True,1,True,False,"Beam 1위와 관측축 추천 일치"
A2,A-v2-complex,2-terminal,공격형-2종료위치,0.100,0.150,0.000,1.8,1,3F5F709DA48265EF,1,2,"LungeStrike(0)>DashRight>Lunge(5)>Attack>MoveLeft>Attack>Retreat>Attack>DashLeft>LungeStrike(3)>DashBackward>LungeStrike(2)",0,34.000,7,15,12,5,4.373,1,1.942,False,14.570,12.235,0,180,3500004.000,738.200,0.000,3500742.000,423.983,8595C84EEFCE8815,True,3,False,False,""
A2,A-v2-complex,2-terminal,공격형-2종료위치,0.100,0.150,0.000,1.8,1,3F5F709DA48265EF,1,3,"LungeStrike(0)>DashRight>Lunge(5)>Attack>MoveLeft>Attack>MoveRight>Attack>Jump>LungeStrike(3)>DashBackward>LungeStrike(2)",0,34.000,7,15,12,5,4.263,1,2.408,False,15.750,12.053,0,180,3500004.000,738.200,0.000,3500742.000,423.983,B53DFA90FBF6657F,True,2,False,False,""
A2,A-v2-complex,2-terminal,공격형-2종료위치,0.100,0.150,0.000,1.8,1,3F5F709DA48265EF,2,1,"LungeStrike(0)>DashRight>Lunge(5)>Attack>MoveLeft>Attack>MoveRight>Attack>Jump>LungeStrike(3)>DashForward>LungeStrike(1)",0,34.000,7,15,12,5,4.492,1,2.371,False,16.097,12.060,0,180,3500004.000,738.200,0.000,3500742.000,452.906,BD17176102D6F0C7,True,1,True,False,"Beam 1위와 관측축 추천 일치"
A2,A-v2-complex,2-terminal,공격형-2종료위치,0.100,0.150,0.000,1.8,1,3F5F709DA48265EF,2,2,"LungeStrike(0)>DashRight>Lunge(5)>Attack>MoveLeft>Attack>Retreat>Attack>DashLeft>LungeStrike(3)>DashBackward>LungeStrike(2)",0,34.000,7,15,12,5,4.373,1,1.942,False,14.570,12.235,0,180,3500004.000,738.200,0.000,3500742.000,452.906,8595C84EEFCE8815,True,3,False,False,""
A2,A-v2-complex,2-terminal,공격형-2종료위치,0.100,0.150,0.000,1.8,1,3F5F709DA48265EF,2,3,"LungeStrike(0)>DashRight>Lunge(5)>Attack>MoveLeft>Attack>MoveRight>Attack>Jump>LungeStrike(3)>DashBackward>LungeStrike(2)",0,34.000,7,15,12,5,4.263,1,2.408,False,15.750,12.053,0,180,3500004.000,738.200,0.000,3500742.000,452.906,B53DFA90FBF6657F,True,2,False,False,""
A2,A-v2-complex,2-terminal,공격형-2종료위치,0.100,0.150,0.000,1.8,1,3F5F709DA48265EF,3,1,"LungeStrike(0)>DashRight>Lunge(5)>Attack>MoveLeft>Attack>MoveRight>Attack>Jump>LungeStrike(3)>DashForward>LungeStrike(1)",0,34.000,7,15,12,5,4.492,1,2.371,False,16.097,12.060,0,180,3500004.000,738.200,0.000,3500742.000,454.392,BD17176102D6F0C7,True,1,True,False,"Beam 1위와 관측축 추천 일치"
A2,A-v2-complex,2-terminal,공격형-2종료위치,0.100,0.150,0.000,1.8,1,3F5F709DA48265EF,3,2,"LungeStrike(0)>DashRight>Lunge(5)>Attack>MoveLeft>Attack>Retreat>Attack>DashLeft>LungeStrike(3)>DashBackward>LungeStrike(2)",0,34.000,7,15,12,5,4.373,1,1.942,False,14.570,12.235,0,180,3500004.000,738.200,0.000,3500742.000,454.392,8595C84EEFCE8815,True,3,False,False,""
A2,A-v2-complex,2-terminal,공격형-2종료위치,0.100,0.150,0.000,1.8,1,3F5F709DA48265EF,3,3,"LungeStrike(0)>DashRight>Lunge(5)>Attack>MoveLeft>Attack>MoveRight>Attack>Jump>LungeStrike(3)>DashBackward>LungeStrike(2)",0,34.000,7,15,12,5,4.263,1,2.408,False,15.750,12.053,0,180,3500004.000,738.200,0.000,3500742.000,454.392,B53DFA90FBF6657F,True,2,False,False,""
A2,A-v2-complex,2-terminal,공격형-2종료위치,0.100,0.150,0.000,1.8,1,3F5F709DA48265EF,4,1,"LungeStrike(0)>DashRight>Lunge(5)>Attack>MoveLeft>Attack>MoveRight>Attack>Jump>LungeStrike(3)>DashForward>LungeStrike(1)",0,34.000,7,15,12,5,4.492,1,2.371,False,16.097,12.060,0,180,3500004.000,738.200,0.000,3500742.000,440.799,BD17176102D6F0C7,True,1,True,False,"Beam 1위와 관측축 추천 일치"
A2,A-v2-complex,2-terminal,공격형-2종료위치,0.100,0.150,0.000,1.8,1,3F5F709DA48265EF,4,2,"LungeStrike(0)>DashRight>Lunge(5)>Attack>MoveLeft>Attack>Retreat>Attack>DashLeft>LungeStrike(3)>DashBackward>LungeStrike(2)",0,34.000,7,15,12,5,4.373,1,1.942,False,14.570,12.235,0,180,3500004.000,738.200,0.000,3500742.000,440.799,8595C84EEFCE8815,True,3,False,False,""
A2,A-v2-complex,2-terminal,공격형-2종료위치,0.100,0.150,0.000,1.8,1,3F5F709DA48265EF,4,3,"LungeStrike(0)>DashRight>Lunge(5)>Attack>MoveLeft>Attack>MoveRight>Attack>Jump>LungeStrike(3)>DashBackward>LungeStrike(2)",0,34.000,7,15,12,5,4.263,1,2.408,False,15.750,12.053,0,180,3500004.000,738.200,0.000,3500742.000,440.799,B53DFA90FBF6657F,True,2,False,False,""
A2,A-v2-complex,2-terminal,공격형-2종료위치,0.100,0.150,0.000,1.8,1,3F5F709DA48265EF,5,1,"LungeStrike(0)>DashRight>Lunge(5)>Attack>MoveLeft>Attack>MoveRight>Attack>Jump>LungeStrike(3)>DashForward>LungeStrike(1)",0,34.000,7,15,12,5,4.492,1,2.371,False,16.097,12.060,0,180,3500004.000,738.200,0.000,3500742.000,419.322,BD17176102D6F0C7,True,1,True,False,"Beam 1위와 관측축 추천 일치"
A2,A-v2-complex,2-terminal,공격형-2종료위치,0.100,0.150,0.000,1.8,1,3F5F709DA48265EF,5,2,"LungeStrike(0)>DashRight>Lunge(5)>Attack>MoveLeft>Attack>Retreat>Attack>DashLeft>LungeStrike(3)>DashBackward>LungeStrike(2)",0,34.000,7,15,12,5,4.373,1,1.942,False,14.570,12.235,0,180,3500004.000,738.200,0.000,3500742.000,419.322,8595C84EEFCE8815,True,3,False,False,""
A2,A-v2-complex,2-terminal,공격형-2종료위치,0.100,0.150,0.000,1.8,1,3F5F709DA48265EF,5,3,"LungeStrike(0)>DashRight>Lunge(5)>Attack>MoveLeft>Attack>MoveRight>Attack>Jump>LungeStrike(3)>DashBackward>LungeStrike(2)",0,34.000,7,15,12,5,4.263,1,2.408,False,15.750,12.053,0,180,3500004.000,738.200,0.000,3500742.000,419.322,B53DFA90FBF6657F,True,2,False,False,""
A2,A-v2-complex,2-terminal,공격형-2종료위치,0.100,0.150,0.000,1.8,1,3F5F709DA48265EF,6,1,"LungeStrike(0)>DashRight>Lunge(5)>Attack>MoveLeft>Attack>MoveRight>Attack>Jump>LungeStrike(3)>DashForward>LungeStrike(1)",0,34.000,7,15,12,5,4.492,1,2.371,False,16.097,12.060,0,180,3500004.000,738.200,0.000,3500742.000,420.971,BD17176102D6F0C7,True,1,True,False,"Beam 1위와 관측축 추천 일치"
A2,A-v2-complex,2-terminal,공격형-2종료위치,0.100,0.150,0.000,1.8,1,3F5F709DA48265EF,6,2,"LungeStrike(0)>DashRight>Lunge(5)>Attack>MoveLeft>Attack>Retreat>Attack>DashLeft>LungeStrike(3)>DashBackward>LungeStrike(2)",0,34.000,7,15,12,5,4.373,1,1.942,False,14.570,12.235,0,180,3500004.000,738.200,0.000,3500742.000,420.971,8595C84EEFCE8815,True,3,False,False,""
A2,A-v2-complex,2-terminal,공격형-2종료위치,0.100,0.150,0.000,1.8,1,3F5F709DA48265EF,6,3,"LungeStrike(0)>DashRight>Lunge(5)>Attack>MoveLeft>Attack>MoveRight>Attack>Jump>LungeStrike(3)>DashBackward>LungeStrike(2)",0,34.000,7,15,12,5,4.263,1,2.408,False,15.750,12.053,0,180,3500004.000,738.200,0.000,3500742.000,420.971,B53DFA90FBF6657F,True,2,False,False,""
A2,A-v2-complex,2-terminal,공격형-2종료위치,0.100,0.150,0.000,1.8,1,3F5F709DA48265EF,7,1,"LungeStrike(0)>DashRight>Lunge(5)>Attack>MoveLeft>Attack>MoveRight>Attack>Jump>LungeStrike(3)>DashForward>LungeStrike(1)",0,34.000,7,15,12,5,4.492,1,2.371,False,16.097,12.060,0,180,3500004.000,738.200,0.000,3500742.000,439.926,BD17176102D6F0C7,True,1,True,False,"Beam 1위와 관측축 추천 일치"
A2,A-v2-complex,2-terminal,공격형-2종료위치,0.100,0.150,0.000,1.8,1,3F5F709DA48265EF,7,2,"LungeStrike(0)>DashRight>Lunge(5)>Attack>MoveLeft>Attack>Retreat>Attack>DashLeft>LungeStrike(3)>DashBackward>LungeStrike(2)",0,34.000,7,15,12,5,4.373,1,1.942,False,14.570,12.235,0,180,3500004.000,738.200,0.000,3500742.000,439.926,8595C84EEFCE8815,True,3,False,False,""
A2,A-v2-complex,2-terminal,공격형-2종료위치,0.100,0.150,0.000,1.8,1,3F5F709DA48265EF,7,3,"LungeStrike(0)>DashRight>Lunge(5)>Attack>MoveLeft>Attack>MoveRight>Attack>Jump>LungeStrike(3)>DashBackward>LungeStrike(2)",0,34.000,7,15,12,5,4.263,1,2.408,False,15.750,12.053,0,180,3500004.000,738.200,0.000,3500742.000,439.926,B53DFA90FBF6657F,True,2,False,False,""
A2,A-v2-complex,2-terminal,공격형-2종료위치,0.100,0.150,0.000,1.8,1,3F5F709DA48265EF,8,1,"LungeStrike(0)>DashRight>Lunge(5)>Attack>MoveLeft>Attack>MoveRight>Attack>Jump>LungeStrike(3)>DashForward>LungeStrike(1)",0,34.000,7,15,12,5,4.492,1,2.371,False,16.097,12.060,0,180,3500004.000,738.200,0.000,3500742.000,455.531,BD17176102D6F0C7,True,1,True,False,"Beam 1위와 관측축 추천 일치"
A2,A-v2-complex,2-terminal,공격형-2종료위치,0.100,0.150,0.000,1.8,1,3F5F709DA48265EF,8,2,"LungeStrike(0)>DashRight>Lunge(5)>Attack>MoveLeft>Attack>Retreat>Attack>DashLeft>LungeStrike(3)>DashBackward>LungeStrike(2)",0,34.000,7,15,12,5,4.373,1,1.942,False,14.570,12.235,0,180,3500004.000,738.200,0.000,3500742.000,455.531,8595C84EEFCE8815,True,3,False,False,""
A2,A-v2-complex,2-terminal,공격형-2종료위치,0.100,0.150,0.000,1.8,1,3F5F709DA48265EF,8,3,"LungeStrike(0)>DashRight>Lunge(5)>Attack>MoveLeft>Attack>MoveRight>Attack>Jump>LungeStrike(3)>DashBackward>LungeStrike(2)",0,34.000,7,15,12,5,4.263,1,2.408,False,15.750,12.053,0,180,3500004.000,738.200,0.000,3500742.000,455.531,B53DFA90FBF6657F,True,2,False,False,""
A2,A-v2-complex,2-terminal,공격형-2종료위치,0.100,0.150,0.000,1.8,1,3F5F709DA48265EF,9,1,"LungeStrike(0)>DashRight>Lunge(5)>Attack>MoveLeft>Attack>MoveRight>Attack>Jump>LungeStrike(3)>DashForward>LungeStrike(1)",0,34.000,7,15,12,5,4.492,1,2.371,False,16.097,12.060,0,180,3500004.000,738.200,0.000,3500742.000,417.187,BD17176102D6F0C7,True,1,True,False,"Beam 1위와 관측축 추천 일치"
A2,A-v2-complex,2-terminal,공격형-2종료위치,0.100,0.150,0.000,1.8,1,3F5F709DA48265EF,9,2,"LungeStrike(0)>DashRight>Lunge(5)>Attack>MoveLeft>Attack>Retreat>Attack>DashLeft>LungeStrike(3)>DashBackward>LungeStrike(2)",0,34.000,7,15,12,5,4.373,1,1.942,False,14.570,12.235,0,180,3500004.000,738.200,0.000,3500742.000,417.187,8595C84EEFCE8815,True,3,False,False,""
A2,A-v2-complex,2-terminal,공격형-2종료위치,0.100,0.150,0.000,1.8,1,3F5F709DA48265EF,9,3,"LungeStrike(0)>DashRight>Lunge(5)>Attack>MoveLeft>Attack>MoveRight>Attack>Jump>LungeStrike(3)>DashBackward>LungeStrike(2)",0,34.000,7,15,12,5,4.263,1,2.408,False,15.750,12.053,0,180,3500004.000,738.200,0.000,3500742.000,417.187,B53DFA90FBF6657F,True,2,False,False,""
A2,A-v2-complex,2-terminal,공격형-2종료위치,0.100,0.150,0.000,1.8,1,3F5F709DA48265EF,10,1,"LungeStrike(0)>DashRight>Lunge(5)>Attack>MoveLeft>Attack>MoveRight>Attack>Jump>LungeStrike(3)>DashForward>LungeStrike(1)",0,34.000,7,15,12,5,4.492,1,2.371,False,16.097,12.060,0,180,3500004.000,738.200,0.000,3500742.000,423.768,BD17176102D6F0C7,True,1,True,False,"Beam 1위와 관측축 추천 일치"
A2,A-v2-complex,2-terminal,공격형-2종료위치,0.100,0.150,0.000,1.8,1,3F5F709DA48265EF,10,2,"LungeStrike(0)>DashRight>Lunge(5)>Attack>MoveLeft>Attack>Retreat>Attack>DashLeft>LungeStrike(3)>DashBackward>LungeStrike(2)",0,34.000,7,15,12,5,4.373,1,1.942,False,14.570,12.235,0,180,3500004.000,738.200,0.000,3500742.000,423.768,8595C84EEFCE8815,True,3,False,False,""
A2,A-v2-complex,2-terminal,공격형-2종료위치,0.100,0.150,0.000,1.8,1,3F5F709DA48265EF,10,3,"LungeStrike(0)>DashRight>Lunge(5)>Attack>MoveLeft>Attack>MoveRight>Attack>Jump>LungeStrike(3)>DashBackward>LungeStrike(2)",0,34.000,7,15,12,5,4.263,1,2.408,False,15.750,12.053,0,180,3500004.000,738.200,0.000,3500742.000,423.768,B53DFA90FBF6657F,True,2,False,False,""
A3,A-v2-complex,2-terminal,공격형-2종료위치,0.100,0.150,0.000,1.8,1,01880BEA0D35E61C,1,1,"Attack>DashForward>Attack>MoveLeft>Attack>MoveForward>Lunge(2)>Attack>MoveRight>Attack>Retreat>Attack",0,29.000,9,16,14,6,3.663,2,0.000,False,10.327,6.215,1,180,3499999.000,878.500,0.000,3500878.000,494.939,A0CA6604C4776456,True,1,True,False,"Beam 1위와 관측축 추천 일치"
A3,A-v2-complex,2-terminal,공격형-2종료위치,0.100,0.150,0.000,1.8,1,01880BEA0D35E61C,1,2,"Attack>DashForward>Attack>MoveLeft>Attack>MoveForward>Lunge(2)>Attack>MoveRight>Attack>DashBackward>Lunge(6)",0,29.000,9,16,14,6,3.481,2,0.000,False,9.961,7.922,1,180,3499999.000,878.500,0.000,3500878.000,494.939,B3AA95B991B533C7,True,2,False,False,""
A3,A-v2-complex,2-terminal,공격형-2종료위치,0.100,0.150,0.000,1.8,1,01880BEA0D35E61C,1,3,"Attack>DashForward>Attack>MoveLeft>Attack>MoveForward>Lunge(2)>Attack>MoveRight>Attack>DashRight>Lunge(6)",0,29.000,9,16,14,6,3.460,1,0.000,False,9.919,7.668,1,180,3499999.000,878.500,0.000,3500878.000,494.939,233E281119EBE4C4,True,3,False,False,""
A3,A-v2-complex,2-terminal,공격형-2종료위치,0.100,0.150,0.000,1.8,1,01880BEA0D35E61C,2,1,"Attack>DashForward>Attack>MoveLeft>Attack>MoveForward>Lunge(2)>Attack>MoveRight>Attack>Retreat>Attack",0,29.000,9,16,14,6,3.663,2,0.000,False,10.327,6.215,1,180,3499999.000,878.500,0.000,3500878.000,482.235,A0CA6604C4776456,True,1,True,False,"Beam 1위와 관측축 추천 일치"
A3,A-v2-complex,2-terminal,공격형-2종료위치,0.100,0.150,0.000,1.8,1,01880BEA0D35E61C,2,2,"Attack>DashForward>Attack>MoveLeft>Attack>MoveForward>Lunge(2)>Attack>MoveRight>Attack>DashBackward>Lunge(6)",0,29.000,9,16,14,6,3.481,2,0.000,False,9.961,7.922,1,180,3499999.000,878.500,0.000,3500878.000,482.235,B3AA95B991B533C7,True,2,False,False,""
A3,A-v2-complex,2-terminal,공격형-2종료위치,0.100,0.150,0.000,1.8,1,01880BEA0D35E61C,2,3,"Attack>DashForward>Attack>MoveLeft>Attack>MoveForward>Lunge(2)>Attack>MoveRight>Attack>DashRight>Lunge(6)",0,29.000,9,16,14,6,3.460,1,0.000,False,9.919,7.668,1,180,3499999.000,878.500,0.000,3500878.000,482.235,233E281119EBE4C4,True,3,False,False,""
A3,A-v2-complex,2-terminal,공격형-2종료위치,0.100,0.150,0.000,1.8,1,01880BEA0D35E61C,3,1,"Attack>DashForward>Attack>MoveLeft>Attack>MoveForward>Lunge(2)>Attack>MoveRight>Attack>Retreat>Attack",0,29.000,9,16,14,6,3.663,2,0.000,False,10.327,6.215,1,180,3499999.000,878.500,0.000,3500878.000,474.668,A0CA6604C4776456,True,1,True,False,"Beam 1위와 관측축 추천 일치"
A3,A-v2-complex,2-terminal,공격형-2종료위치,0.100,0.150,0.000,1.8,1,01880BEA0D35E61C,3,2,"Attack>DashForward>Attack>MoveLeft>Attack>MoveForward>Lunge(2)>Attack>MoveRight>Attack>DashBackward>Lunge(6)",0,29.000,9,16,14,6,3.481,2,0.000,False,9.961,7.922,1,180,3499999.000,878.500,0.000,3500878.000,474.668,B3AA95B991B533C7,True,2,False,False,""
A3,A-v2-complex,2-terminal,공격형-2종료위치,0.100,0.150,0.000,1.8,1,01880BEA0D35E61C,3,3,"Attack>DashForward>Attack>MoveLeft>Attack>MoveForward>Lunge(2)>Attack>MoveRight>Attack>DashRight>Lunge(6)",0,29.000,9,16,14,6,3.460,1,0.000,False,9.919,7.668,1,180,3499999.000,878.500,0.000,3500878.000,474.668,233E281119EBE4C4,True,3,False,False,""
A3,A-v2-complex,2-terminal,공격형-2종료위치,0.100,0.150,0.000,1.8,1,01880BEA0D35E61C,4,1,"Attack>DashForward>Attack>MoveLeft>Attack>MoveForward>Lunge(2)>Attack>MoveRight>Attack>Retreat>Attack",0,29.000,9,16,14,6,3.663,2,0.000,False,10.327,6.215,1,180,3499999.000,878.500,0.000,3500878.000,514.012,A0CA6604C4776456,True,1,True,False,"Beam 1위와 관측축 추천 일치"
A3,A-v2-complex,2-terminal,공격형-2종료위치,0.100,0.150,0.000,1.8,1,01880BEA0D35E61C,4,2,"Attack>DashForward>Attack>MoveLeft>Attack>MoveForward>Lunge(2)>Attack>MoveRight>Attack>DashBackward>Lunge(6)",0,29.000,9,16,14,6,3.481,2,0.000,False,9.961,7.922,1,180,3499999.000,878.500,0.000,3500878.000,514.012,B3AA95B991B533C7,True,2,False,False,""
A3,A-v2-complex,2-terminal,공격형-2종료위치,0.100,0.150,0.000,1.8,1,01880BEA0D35E61C,4,3,"Attack>DashForward>Attack>MoveLeft>Attack>MoveForward>Lunge(2)>Attack>MoveRight>Attack>DashRight>Lunge(6)",0,29.000,9,16,14,6,3.460,1,0.000,False,9.919,7.668,1,180,3499999.000,878.500,0.000,3500878.000,514.012,233E281119EBE4C4,True,3,False,False,""
A3,A-v2-complex,2-terminal,공격형-2종료위치,0.100,0.150,0.000,1.8,1,01880BEA0D35E61C,5,1,"Attack>DashForward>Attack>MoveLeft>Attack>MoveForward>Lunge(2)>Attack>MoveRight>Attack>Retreat>Attack",0,29.000,9,16,14,6,3.663,2,0.000,False,10.327,6.215,1,180,3499999.000,878.500,0.000,3500878.000,509.543,A0CA6604C4776456,True,1,True,False,"Beam 1위와 관측축 추천 일치"
A3,A-v2-complex,2-terminal,공격형-2종료위치,0.100,0.150,0.000,1.8,1,01880BEA0D35E61C,5,2,"Attack>DashForward>Attack>MoveLeft>Attack>MoveForward>Lunge(2)>Attack>MoveRight>Attack>DashBackward>Lunge(6)",0,29.000,9,16,14,6,3.481,2,0.000,False,9.961,7.922,1,180,3499999.000,878.500,0.000,3500878.000,509.543,B3AA95B991B533C7,True,2,False,False,""
A3,A-v2-complex,2-terminal,공격형-2종료위치,0.100,0.150,0.000,1.8,1,01880BEA0D35E61C,5,3,"Attack>DashForward>Attack>MoveLeft>Attack>MoveForward>Lunge(2)>Attack>MoveRight>Attack>DashRight>Lunge(6)",0,29.000,9,16,14,6,3.460,1,0.000,False,9.919,7.668,1,180,3499999.000,878.500,0.000,3500878.000,509.543,233E281119EBE4C4,True,3,False,False,""
A3,A-v2-complex,2-terminal,공격형-2종료위치,0.100,0.150,0.000,1.8,1,01880BEA0D35E61C,6,1,"Attack>DashForward>Attack>MoveLeft>Attack>MoveForward>Lunge(2)>Attack>MoveRight>Attack>Retreat>Attack",0,29.000,9,16,14,6,3.663,2,0.000,False,10.327,6.215,1,180,3499999.000,878.500,0.000,3500878.000,455.613,A0CA6604C4776456,True,1,True,False,"Beam 1위와 관측축 추천 일치"
A3,A-v2-complex,2-terminal,공격형-2종료위치,0.100,0.150,0.000,1.8,1,01880BEA0D35E61C,6,2,"Attack>DashForward>Attack>MoveLeft>Attack>MoveForward>Lunge(2)>Attack>MoveRight>Attack>DashBackward>Lunge(6)",0,29.000,9,16,14,6,3.481,2,0.000,False,9.961,7.922,1,180,3499999.000,878.500,0.000,3500878.000,455.613,B3AA95B991B533C7,True,2,False,False,""
A3,A-v2-complex,2-terminal,공격형-2종료위치,0.100,0.150,0.000,1.8,1,01880BEA0D35E61C,6,3,"Attack>DashForward>Attack>MoveLeft>Attack>MoveForward>Lunge(2)>Attack>MoveRight>Attack>DashRight>Lunge(6)",0,29.000,9,16,14,6,3.460,1,0.000,False,9.919,7.668,1,180,3499999.000,878.500,0.000,3500878.000,455.613,233E281119EBE4C4,True,3,False,False,""
A3,A-v2-complex,2-terminal,공격형-2종료위치,0.100,0.150,0.000,1.8,1,01880BEA0D35E61C,7,1,"Attack>DashForward>Attack>MoveLeft>Attack>MoveForward>Lunge(2)>Attack>MoveRight>Attack>Retreat>Attack",0,29.000,9,16,14,6,3.663,2,0.000,False,10.327,6.215,1,180,3499999.000,878.500,0.000,3500878.000,508.441,A0CA6604C4776456,True,1,True,False,"Beam 1위와 관측축 추천 일치"
A3,A-v2-complex,2-terminal,공격형-2종료위치,0.100,0.150,0.000,1.8,1,01880BEA0D35E61C,7,2,"Attack>DashForward>Attack>MoveLeft>Attack>MoveForward>Lunge(2)>Attack>MoveRight>Attack>DashBackward>Lunge(6)",0,29.000,9,16,14,6,3.481,2,0.000,False,9.961,7.922,1,180,3499999.000,878.500,0.000,3500878.000,508.441,B3AA95B991B533C7,True,2,False,False,""
A3,A-v2-complex,2-terminal,공격형-2종료위치,0.100,0.150,0.000,1.8,1,01880BEA0D35E61C,7,3,"Attack>DashForward>Attack>MoveLeft>Attack>MoveForward>Lunge(2)>Attack>MoveRight>Attack>DashRight>Lunge(6)",0,29.000,9,16,14,6,3.460,1,0.000,False,9.919,7.668,1,180,3499999.000,878.500,0.000,3500878.000,508.441,233E281119EBE4C4,True,3,False,False,""
A3,A-v2-complex,2-terminal,공격형-2종료위치,0.100,0.150,0.000,1.8,1,01880BEA0D35E61C,8,1,"Attack>DashForward>Attack>MoveLeft>Attack>MoveForward>Lunge(2)>Attack>MoveRight>Attack>Retreat>Attack",0,29.000,9,16,14,6,3.663,2,0.000,False,10.327,6.215,1,180,3499999.000,878.500,0.000,3500878.000,468.562,A0CA6604C4776456,True,1,True,False,"Beam 1위와 관측축 추천 일치"
A3,A-v2-complex,2-terminal,공격형-2종료위치,0.100,0.150,0.000,1.8,1,01880BEA0D35E61C,8,2,"Attack>DashForward>Attack>MoveLeft>Attack>MoveForward>Lunge(2)>Attack>MoveRight>Attack>DashBackward>Lunge(6)",0,29.000,9,16,14,6,3.481,2,0.000,False,9.961,7.922,1,180,3499999.000,878.500,0.000,3500878.000,468.562,B3AA95B991B533C7,True,2,False,False,""
A3,A-v2-complex,2-terminal,공격형-2종료위치,0.100,0.150,0.000,1.8,1,01880BEA0D35E61C,8,3,"Attack>DashForward>Attack>MoveLeft>Attack>MoveForward>Lunge(2)>Attack>MoveRight>Attack>DashRight>Lunge(6)",0,29.000,9,16,14,6,3.460,1,0.000,False,9.919,7.668,1,180,3499999.000,878.500,0.000,3500878.000,468.562,233E281119EBE4C4,True,3,False,False,""
A3,A-v2-complex,2-terminal,공격형-2종료위치,0.100,0.150,0.000,1.8,1,01880BEA0D35E61C,9,1,"Attack>DashForward>Attack>MoveLeft>Attack>MoveForward>Lunge(2)>Attack>MoveRight>Attack>Retreat>Attack",0,29.000,9,16,14,6,3.663,2,0.000,False,10.327,6.215,1,180,3499999.000,878.500,0.000,3500878.000,465.309,A0CA6604C4776456,True,1,True,False,"Beam 1위와 관측축 추천 일치"
A3,A-v2-complex,2-terminal,공격형-2종료위치,0.100,0.150,0.000,1.8,1,01880BEA0D35E61C,9,2,"Attack>DashForward>Attack>MoveLeft>Attack>MoveForward>Lunge(2)>Attack>MoveRight>Attack>DashBackward>Lunge(6)",0,29.000,9,16,14,6,3.481,2,0.000,False,9.961,7.922,1,180,3499999.000,878.500,0.000,3500878.000,465.309,B3AA95B991B533C7,True,2,False,False,""
A3,A-v2-complex,2-terminal,공격형-2종료위치,0.100,0.150,0.000,1.8,1,01880BEA0D35E61C,9,3,"Attack>DashForward>Attack>MoveLeft>Attack>MoveForward>Lunge(2)>Attack>MoveRight>Attack>DashRight>Lunge(6)",0,29.000,9,16,14,6,3.460,1,0.000,False,9.919,7.668,1,180,3499999.000,878.500,0.000,3500878.000,465.309,233E281119EBE4C4,True,3,False,False,""
A3,A-v2-complex,2-terminal,공격형-2종료위치,0.100,0.150,0.000,1.8,1,01880BEA0D35E61C,10,1,"Attack>DashForward>Attack>MoveLeft>Attack>MoveForward>Lunge(2)>Attack>MoveRight>Attack>Retreat>Attack",0,29.000,9,16,14,6,3.663,2,0.000,False,10.327,6.215,1,180,3499999.000,878.500,0.000,3500878.000,479.095,A0CA6604C4776456,True,1,True,False,"Beam 1위와 관측축 추천 일치"
A3,A-v2-complex,2-terminal,공격형-2종료위치,0.100,0.150,0.000,1.8,1,01880BEA0D35E61C,10,2,"Attack>DashForward>Attack>MoveLeft>Attack>MoveForward>Lunge(2)>Attack>MoveRight>Attack>DashBackward>Lunge(6)",0,29.000,9,16,14,6,3.481,2,0.000,False,9.961,7.922,1,180,3499999.000,878.500,0.000,3500878.000,479.095,B3AA95B991B533C7,True,2,False,False,""
A3,A-v2-complex,2-terminal,공격형-2종료위치,0.100,0.150,0.000,1.8,1,01880BEA0D35E61C,10,3,"Attack>DashForward>Attack>MoveLeft>Attack>MoveForward>Lunge(2)>Attack>MoveRight>Attack>DashRight>Lunge(6)",0,29.000,9,16,14,6,3.460,1,0.000,False,9.919,7.668,1,180,3499999.000,878.500,0.000,3500878.000,479.095,233E281119EBE4C4,True,3,False,False,""
A4,A-v2-complex,2-terminal,공격형-2종료위치,0.100,0.150,0.000,1.8,1,62F6E9F8D1F2129D,1,1,"Attack>DashForward>Attack>MoveLeft>Attack>DashForward>LungeStrike(17)>DashLeft>Lunge(9)>Attack>MoveLeft>Lunge(10)",1,29.000,9,17,18,9,3.440,3,0.000,True,10.880,10.087,3,180,3499969.000,896.100,0.000,3500865.000,762.199,84AF7D16C319FC53,True,2,False,True,""
A4,A-v2-complex,2-terminal,공격형-2종료위치,0.100,0.150,0.000,1.8,1,62F6E9F8D1F2129D,1,2,"Attack>DashForward>Attack>MoveLeft>Attack>DashForward>LungeStrike(17)>DashLeft>Lunge(9)>Attack>MoveLeft>Attack",1,29.000,9,17,18,9,3.476,3,0.000,False,2.952,9.355,3,180,3499967.000,896.100,0.000,3500863.000,762.199,EE9534D8EAD61921,True,3,False,True,""
A4,A-v2-complex,2-terminal,공격형-2종료위치,0.100,0.150,0.000,1.8,1,62F6E9F8D1F2129D,1,3,"Attack>DashForward>Attack>MoveLeft>Attack>DashForward>LungeStrike(17)>DashLeft>Lunge(9)>Attack>DashBackward>Lunge(10)",1,29.000,9,17,18,9,5.410,0,0.000,True,21.819,10.805,3,180,3499953.000,896.100,0.000,3500849.000,762.199,FB646DB73DF7B674,True,1,True,True,"종료 위치 품질 우세"
A4,A-v2-complex,2-terminal,공격형-2종료위치,0.100,0.150,0.000,1.8,1,62F6E9F8D1F2129D,2,1,"Attack>DashForward>Attack>MoveLeft>Attack>DashForward>LungeStrike(17)>DashLeft>Lunge(9)>Attack>MoveLeft>Lunge(10)",1,29.000,9,17,18,9,3.440,3,0.000,True,10.880,10.087,3,180,3499969.000,896.100,0.000,3500865.000,792.047,84AF7D16C319FC53,True,2,False,True,""
A4,A-v2-complex,2-terminal,공격형-2종료위치,0.100,0.150,0.000,1.8,1,62F6E9F8D1F2129D,2,2,"Attack>DashForward>Attack>MoveLeft>Attack>DashForward>LungeStrike(17)>DashLeft>Lunge(9)>Attack>MoveLeft>Attack",1,29.000,9,17,18,9,3.476,3,0.000,False,2.952,9.355,3,180,3499967.000,896.100,0.000,3500863.000,792.047,EE9534D8EAD61921,True,3,False,True,""
A4,A-v2-complex,2-terminal,공격형-2종료위치,0.100,0.150,0.000,1.8,1,62F6E9F8D1F2129D,2,3,"Attack>DashForward>Attack>MoveLeft>Attack>DashForward>LungeStrike(17)>DashLeft>Lunge(9)>Attack>DashBackward>Lunge(10)",1,29.000,9,17,18,9,5.410,0,0.000,True,21.819,10.805,3,180,3499953.000,896.100,0.000,3500849.000,792.047,FB646DB73DF7B674,True,1,True,True,"종료 위치 품질 우세"
A4,A-v2-complex,2-terminal,공격형-2종료위치,0.100,0.150,0.000,1.8,1,62F6E9F8D1F2129D,3,1,"Attack>DashForward>Attack>MoveLeft>Attack>DashForward>LungeStrike(17)>DashLeft>Lunge(9)>Attack>MoveLeft>Lunge(10)",1,29.000,9,17,18,9,3.440,3,0.000,True,10.880,10.087,3,180,3499969.000,896.100,0.000,3500865.000,772.317,84AF7D16C319FC53,True,2,False,True,""
A4,A-v2-complex,2-terminal,공격형-2종료위치,0.100,0.150,0.000,1.8,1,62F6E9F8D1F2129D,3,2,"Attack>DashForward>Attack>MoveLeft>Attack>DashForward>LungeStrike(17)>DashLeft>Lunge(9)>Attack>MoveLeft>Attack",1,29.000,9,17,18,9,3.476,3,0.000,False,2.952,9.355,3,180,3499967.000,896.100,0.000,3500863.000,772.317,EE9534D8EAD61921,True,3,False,True,""
A4,A-v2-complex,2-terminal,공격형-2종료위치,0.100,0.150,0.000,1.8,1,62F6E9F8D1F2129D,3,3,"Attack>DashForward>Attack>MoveLeft>Attack>DashForward>LungeStrike(17)>DashLeft>Lunge(9)>Attack>DashBackward>Lunge(10)",1,29.000,9,17,18,9,5.410,0,0.000,True,21.819,10.805,3,180,3499953.000,896.100,0.000,3500849.000,772.317,FB646DB73DF7B674,True,1,True,True,"종료 위치 품질 우세"
A4,A-v2-complex,2-terminal,공격형-2종료위치,0.100,0.150,0.000,1.8,1,62F6E9F8D1F2129D,4,1,"Attack>DashForward>Attack>MoveLeft>Attack>DashForward>LungeStrike(17)>DashLeft>Lunge(9)>Attack>MoveLeft>Lunge(10)",1,29.000,9,17,18,9,3.440,3,0.000,True,10.880,10.087,3,180,3499969.000,896.100,0.000,3500865.000,776.637,84AF7D16C319FC53,True,2,False,True,""
A4,A-v2-complex,2-terminal,공격형-2종료위치,0.100,0.150,0.000,1.8,1,62F6E9F8D1F2129D,4,2,"Attack>DashForward>Attack>MoveLeft>Attack>DashForward>LungeStrike(17)>DashLeft>Lunge(9)>Attack>MoveLeft>Attack",1,29.000,9,17,18,9,3.476,3,0.000,False,2.952,9.355,3,180,3499967.000,896.100,0.000,3500863.000,776.637,EE9534D8EAD61921,True,3,False,True,""
A4,A-v2-complex,2-terminal,공격형-2종료위치,0.100,0.150,0.000,1.8,1,62F6E9F8D1F2129D,4,3,"Attack>DashForward>Attack>MoveLeft>Attack>DashForward>LungeStrike(17)>DashLeft>Lunge(9)>Attack>DashBackward>Lunge(10)",1,29.000,9,17,18,9,5.410,0,0.000,True,21.819,10.805,3,180,3499953.000,896.100,0.000,3500849.000,776.637,FB646DB73DF7B674,True,1,True,True,"종료 위치 품질 우세"
A4,A-v2-complex,2-terminal,공격형-2종료위치,0.100,0.150,0.000,1.8,1,62F6E9F8D1F2129D,5,1,"Attack>DashForward>Attack>MoveLeft>Attack>DashForward>LungeStrike(17)>DashLeft>Lunge(9)>Attack>MoveLeft>Lunge(10)",1,29.000,9,17,18,9,3.440,3,0.000,True,10.880,10.087,3,180,3499969.000,896.100,0.000,3500865.000,755.296,84AF7D16C319FC53,True,2,False,True,""
A4,A-v2-complex,2-terminal,공격형-2종료위치,0.100,0.150,0.000,1.8,1,62F6E9F8D1F2129D,5,2,"Attack>DashForward>Attack>MoveLeft>Attack>DashForward>LungeStrike(17)>DashLeft>Lunge(9)>Attack>MoveLeft>Attack",1,29.000,9,17,18,9,3.476,3,0.000,False,2.952,9.355,3,180,3499967.000,896.100,0.000,3500863.000,755.296,EE9534D8EAD61921,True,3,False,True,""
A4,A-v2-complex,2-terminal,공격형-2종료위치,0.100,0.150,0.000,1.8,1,62F6E9F8D1F2129D,5,3,"Attack>DashForward>Attack>MoveLeft>Attack>DashForward>LungeStrike(17)>DashLeft>Lunge(9)>Attack>DashBackward>Lunge(10)",1,29.000,9,17,18,9,5.410,0,0.000,True,21.819,10.805,3,180,3499953.000,896.100,0.000,3500849.000,755.296,FB646DB73DF7B674,True,1,True,True,"종료 위치 품질 우세"
A4,A-v2-complex,2-terminal,공격형-2종료위치,0.100,0.150,0.000,1.8,1,62F6E9F8D1F2129D,6,1,"Attack>DashForward>Attack>MoveLeft>Attack>DashForward>LungeStrike(17)>DashLeft>Lunge(9)>Attack>MoveLeft>Lunge(10)",1,29.000,9,17,18,9,3.440,3,0.000,True,10.880,10.087,3,180,3499969.000,896.100,0.000,3500865.000,774.753,84AF7D16C319FC53,True,2,False,True,""
A4,A-v2-complex,2-terminal,공격형-2종료위치,0.100,0.150,0.000,1.8,1,62F6E9F8D1F2129D,6,2,"Attack>DashForward>Attack>MoveLeft>Attack>DashForward>LungeStrike(17)>DashLeft>Lunge(9)>Attack>MoveLeft>Attack",1,29.000,9,17,18,9,3.476,3,0.000,False,2.952,9.355,3,180,3499967.000,896.100,0.000,3500863.000,774.753,EE9534D8EAD61921,True,3,False,True,""
A4,A-v2-complex,2-terminal,공격형-2종료위치,0.100,0.150,0.000,1.8,1,62F6E9F8D1F2129D,6,3,"Attack>DashForward>Attack>MoveLeft>Attack>DashForward>LungeStrike(17)>DashLeft>Lunge(9)>Attack>DashBackward>Lunge(10)",1,29.000,9,17,18,9,5.410,0,0.000,True,21.819,10.805,3,180,3499953.000,896.100,0.000,3500849.000,774.753,FB646DB73DF7B674,True,1,True,True,"종료 위치 품질 우세"
A4,A-v2-complex,2-terminal,공격형-2종료위치,0.100,0.150,0.000,1.8,1,62F6E9F8D1F2129D,7,1,"Attack>DashForward>Attack>MoveLeft>Attack>DashForward>LungeStrike(17)>DashLeft>Lunge(9)>Attack>MoveLeft>Lunge(10)",1,29.000,9,17,18,9,3.440,3,0.000,True,10.880,10.087,3,180,3499969.000,896.100,0.000,3500865.000,760.438,84AF7D16C319FC53,True,2,False,True,""
A4,A-v2-complex,2-terminal,공격형-2종료위치,0.100,0.150,0.000,1.8,1,62F6E9F8D1F2129D,7,2,"Attack>DashForward>Attack>MoveLeft>Attack>DashForward>LungeStrike(17)>DashLeft>Lunge(9)>Attack>MoveLeft>Attack",1,29.000,9,17,18,9,3.476,3,0.000,False,2.952,9.355,3,180,3499967.000,896.100,0.000,3500863.000,760.438,EE9534D8EAD61921,True,3,False,True,""
A4,A-v2-complex,2-terminal,공격형-2종료위치,0.100,0.150,0.000,1.8,1,62F6E9F8D1F2129D,7,3,"Attack>DashForward>Attack>MoveLeft>Attack>DashForward>LungeStrike(17)>DashLeft>Lunge(9)>Attack>DashBackward>Lunge(10)",1,29.000,9,17,18,9,5.410,0,0.000,True,21.819,10.805,3,180,3499953.000,896.100,0.000,3500849.000,760.438,FB646DB73DF7B674,True,1,True,True,"종료 위치 품질 우세"
A4,A-v2-complex,2-terminal,공격형-2종료위치,0.100,0.150,0.000,1.8,1,62F6E9F8D1F2129D,8,1,"Attack>DashForward>Attack>MoveLeft>Attack>DashForward>LungeStrike(17)>DashLeft>Lunge(9)>Attack>MoveLeft>Lunge(10)",1,29.000,9,17,18,9,3.440,3,0.000,True,10.880,10.087,3,180,3499969.000,896.100,0.000,3500865.000,781.002,84AF7D16C319FC53,True,2,False,True,""
A4,A-v2-complex,2-terminal,공격형-2종료위치,0.100,0.150,0.000,1.8,1,62F6E9F8D1F2129D,8,2,"Attack>DashForward>Attack>MoveLeft>Attack>DashForward>LungeStrike(17)>DashLeft>Lunge(9)>Attack>MoveLeft>Attack",1,29.000,9,17,18,9,3.476,3,0.000,False,2.952,9.355,3,180,3499967.000,896.100,0.000,3500863.000,781.002,EE9534D8EAD61921,True,3,False,True,""
A4,A-v2-complex,2-terminal,공격형-2종료위치,0.100,0.150,0.000,1.8,1,62F6E9F8D1F2129D,8,3,"Attack>DashForward>Attack>MoveLeft>Attack>DashForward>LungeStrike(17)>DashLeft>Lunge(9)>Attack>DashBackward>Lunge(10)",1,29.000,9,17,18,9,5.410,0,0.000,True,21.819,10.805,3,180,3499953.000,896.100,0.000,3500849.000,781.002,FB646DB73DF7B674,True,1,True,True,"종료 위치 품질 우세"
A4,A-v2-complex,2-terminal,공격형-2종료위치,0.100,0.150,0.000,1.8,1,62F6E9F8D1F2129D,9,1,"Attack>DashForward>Attack>MoveLeft>Attack>DashForward>LungeStrike(17)>DashLeft>Lunge(9)>Attack>MoveLeft>Lunge(10)",1,29.000,9,17,18,9,3.440,3,0.000,True,10.880,10.087,3,180,3499969.000,896.100,0.000,3500865.000,800.002,84AF7D16C319FC53,True,2,False,True,""
A4,A-v2-complex,2-terminal,공격형-2종료위치,0.100,0.150,0.000,1.8,1,62F6E9F8D1F2129D,9,2,"Attack>DashForward>Attack>MoveLeft>Attack>DashForward>LungeStrike(17)>DashLeft>Lunge(9)>Attack>MoveLeft>Attack",1,29.000,9,17,18,9,3.476,3,0.000,False,2.952,9.355,3,180,3499967.000,896.100,0.000,3500863.000,800.002,EE9534D8EAD61921,True,3,False,True,""
A4,A-v2-complex,2-terminal,공격형-2종료위치,0.100,0.150,0.000,1.8,1,62F6E9F8D1F2129D,9,3,"Attack>DashForward>Attack>MoveLeft>Attack>DashForward>LungeStrike(17)>DashLeft>Lunge(9)>Attack>DashBackward>Lunge(10)",1,29.000,9,17,18,9,5.410,0,0.000,True,21.819,10.805,3,180,3499953.000,896.100,0.000,3500849.000,800.002,FB646DB73DF7B674,True,1,True,True,"종료 위치 품질 우세"
A4,A-v2-complex,2-terminal,공격형-2종료위치,0.100,0.150,0.000,1.8,1,62F6E9F8D1F2129D,10,1,"Attack>DashForward>Attack>MoveLeft>Attack>DashForward>LungeStrike(17)>DashLeft>Lunge(9)>Attack>MoveLeft>Lunge(10)",1,29.000,9,17,18,9,3.440,3,0.000,True,10.880,10.087,3,180,3499969.000,896.100,0.000,3500865.000,753.378,84AF7D16C319FC53,True,2,False,True,""
A4,A-v2-complex,2-terminal,공격형-2종료위치,0.100,0.150,0.000,1.8,1,62F6E9F8D1F2129D,10,2,"Attack>DashForward>Attack>MoveLeft>Attack>DashForward>LungeStrike(17)>DashLeft>Lunge(9)>Attack>MoveLeft>Attack",1,29.000,9,17,18,9,3.476,3,0.000,False,2.952,9.355,3,180,3499967.000,896.100,0.000,3500863.000,753.378,EE9534D8EAD61921,True,3,False,True,""
A4,A-v2-complex,2-terminal,공격형-2종료위치,0.100,0.150,0.000,1.8,1,62F6E9F8D1F2129D,10,3,"Attack>DashForward>Attack>MoveLeft>Attack>DashForward>LungeStrike(17)>DashLeft>Lunge(9)>Attack>DashBackward>Lunge(10)",1,29.000,9,17,18,9,5.410,0,0.000,True,21.819,10.805,3,180,3499953.000,896.100,0.000,3500849.000,753.378,FB646DB73DF7B674,True,1,True,True,"종료 위치 품질 우세"
A1,A-v2-complex,3-difficulty-final,공격형,0.100,0.150,0.100,1.8,1,50DEB425210D7347,1,1,"Lunge(0)>Attack>DashForward>Lunge(7)>Attack>DashLeft>Lunge(7)>Attack>MoveLeft>Attack>MoveForward>MoveLeft",0,34.000,6,18,16,10,2.905,2,0.000,True,16.809,8.542,0,180,3500004.000,716.200,-0.854,3500719.000,822.863,626D2EE65D1A54C4,True,2,False,True,""
A1,A-v2-complex,3-difficulty-final,공격형,0.100,0.150,0.100,1.8,1,50DEB425210D7347,1,2,"Lunge(0)>Attack>Wait>Attack>MoveLeft>Attack>DashRight>Lunge(12)>Attack>MoveRight>Attack>DashBackward",0,34.000,6,19,16,10,6.500,0,0.000,True,24.001,7.420,6,180,3499985.000,733.800,-0.742,3500718.000,822.863,4DA631F7D9EA1C8D,True,1,True,True,"피해량 우세"
A1,A-v2-complex,3-difficulty-final,공격형,0.100,0.150,0.100,1.8,1,50DEB425210D7347,1,3,"Lunge(0)>Attack>DashForward>Lunge(7)>Attack>DashLeft>Lunge(7)>Attack>MoveLeft>Attack>MoveForward>MoveForward",0,34.000,6,18,16,10,0.695,3,0.000,True,5.390,8.542,0,180,3500001.000,716.200,-0.854,3500716.000,822.863,3126D17841629A95,True,3,False,True,""
A1,A-v2-complex,3-difficulty-final,공격형,0.100,0.150,0.100,1.8,1,50DEB425210D7347,2,1,"Lunge(0)>Attack>DashForward>Lunge(7)>Attack>DashLeft>Lunge(7)>Attack>MoveLeft>Attack>MoveForward>MoveLeft",0,34.000,6,18,16,10,2.905,2,0.000,True,16.809,8.542,0,180,3500004.000,716.200,-0.854,3500719.000,890.049,626D2EE65D1A54C4,True,2,False,True,""
A1,A-v2-complex,3-difficulty-final,공격형,0.100,0.150,0.100,1.8,1,50DEB425210D7347,2,2,"Lunge(0)>Attack>Wait>Attack>MoveLeft>Attack>DashRight>Lunge(12)>Attack>MoveRight>Attack>DashBackward",0,34.000,6,19,16,10,6.500,0,0.000,True,24.001,7.420,6,180,3499985.000,733.800,-0.742,3500718.000,890.049,4DA631F7D9EA1C8D,True,1,True,True,"피해량 우세"
A1,A-v2-complex,3-difficulty-final,공격형,0.100,0.150,0.100,1.8,1,50DEB425210D7347,2,3,"Lunge(0)>Attack>DashForward>Lunge(7)>Attack>DashLeft>Lunge(7)>Attack>MoveLeft>Attack>MoveForward>MoveForward",0,34.000,6,18,16,10,0.695,3,0.000,True,5.390,8.542,0,180,3500001.000,716.200,-0.854,3500716.000,890.049,3126D17841629A95,True,3,False,True,""
A1,A-v2-complex,3-difficulty-final,공격형,0.100,0.150,0.100,1.8,1,50DEB425210D7347,3,1,"Lunge(0)>Attack>DashForward>Lunge(7)>Attack>DashLeft>Lunge(7)>Attack>MoveLeft>Attack>MoveForward>MoveLeft",0,34.000,6,18,16,10,2.905,2,0.000,True,16.809,8.542,0,180,3500004.000,716.200,-0.854,3500719.000,808.107,626D2EE65D1A54C4,True,2,False,True,""
A1,A-v2-complex,3-difficulty-final,공격형,0.100,0.150,0.100,1.8,1,50DEB425210D7347,3,2,"Lunge(0)>Attack>Wait>Attack>MoveLeft>Attack>DashRight>Lunge(12)>Attack>MoveRight>Attack>DashBackward",0,34.000,6,19,16,10,6.500,0,0.000,True,24.001,7.420,6,180,3499985.000,733.800,-0.742,3500718.000,808.107,4DA631F7D9EA1C8D,True,1,True,True,"피해량 우세"
A1,A-v2-complex,3-difficulty-final,공격형,0.100,0.150,0.100,1.8,1,50DEB425210D7347,3,3,"Lunge(0)>Attack>DashForward>Lunge(7)>Attack>DashLeft>Lunge(7)>Attack>MoveLeft>Attack>MoveForward>MoveForward",0,34.000,6,18,16,10,0.695,3,0.000,True,5.390,8.542,0,180,3500001.000,716.200,-0.854,3500716.000,808.107,3126D17841629A95,True,3,False,True,""
A1,A-v2-complex,3-difficulty-final,공격형,0.100,0.150,0.100,1.8,1,50DEB425210D7347,4,1,"Lunge(0)>Attack>DashForward>Lunge(7)>Attack>DashLeft>Lunge(7)>Attack>MoveLeft>Attack>MoveForward>MoveLeft",0,34.000,6,18,16,10,2.905,2,0.000,True,16.809,8.542,0,180,3500004.000,716.200,-0.854,3500719.000,805.001,626D2EE65D1A54C4,True,2,False,True,""
A1,A-v2-complex,3-difficulty-final,공격형,0.100,0.150,0.100,1.8,1,50DEB425210D7347,4,2,"Lunge(0)>Attack>Wait>Attack>MoveLeft>Attack>DashRight>Lunge(12)>Attack>MoveRight>Attack>DashBackward",0,34.000,6,19,16,10,6.500,0,0.000,True,24.001,7.420,6,180,3499985.000,733.800,-0.742,3500718.000,805.001,4DA631F7D9EA1C8D,True,1,True,True,"피해량 우세"
A1,A-v2-complex,3-difficulty-final,공격형,0.100,0.150,0.100,1.8,1,50DEB425210D7347,4,3,"Lunge(0)>Attack>DashForward>Lunge(7)>Attack>DashLeft>Lunge(7)>Attack>MoveLeft>Attack>MoveForward>MoveForward",0,34.000,6,18,16,10,0.695,3,0.000,True,5.390,8.542,0,180,3500001.000,716.200,-0.854,3500716.000,805.001,3126D17841629A95,True,3,False,True,""
A1,A-v2-complex,3-difficulty-final,공격형,0.100,0.150,0.100,1.8,1,50DEB425210D7347,5,1,"Lunge(0)>Attack>DashForward>Lunge(7)>Attack>DashLeft>Lunge(7)>Attack>MoveLeft>Attack>MoveForward>MoveLeft",0,34.000,6,18,16,10,2.905,2,0.000,True,16.809,8.542,0,180,3500004.000,716.200,-0.854,3500719.000,800.084,626D2EE65D1A54C4,True,2,False,True,""
A1,A-v2-complex,3-difficulty-final,공격형,0.100,0.150,0.100,1.8,1,50DEB425210D7347,5,2,"Lunge(0)>Attack>Wait>Attack>MoveLeft>Attack>DashRight>Lunge(12)>Attack>MoveRight>Attack>DashBackward",0,34.000,6,19,16,10,6.500,0,0.000,True,24.001,7.420,6,180,3499985.000,733.800,-0.742,3500718.000,800.084,4DA631F7D9EA1C8D,True,1,True,True,"피해량 우세"
A1,A-v2-complex,3-difficulty-final,공격형,0.100,0.150,0.100,1.8,1,50DEB425210D7347,5,3,"Lunge(0)>Attack>DashForward>Lunge(7)>Attack>DashLeft>Lunge(7)>Attack>MoveLeft>Attack>MoveForward>MoveForward",0,34.000,6,18,16,10,0.695,3,0.000,True,5.390,8.542,0,180,3500001.000,716.200,-0.854,3500716.000,800.084,3126D17841629A95,True,3,False,True,""
A1,A-v2-complex,3-difficulty-final,공격형,0.100,0.150,0.100,1.8,1,50DEB425210D7347,6,1,"Lunge(0)>Attack>DashForward>Lunge(7)>Attack>DashLeft>Lunge(7)>Attack>MoveLeft>Attack>MoveForward>MoveLeft",0,34.000,6,18,16,10,2.905,2,0.000,True,16.809,8.542,0,180,3500004.000,716.200,-0.854,3500719.000,804.300,626D2EE65D1A54C4,True,2,False,True,""
A1,A-v2-complex,3-difficulty-final,공격형,0.100,0.150,0.100,1.8,1,50DEB425210D7347,6,2,"Lunge(0)>Attack>Wait>Attack>MoveLeft>Attack>DashRight>Lunge(12)>Attack>MoveRight>Attack>DashBackward",0,34.000,6,19,16,10,6.500,0,0.000,True,24.001,7.420,6,180,3499985.000,733.800,-0.742,3500718.000,804.300,4DA631F7D9EA1C8D,True,1,True,True,"피해량 우세"
A1,A-v2-complex,3-difficulty-final,공격형,0.100,0.150,0.100,1.8,1,50DEB425210D7347,6,3,"Lunge(0)>Attack>DashForward>Lunge(7)>Attack>DashLeft>Lunge(7)>Attack>MoveLeft>Attack>MoveForward>MoveForward",0,34.000,6,18,16,10,0.695,3,0.000,True,5.390,8.542,0,180,3500001.000,716.200,-0.854,3500716.000,804.300,3126D17841629A95,True,3,False,True,""
A1,A-v2-complex,3-difficulty-final,공격형,0.100,0.150,0.100,1.8,1,50DEB425210D7347,7,1,"Lunge(0)>Attack>DashForward>Lunge(7)>Attack>DashLeft>Lunge(7)>Attack>MoveLeft>Attack>MoveForward>MoveLeft",0,34.000,6,18,16,10,2.905,2,0.000,True,16.809,8.542,0,180,3500004.000,716.200,-0.854,3500719.000,824.640,626D2EE65D1A54C4,True,2,False,True,""
A1,A-v2-complex,3-difficulty-final,공격형,0.100,0.150,0.100,1.8,1,50DEB425210D7347,7,2,"Lunge(0)>Attack>Wait>Attack>MoveLeft>Attack>DashRight>Lunge(12)>Attack>MoveRight>Attack>DashBackward",0,34.000,6,19,16,10,6.500,0,0.000,True,24.001,7.420,6,180,3499985.000,733.800,-0.742,3500718.000,824.640,4DA631F7D9EA1C8D,True,1,True,True,"피해량 우세"
A1,A-v2-complex,3-difficulty-final,공격형,0.100,0.150,0.100,1.8,1,50DEB425210D7347,7,3,"Lunge(0)>Attack>DashForward>Lunge(7)>Attack>DashLeft>Lunge(7)>Attack>MoveLeft>Attack>MoveForward>MoveForward",0,34.000,6,18,16,10,0.695,3,0.000,True,5.390,8.542,0,180,3500001.000,716.200,-0.854,3500716.000,824.640,3126D17841629A95,True,3,False,True,""
A1,A-v2-complex,3-difficulty-final,공격형,0.100,0.150,0.100,1.8,1,50DEB425210D7347,8,1,"Lunge(0)>Attack>DashForward>Lunge(7)>Attack>DashLeft>Lunge(7)>Attack>MoveLeft>Attack>MoveForward>MoveLeft",0,34.000,6,18,16,10,2.905,2,0.000,True,16.809,8.542,0,180,3500004.000,716.200,-0.854,3500719.000,858.357,626D2EE65D1A54C4,True,2,False,True,""
A1,A-v2-complex,3-difficulty-final,공격형,0.100,0.150,0.100,1.8,1,50DEB425210D7347,8,2,"Lunge(0)>Attack>Wait>Attack>MoveLeft>Attack>DashRight>Lunge(12)>Attack>MoveRight>Attack>DashBackward",0,34.000,6,19,16,10,6.500,0,0.000,True,24.001,7.420,6,180,3499985.000,733.800,-0.742,3500718.000,858.357,4DA631F7D9EA1C8D,True,1,True,True,"피해량 우세"
A1,A-v2-complex,3-difficulty-final,공격형,0.100,0.150,0.100,1.8,1,50DEB425210D7347,8,3,"Lunge(0)>Attack>DashForward>Lunge(7)>Attack>DashLeft>Lunge(7)>Attack>MoveLeft>Attack>MoveForward>MoveForward",0,34.000,6,18,16,10,0.695,3,0.000,True,5.390,8.542,0,180,3500001.000,716.200,-0.854,3500716.000,858.357,3126D17841629A95,True,3,False,True,""
A1,A-v2-complex,3-difficulty-final,공격형,0.100,0.150,0.100,1.8,1,50DEB425210D7347,9,1,"Lunge(0)>Attack>DashForward>Lunge(7)>Attack>DashLeft>Lunge(7)>Attack>MoveLeft>Attack>MoveForward>MoveLeft",0,34.000,6,18,16,10,2.905,2,0.000,True,16.809,8.542,0,180,3500004.000,716.200,-0.854,3500719.000,831.006,626D2EE65D1A54C4,True,2,False,True,""
A1,A-v2-complex,3-difficulty-final,공격형,0.100,0.150,0.100,1.8,1,50DEB425210D7347,9,2,"Lunge(0)>Attack>Wait>Attack>MoveLeft>Attack>DashRight>Lunge(12)>Attack>MoveRight>Attack>DashBackward",0,34.000,6,19,16,10,6.500,0,0.000,True,24.001,7.420,6,180,3499985.000,733.800,-0.742,3500718.000,831.006,4DA631F7D9EA1C8D,True,1,True,True,"피해량 우세"
A1,A-v2-complex,3-difficulty-final,공격형,0.100,0.150,0.100,1.8,1,50DEB425210D7347,9,3,"Lunge(0)>Attack>DashForward>Lunge(7)>Attack>DashLeft>Lunge(7)>Attack>MoveLeft>Attack>MoveForward>MoveForward",0,34.000,6,18,16,10,0.695,3,0.000,True,5.390,8.542,0,180,3500001.000,716.200,-0.854,3500716.000,831.006,3126D17841629A95,True,3,False,True,""
A1,A-v2-complex,3-difficulty-final,공격형,0.100,0.150,0.100,1.8,1,50DEB425210D7347,10,1,"Lunge(0)>Attack>DashForward>Lunge(7)>Attack>DashLeft>Lunge(7)>Attack>MoveLeft>Attack>MoveForward>MoveLeft",0,34.000,6,18,16,10,2.905,2,0.000,True,16.809,8.542,0,180,3500004.000,716.200,-0.854,3500719.000,836.410,626D2EE65D1A54C4,True,2,False,True,""
A1,A-v2-complex,3-difficulty-final,공격형,0.100,0.150,0.100,1.8,1,50DEB425210D7347,10,2,"Lunge(0)>Attack>Wait>Attack>MoveLeft>Attack>DashRight>Lunge(12)>Attack>MoveRight>Attack>DashBackward",0,34.000,6,19,16,10,6.500,0,0.000,True,24.001,7.420,6,180,3499985.000,733.800,-0.742,3500718.000,836.410,4DA631F7D9EA1C8D,True,1,True,True,"피해량 우세"
A1,A-v2-complex,3-difficulty-final,공격형,0.100,0.150,0.100,1.8,1,50DEB425210D7347,10,3,"Lunge(0)>Attack>DashForward>Lunge(7)>Attack>DashLeft>Lunge(7)>Attack>MoveLeft>Attack>MoveForward>MoveForward",0,34.000,6,18,16,10,0.695,3,0.000,True,5.390,8.542,0,180,3500001.000,716.200,-0.854,3500716.000,836.410,3126D17841629A95,True,3,False,True,""
A2,A-v2-complex,3-difficulty-final,공격형,0.100,0.150,0.100,1.8,1,3F5F709DA48265EF,1,1,"LungeStrike(0)>DashRight>Lunge(5)>Attack>MoveLeft>Attack>Retreat>Attack>DashLeft>LungeStrike(3)>DashBackward>LungeStrike(2)",0,34.000,7,15,12,5,4.373,1,1.942,False,14.570,12.235,0,180,3500004.000,738.200,-1.223,3500741.000,419.940,8595C84EEFCE8815,True,1,True,False,"Beam 1위와 관측축 추천 일치"
A2,A-v2-complex,3-difficulty-final,공격형,0.100,0.150,0.100,1.8,1,3F5F709DA48265EF,1,2,"LungeStrike(0)>DashRight>Lunge(5)>Attack>MoveLeft>Attack>MoveRight>Attack>Wait>LungeStrike(3)>DashBackward>LungeStrike(2)",0,34.000,7,15,12,5,4.263,1,1.942,False,14.350,11.253,0,180,3500004.000,738.200,-1.125,3500741.000,419.940,5907D7B4D6E7FFC5,True,2,False,False,""
A2,A-v2-complex,3-difficulty-final,공격형,0.100,0.150,0.100,1.8,1,3F5F709DA48265EF,1,3,"LungeStrike(0)>DashRight>Lunge(5)>Attack>MoveLeft>Attack>Retreat>Attack>DashLeft>LungeStrike(3)>DashRight>LungeStrike(2)",0,34.000,7,15,12,5,3.744,2,1.942,False,13.313,12.219,0,180,3500003.000,738.200,-1.222,3500740.000,419.940,443AD4995992E909,True,3,False,False,""
A2,A-v2-complex,3-difficulty-final,공격형,0.100,0.150,0.100,1.8,1,3F5F709DA48265EF,2,1,"LungeStrike(0)>DashRight>Lunge(5)>Attack>MoveLeft>Attack>Retreat>Attack>DashLeft>LungeStrike(3)>DashBackward>LungeStrike(2)",0,34.000,7,15,12,5,4.373,1,1.942,False,14.570,12.235,0,180,3500004.000,738.200,-1.223,3500741.000,422.892,8595C84EEFCE8815,True,1,True,False,"Beam 1위와 관측축 추천 일치"
A2,A-v2-complex,3-difficulty-final,공격형,0.100,0.150,0.100,1.8,1,3F5F709DA48265EF,2,2,"LungeStrike(0)>DashRight>Lunge(5)>Attack>MoveLeft>Attack>MoveRight>Attack>Wait>LungeStrike(3)>DashBackward>LungeStrike(2)",0,34.000,7,15,12,5,4.263,1,1.942,False,14.350,11.253,0,180,3500004.000,738.200,-1.125,3500741.000,422.892,5907D7B4D6E7FFC5,True,2,False,False,""
A2,A-v2-complex,3-difficulty-final,공격형,0.100,0.150,0.100,1.8,1,3F5F709DA48265EF,2,3,"LungeStrike(0)>DashRight>Lunge(5)>Attack>MoveLeft>Attack>Retreat>Attack>DashLeft>LungeStrike(3)>DashRight>LungeStrike(2)",0,34.000,7,15,12,5,3.744,2,1.942,False,13.313,12.219,0,180,3500003.000,738.200,-1.222,3500740.000,422.892,443AD4995992E909,True,3,False,False,""
A2,A-v2-complex,3-difficulty-final,공격형,0.100,0.150,0.100,1.8,1,3F5F709DA48265EF,3,1,"LungeStrike(0)>DashRight>Lunge(5)>Attack>MoveLeft>Attack>Retreat>Attack>DashLeft>LungeStrike(3)>DashBackward>LungeStrike(2)",0,34.000,7,15,12,5,4.373,1,1.942,False,14.570,12.235,0,180,3500004.000,738.200,-1.223,3500741.000,418.282,8595C84EEFCE8815,True,1,True,False,"Beam 1위와 관측축 추천 일치"
A2,A-v2-complex,3-difficulty-final,공격형,0.100,0.150,0.100,1.8,1,3F5F709DA48265EF,3,2,"LungeStrike(0)>DashRight>Lunge(5)>Attack>MoveLeft>Attack>MoveRight>Attack>Wait>LungeStrike(3)>DashBackward>LungeStrike(2)",0,34.000,7,15,12,5,4.263,1,1.942,False,14.350,11.253,0,180,3500004.000,738.200,-1.125,3500741.000,418.282,5907D7B4D6E7FFC5,True,2,False,False,""
A2,A-v2-complex,3-difficulty-final,공격형,0.100,0.150,0.100,1.8,1,3F5F709DA48265EF,3,3,"LungeStrike(0)>DashRight>Lunge(5)>Attack>MoveLeft>Attack>Retreat>Attack>DashLeft>LungeStrike(3)>DashRight>LungeStrike(2)",0,34.000,7,15,12,5,3.744,2,1.942,False,13.313,12.219,0,180,3500003.000,738.200,-1.222,3500740.000,418.282,443AD4995992E909,True,3,False,False,""
A2,A-v2-complex,3-difficulty-final,공격형,0.100,0.150,0.100,1.8,1,3F5F709DA48265EF,4,1,"LungeStrike(0)>DashRight>Lunge(5)>Attack>MoveLeft>Attack>Retreat>Attack>DashLeft>LungeStrike(3)>DashBackward>LungeStrike(2)",0,34.000,7,15,12,5,4.373,1,1.942,False,14.570,12.235,0,180,3500004.000,738.200,-1.223,3500741.000,433.371,8595C84EEFCE8815,True,1,True,False,"Beam 1위와 관측축 추천 일치"
A2,A-v2-complex,3-difficulty-final,공격형,0.100,0.150,0.100,1.8,1,3F5F709DA48265EF,4,2,"LungeStrike(0)>DashRight>Lunge(5)>Attack>MoveLeft>Attack>MoveRight>Attack>Wait>LungeStrike(3)>DashBackward>LungeStrike(2)",0,34.000,7,15,12,5,4.263,1,1.942,False,14.350,11.253,0,180,3500004.000,738.200,-1.125,3500741.000,433.371,5907D7B4D6E7FFC5,True,2,False,False,""
A2,A-v2-complex,3-difficulty-final,공격형,0.100,0.150,0.100,1.8,1,3F5F709DA48265EF,4,3,"LungeStrike(0)>DashRight>Lunge(5)>Attack>MoveLeft>Attack>Retreat>Attack>DashLeft>LungeStrike(3)>DashRight>LungeStrike(2)",0,34.000,7,15,12,5,3.744,2,1.942,False,13.313,12.219,0,180,3500003.000,738.200,-1.222,3500740.000,433.371,443AD4995992E909,True,3,False,False,""
A2,A-v2-complex,3-difficulty-final,공격형,0.100,0.150,0.100,1.8,1,3F5F709DA48265EF,5,1,"LungeStrike(0)>DashRight>Lunge(5)>Attack>MoveLeft>Attack>Retreat>Attack>DashLeft>LungeStrike(3)>DashBackward>LungeStrike(2)",0,34.000,7,15,12,5,4.373,1,1.942,False,14.570,12.235,0,180,3500004.000,738.200,-1.223,3500741.000,438.305,8595C84EEFCE8815,True,1,True,False,"Beam 1위와 관측축 추천 일치"
A2,A-v2-complex,3-difficulty-final,공격형,0.100,0.150,0.100,1.8,1,3F5F709DA48265EF,5,2,"LungeStrike(0)>DashRight>Lunge(5)>Attack>MoveLeft>Attack>MoveRight>Attack>Wait>LungeStrike(3)>DashBackward>LungeStrike(2)",0,34.000,7,15,12,5,4.263,1,1.942,False,14.350,11.253,0,180,3500004.000,738.200,-1.125,3500741.000,438.305,5907D7B4D6E7FFC5,True,2,False,False,""
A2,A-v2-complex,3-difficulty-final,공격형,0.100,0.150,0.100,1.8,1,3F5F709DA48265EF,5,3,"LungeStrike(0)>DashRight>Lunge(5)>Attack>MoveLeft>Attack>Retreat>Attack>DashLeft>LungeStrike(3)>DashRight>LungeStrike(2)",0,34.000,7,15,12,5,3.744,2,1.942,False,13.313,12.219,0,180,3500003.000,738.200,-1.222,3500740.000,438.305,443AD4995992E909,True,3,False,False,""
A2,A-v2-complex,3-difficulty-final,공격형,0.100,0.150,0.100,1.8,1,3F5F709DA48265EF,6,1,"LungeStrike(0)>DashRight>Lunge(5)>Attack>MoveLeft>Attack>Retreat>Attack>DashLeft>LungeStrike(3)>DashBackward>LungeStrike(2)",0,34.000,7,15,12,5,4.373,1,1.942,False,14.570,12.235,0,180,3500004.000,738.200,-1.223,3500741.000,410.677,8595C84EEFCE8815,True,1,True,False,"Beam 1위와 관측축 추천 일치"
A2,A-v2-complex,3-difficulty-final,공격형,0.100,0.150,0.100,1.8,1,3F5F709DA48265EF,6,2,"LungeStrike(0)>DashRight>Lunge(5)>Attack>MoveLeft>Attack>MoveRight>Attack>Wait>LungeStrike(3)>DashBackward>LungeStrike(2)",0,34.000,7,15,12,5,4.263,1,1.942,False,14.350,11.253,0,180,3500004.000,738.200,-1.125,3500741.000,410.677,5907D7B4D6E7FFC5,True,2,False,False,""
A2,A-v2-complex,3-difficulty-final,공격형,0.100,0.150,0.100,1.8,1,3F5F709DA48265EF,6,3,"LungeStrike(0)>DashRight>Lunge(5)>Attack>MoveLeft>Attack>Retreat>Attack>DashLeft>LungeStrike(3)>DashRight>LungeStrike(2)",0,34.000,7,15,12,5,3.744,2,1.942,False,13.313,12.219,0,180,3500003.000,738.200,-1.222,3500740.000,410.677,443AD4995992E909,True,3,False,False,""
A2,A-v2-complex,3-difficulty-final,공격형,0.100,0.150,0.100,1.8,1,3F5F709DA48265EF,7,1,"LungeStrike(0)>DashRight>Lunge(5)>Attack>MoveLeft>Attack>Retreat>Attack>DashLeft>LungeStrike(3)>DashBackward>LungeStrike(2)",0,34.000,7,15,12,5,4.373,1,1.942,False,14.570,12.235,0,180,3500004.000,738.200,-1.223,3500741.000,426.803,8595C84EEFCE8815,True,1,True,False,"Beam 1위와 관측축 추천 일치"
A2,A-v2-complex,3-difficulty-final,공격형,0.100,0.150,0.100,1.8,1,3F5F709DA48265EF,7,2,"LungeStrike(0)>DashRight>Lunge(5)>Attack>MoveLeft>Attack>MoveRight>Attack>Wait>LungeStrike(3)>DashBackward>LungeStrike(2)",0,34.000,7,15,12,5,4.263,1,1.942,False,14.350,11.253,0,180,3500004.000,738.200,-1.125,3500741.000,426.803,5907D7B4D6E7FFC5,True,2,False,False,""
A2,A-v2-complex,3-difficulty-final,공격형,0.100,0.150,0.100,1.8,1,3F5F709DA48265EF,7,3,"LungeStrike(0)>DashRight>Lunge(5)>Attack>MoveLeft>Attack>Retreat>Attack>DashLeft>LungeStrike(3)>DashRight>LungeStrike(2)",0,34.000,7,15,12,5,3.744,2,1.942,False,13.313,12.219,0,180,3500003.000,738.200,-1.222,3500740.000,426.803,443AD4995992E909,True,3,False,False,""
A2,A-v2-complex,3-difficulty-final,공격형,0.100,0.150,0.100,1.8,1,3F5F709DA48265EF,8,1,"LungeStrike(0)>DashRight>Lunge(5)>Attack>MoveLeft>Attack>Retreat>Attack>DashLeft>LungeStrike(3)>DashBackward>LungeStrike(2)",0,34.000,7,15,12,5,4.373,1,1.942,False,14.570,12.235,0,180,3500004.000,738.200,-1.223,3500741.000,424.787,8595C84EEFCE8815,True,1,True,False,"Beam 1위와 관측축 추천 일치"
A2,A-v2-complex,3-difficulty-final,공격형,0.100,0.150,0.100,1.8,1,3F5F709DA48265EF,8,2,"LungeStrike(0)>DashRight>Lunge(5)>Attack>MoveLeft>Attack>MoveRight>Attack>Wait>LungeStrike(3)>DashBackward>LungeStrike(2)",0,34.000,7,15,12,5,4.263,1,1.942,False,14.350,11.253,0,180,3500004.000,738.200,-1.125,3500741.000,424.787,5907D7B4D6E7FFC5,True,2,False,False,""
A2,A-v2-complex,3-difficulty-final,공격형,0.100,0.150,0.100,1.8,1,3F5F709DA48265EF,8,3,"LungeStrike(0)>DashRight>Lunge(5)>Attack>MoveLeft>Attack>Retreat>Attack>DashLeft>LungeStrike(3)>DashRight>LungeStrike(2)",0,34.000,7,15,12,5,3.744,2,1.942,False,13.313,12.219,0,180,3500003.000,738.200,-1.222,3500740.000,424.787,443AD4995992E909,True,3,False,False,""
A2,A-v2-complex,3-difficulty-final,공격형,0.100,0.150,0.100,1.8,1,3F5F709DA48265EF,9,1,"LungeStrike(0)>DashRight>Lunge(5)>Attack>MoveLeft>Attack>Retreat>Attack>DashLeft>LungeStrike(3)>DashBackward>LungeStrike(2)",0,34.000,7,15,12,5,4.373,1,1.942,False,14.570,12.235,0,180,3500004.000,738.200,-1.223,3500741.000,418.836,8595C84EEFCE8815,True,1,True,False,"Beam 1위와 관측축 추천 일치"
A2,A-v2-complex,3-difficulty-final,공격형,0.100,0.150,0.100,1.8,1,3F5F709DA48265EF,9,2,"LungeStrike(0)>DashRight>Lunge(5)>Attack>MoveLeft>Attack>MoveRight>Attack>Wait>LungeStrike(3)>DashBackward>LungeStrike(2)",0,34.000,7,15,12,5,4.263,1,1.942,False,14.350,11.253,0,180,3500004.000,738.200,-1.125,3500741.000,418.836,5907D7B4D6E7FFC5,True,2,False,False,""
A2,A-v2-complex,3-difficulty-final,공격형,0.100,0.150,0.100,1.8,1,3F5F709DA48265EF,9,3,"LungeStrike(0)>DashRight>Lunge(5)>Attack>MoveLeft>Attack>Retreat>Attack>DashLeft>LungeStrike(3)>DashRight>LungeStrike(2)",0,34.000,7,15,12,5,3.744,2,1.942,False,13.313,12.219,0,180,3500003.000,738.200,-1.222,3500740.000,418.836,443AD4995992E909,True,3,False,False,""
A2,A-v2-complex,3-difficulty-final,공격형,0.100,0.150,0.100,1.8,1,3F5F709DA48265EF,10,1,"LungeStrike(0)>DashRight>Lunge(5)>Attack>MoveLeft>Attack>Retreat>Attack>DashLeft>LungeStrike(3)>DashBackward>LungeStrike(2)",0,34.000,7,15,12,5,4.373,1,1.942,False,14.570,12.235,0,180,3500004.000,738.200,-1.223,3500741.000,420.683,8595C84EEFCE8815,True,1,True,False,"Beam 1위와 관측축 추천 일치"
A2,A-v2-complex,3-difficulty-final,공격형,0.100,0.150,0.100,1.8,1,3F5F709DA48265EF,10,2,"LungeStrike(0)>DashRight>Lunge(5)>Attack>MoveLeft>Attack>MoveRight>Attack>Wait>LungeStrike(3)>DashBackward>LungeStrike(2)",0,34.000,7,15,12,5,4.263,1,1.942,False,14.350,11.253,0,180,3500004.000,738.200,-1.125,3500741.000,420.683,5907D7B4D6E7FFC5,True,2,False,False,""
A2,A-v2-complex,3-difficulty-final,공격형,0.100,0.150,0.100,1.8,1,3F5F709DA48265EF,10,3,"LungeStrike(0)>DashRight>Lunge(5)>Attack>MoveLeft>Attack>Retreat>Attack>DashLeft>LungeStrike(3)>DashRight>LungeStrike(2)",0,34.000,7,15,12,5,3.744,2,1.942,False,13.313,12.219,0,180,3500003.000,738.200,-1.222,3500740.000,420.683,443AD4995992E909,True,3,False,False,""
A3,A-v2-complex,3-difficulty-final,공격형,0.100,0.150,0.100,1.8,1,01880BEA0D35E61C,1,1,"Attack>DashForward>Attack>MoveLeft>Attack>MoveForward>Lunge(2)>Attack>MoveRight>Attack>Retreat>Attack",0,29.000,9,16,14,6,3.663,2,0.000,False,10.327,6.215,1,180,3499999.000,878.500,-0.621,3500877.000,469.265,A0CA6604C4776456,True,1,True,False,"Beam 1위와 관측축 추천 일치"
A3,A-v2-complex,3-difficulty-final,공격형,0.100,0.150,0.100,1.8,1,01880BEA0D35E61C,1,2,"Attack>DashForward>Attack>MoveLeft>Attack>MoveForward>Lunge(2)>Attack>MoveRight>Attack>DashBackward>Lunge(6)",0,29.000,9,16,14,6,3.481,2,0.000,False,9.961,7.922,1,180,3499999.000,878.500,-0.792,3500877.000,469.265,B3AA95B991B533C7,True,2,False,False,""
A3,A-v2-complex,3-difficulty-final,공격형,0.100,0.150,0.100,1.8,1,01880BEA0D35E61C,1,3,"Attack>DashForward>Attack>MoveLeft>Attack>MoveForward>Lunge(2)>Attack>MoveRight>Attack>DashRight>Lunge(6)",0,29.000,9,16,14,6,3.460,1,0.000,False,9.919,7.668,1,180,3499999.000,878.500,-0.767,3500877.000,469.265,233E281119EBE4C4,True,3,False,False,""
A3,A-v2-complex,3-difficulty-final,공격형,0.100,0.150,0.100,1.8,1,01880BEA0D35E61C,2,1,"Attack>DashForward>Attack>MoveLeft>Attack>MoveForward>Lunge(2)>Attack>MoveRight>Attack>Retreat>Attack",0,29.000,9,16,14,6,3.663,2,0.000,False,10.327,6.215,1,180,3499999.000,878.500,-0.621,3500877.000,520.095,A0CA6604C4776456,True,1,True,False,"Beam 1위와 관측축 추천 일치"
A3,A-v2-complex,3-difficulty-final,공격형,0.100,0.150,0.100,1.8,1,01880BEA0D35E61C,2,2,"Attack>DashForward>Attack>MoveLeft>Attack>MoveForward>Lunge(2)>Attack>MoveRight>Attack>DashBackward>Lunge(6)",0,29.000,9,16,14,6,3.481,2,0.000,False,9.961,7.922,1,180,3499999.000,878.500,-0.792,3500877.000,520.095,B3AA95B991B533C7,True,2,False,False,""
A3,A-v2-complex,3-difficulty-final,공격형,0.100,0.150,0.100,1.8,1,01880BEA0D35E61C,2,3,"Attack>DashForward>Attack>MoveLeft>Attack>MoveForward>Lunge(2)>Attack>MoveRight>Attack>DashRight>Lunge(6)",0,29.000,9,16,14,6,3.460,1,0.000,False,9.919,7.668,1,180,3499999.000,878.500,-0.767,3500877.000,520.095,233E281119EBE4C4,True,3,False,False,""
A3,A-v2-complex,3-difficulty-final,공격형,0.100,0.150,0.100,1.8,1,01880BEA0D35E61C,3,1,"Attack>DashForward>Attack>MoveLeft>Attack>MoveForward>Lunge(2)>Attack>MoveRight>Attack>Retreat>Attack",0,29.000,9,16,14,6,3.663,2,0.000,False,10.327,6.215,1,180,3499999.000,878.500,-0.621,3500877.000,483.299,A0CA6604C4776456,True,1,True,False,"Beam 1위와 관측축 추천 일치"
A3,A-v2-complex,3-difficulty-final,공격형,0.100,0.150,0.100,1.8,1,01880BEA0D35E61C,3,2,"Attack>DashForward>Attack>MoveLeft>Attack>MoveForward>Lunge(2)>Attack>MoveRight>Attack>DashBackward>Lunge(6)",0,29.000,9,16,14,6,3.481,2,0.000,False,9.961,7.922,1,180,3499999.000,878.500,-0.792,3500877.000,483.299,B3AA95B991B533C7,True,2,False,False,""
A3,A-v2-complex,3-difficulty-final,공격형,0.100,0.150,0.100,1.8,1,01880BEA0D35E61C,3,3,"Attack>DashForward>Attack>MoveLeft>Attack>MoveForward>Lunge(2)>Attack>MoveRight>Attack>DashRight>Lunge(6)",0,29.000,9,16,14,6,3.460,1,0.000,False,9.919,7.668,1,180,3499999.000,878.500,-0.767,3500877.000,483.299,233E281119EBE4C4,True,3,False,False,""
A3,A-v2-complex,3-difficulty-final,공격형,0.100,0.150,0.100,1.8,1,01880BEA0D35E61C,4,1,"Attack>DashForward>Attack>MoveLeft>Attack>MoveForward>Lunge(2)>Attack>MoveRight>Attack>Retreat>Attack",0,29.000,9,16,14,6,3.663,2,0.000,False,10.327,6.215,1,180,3499999.000,878.500,-0.621,3500877.000,476.940,A0CA6604C4776456,True,1,True,False,"Beam 1위와 관측축 추천 일치"
A3,A-v2-complex,3-difficulty-final,공격형,0.100,0.150,0.100,1.8,1,01880BEA0D35E61C,4,2,"Attack>DashForward>Attack>MoveLeft>Attack>MoveForward>Lunge(2)>Attack>MoveRight>Attack>DashBackward>Lunge(6)",0,29.000,9,16,14,6,3.481,2,0.000,False,9.961,7.922,1,180,3499999.000,878.500,-0.792,3500877.000,476.940,B3AA95B991B533C7,True,2,False,False,""
A3,A-v2-complex,3-difficulty-final,공격형,0.100,0.150,0.100,1.8,1,01880BEA0D35E61C,4,3,"Attack>DashForward>Attack>MoveLeft>Attack>MoveForward>Lunge(2)>Attack>MoveRight>Attack>DashRight>Lunge(6)",0,29.000,9,16,14,6,3.460,1,0.000,False,9.919,7.668,1,180,3499999.000,878.500,-0.767,3500877.000,476.940,233E281119EBE4C4,True,3,False,False,""
A3,A-v2-complex,3-difficulty-final,공격형,0.100,0.150,0.100,1.8,1,01880BEA0D35E61C,5,1,"Attack>DashForward>Attack>MoveLeft>Attack>MoveForward>Lunge(2)>Attack>MoveRight>Attack>Retreat>Attack",0,29.000,9,16,14,6,3.663,2,0.000,False,10.327,6.215,1,180,3499999.000,878.500,-0.621,3500877.000,472.002,A0CA6604C4776456,True,1,True,False,"Beam 1위와 관측축 추천 일치"
A3,A-v2-complex,3-difficulty-final,공격형,0.100,0.150,0.100,1.8,1,01880BEA0D35E61C,5,2,"Attack>DashForward>Attack>MoveLeft>Attack>MoveForward>Lunge(2)>Attack>MoveRight>Attack>DashBackward>Lunge(6)",0,29.000,9,16,14,6,3.481,2,0.000,False,9.961,7.922,1,180,3499999.000,878.500,-0.792,3500877.000,472.002,B3AA95B991B533C7,True,2,False,False,""
A3,A-v2-complex,3-difficulty-final,공격형,0.100,0.150,0.100,1.8,1,01880BEA0D35E61C,5,3,"Attack>DashForward>Attack>MoveLeft>Attack>MoveForward>Lunge(2)>Attack>MoveRight>Attack>DashRight>Lunge(6)",0,29.000,9,16,14,6,3.460,1,0.000,False,9.919,7.668,1,180,3499999.000,878.500,-0.767,3500877.000,472.002,233E281119EBE4C4,True,3,False,False,""
A3,A-v2-complex,3-difficulty-final,공격형,0.100,0.150,0.100,1.8,1,01880BEA0D35E61C,6,1,"Attack>DashForward>Attack>MoveLeft>Attack>MoveForward>Lunge(2)>Attack>MoveRight>Attack>Retreat>Attack",0,29.000,9,16,14,6,3.663,2,0.000,False,10.327,6.215,1,180,3499999.000,878.500,-0.621,3500877.000,479.525,A0CA6604C4776456,True,1,True,False,"Beam 1위와 관측축 추천 일치"
A3,A-v2-complex,3-difficulty-final,공격형,0.100,0.150,0.100,1.8,1,01880BEA0D35E61C,6,2,"Attack>DashForward>Attack>MoveLeft>Attack>MoveForward>Lunge(2)>Attack>MoveRight>Attack>DashBackward>Lunge(6)",0,29.000,9,16,14,6,3.481,2,0.000,False,9.961,7.922,1,180,3499999.000,878.500,-0.792,3500877.000,479.525,B3AA95B991B533C7,True,2,False,False,""
A3,A-v2-complex,3-difficulty-final,공격형,0.100,0.150,0.100,1.8,1,01880BEA0D35E61C,6,3,"Attack>DashForward>Attack>MoveLeft>Attack>MoveForward>Lunge(2)>Attack>MoveRight>Attack>DashRight>Lunge(6)",0,29.000,9,16,14,6,3.460,1,0.000,False,9.919,7.668,1,180,3499999.000,878.500,-0.767,3500877.000,479.525,233E281119EBE4C4,True,3,False,False,""
A3,A-v2-complex,3-difficulty-final,공격형,0.100,0.150,0.100,1.8,1,01880BEA0D35E61C,7,1,"Attack>DashForward>Attack>MoveLeft>Attack>MoveForward>Lunge(2)>Attack>MoveRight>Attack>Retreat>Attack",0,29.000,9,16,14,6,3.663,2,0.000,False,10.327,6.215,1,180,3499999.000,878.500,-0.621,3500877.000,485.788,A0CA6604C4776456,True,1,True,False,"Beam 1위와 관측축 추천 일치"
A3,A-v2-complex,3-difficulty-final,공격형,0.100,0.150,0.100,1.8,1,01880BEA0D35E61C,7,2,"Attack>DashForward>Attack>MoveLeft>Attack>MoveForward>Lunge(2)>Attack>MoveRight>Attack>DashBackward>Lunge(6)",0,29.000,9,16,14,6,3.481,2,0.000,False,9.961,7.922,1,180,3499999.000,878.500,-0.792,3500877.000,485.788,B3AA95B991B533C7,True,2,False,False,""
A3,A-v2-complex,3-difficulty-final,공격형,0.100,0.150,0.100,1.8,1,01880BEA0D35E61C,7,3,"Attack>DashForward>Attack>MoveLeft>Attack>MoveForward>Lunge(2)>Attack>MoveRight>Attack>DashRight>Lunge(6)",0,29.000,9,16,14,6,3.460,1,0.000,False,9.919,7.668,1,180,3499999.000,878.500,-0.767,3500877.000,485.788,233E281119EBE4C4,True,3,False,False,""
A3,A-v2-complex,3-difficulty-final,공격형,0.100,0.150,0.100,1.8,1,01880BEA0D35E61C,8,1,"Attack>DashForward>Attack>MoveLeft>Attack>MoveForward>Lunge(2)>Attack>MoveRight>Attack>Retreat>Attack",0,29.000,9,16,14,6,3.663,2,0.000,False,10.327,6.215,1,180,3499999.000,878.500,-0.621,3500877.000,461.281,A0CA6604C4776456,True,1,True,False,"Beam 1위와 관측축 추천 일치"
A3,A-v2-complex,3-difficulty-final,공격형,0.100,0.150,0.100,1.8,1,01880BEA0D35E61C,8,2,"Attack>DashForward>Attack>MoveLeft>Attack>MoveForward>Lunge(2)>Attack>MoveRight>Attack>DashBackward>Lunge(6)",0,29.000,9,16,14,6,3.481,2,0.000,False,9.961,7.922,1,180,3499999.000,878.500,-0.792,3500877.000,461.281,B3AA95B991B533C7,True,2,False,False,""
A3,A-v2-complex,3-difficulty-final,공격형,0.100,0.150,0.100,1.8,1,01880BEA0D35E61C,8,3,"Attack>DashForward>Attack>MoveLeft>Attack>MoveForward>Lunge(2)>Attack>MoveRight>Attack>DashRight>Lunge(6)",0,29.000,9,16,14,6,3.460,1,0.000,False,9.919,7.668,1,180,3499999.000,878.500,-0.767,3500877.000,461.281,233E281119EBE4C4,True,3,False,False,""
A3,A-v2-complex,3-difficulty-final,공격형,0.100,0.150,0.100,1.8,1,01880BEA0D35E61C,9,1,"Attack>DashForward>Attack>MoveLeft>Attack>MoveForward>Lunge(2)>Attack>MoveRight>Attack>Retreat>Attack",0,29.000,9,16,14,6,3.663,2,0.000,False,10.327,6.215,1,180,3499999.000,878.500,-0.621,3500877.000,492.615,A0CA6604C4776456,True,1,True,False,"Beam 1위와 관측축 추천 일치"
A3,A-v2-complex,3-difficulty-final,공격형,0.100,0.150,0.100,1.8,1,01880BEA0D35E61C,9,2,"Attack>DashForward>Attack>MoveLeft>Attack>MoveForward>Lunge(2)>Attack>MoveRight>Attack>DashBackward>Lunge(6)",0,29.000,9,16,14,6,3.481,2,0.000,False,9.961,7.922,1,180,3499999.000,878.500,-0.792,3500877.000,492.615,B3AA95B991B533C7,True,2,False,False,""
A3,A-v2-complex,3-difficulty-final,공격형,0.100,0.150,0.100,1.8,1,01880BEA0D35E61C,9,3,"Attack>DashForward>Attack>MoveLeft>Attack>MoveForward>Lunge(2)>Attack>MoveRight>Attack>DashRight>Lunge(6)",0,29.000,9,16,14,6,3.460,1,0.000,False,9.919,7.668,1,180,3499999.000,878.500,-0.767,3500877.000,492.615,233E281119EBE4C4,True,3,False,False,""
A3,A-v2-complex,3-difficulty-final,공격형,0.100,0.150,0.100,1.8,1,01880BEA0D35E61C,10,1,"Attack>DashForward>Attack>MoveLeft>Attack>MoveForward>Lunge(2)>Attack>MoveRight>Attack>Retreat>Attack",0,29.000,9,16,14,6,3.663,2,0.000,False,10.327,6.215,1,180,3499999.000,878.500,-0.621,3500877.000,473.557,A0CA6604C4776456,True,1,True,False,"Beam 1위와 관측축 추천 일치"
A3,A-v2-complex,3-difficulty-final,공격형,0.100,0.150,0.100,1.8,1,01880BEA0D35E61C,10,2,"Attack>DashForward>Attack>MoveLeft>Attack>MoveForward>Lunge(2)>Attack>MoveRight>Attack>DashBackward>Lunge(6)",0,29.000,9,16,14,6,3.481,2,0.000,False,9.961,7.922,1,180,3499999.000,878.500,-0.792,3500877.000,473.557,B3AA95B991B533C7,True,2,False,False,""
A3,A-v2-complex,3-difficulty-final,공격형,0.100,0.150,0.100,1.8,1,01880BEA0D35E61C,10,3,"Attack>DashForward>Attack>MoveLeft>Attack>MoveForward>Lunge(2)>Attack>MoveRight>Attack>DashRight>Lunge(6)",0,29.000,9,16,14,6,3.460,1,0.000,False,9.919,7.668,1,180,3499999.000,878.500,-0.767,3500877.000,473.557,233E281119EBE4C4,True,3,False,False,""
A4,A-v2-complex,3-difficulty-final,공격형,0.100,0.150,0.100,1.8,1,62F6E9F8D1F2129D,1,1,"Attack>DashForward>Attack>MoveLeft>Attack>DashForward>LungeStrike(17)>DashLeft>Lunge(9)>Attack>MoveLeft>Lunge(10)",1,29.000,9,17,18,9,3.440,3,0.000,True,10.880,10.087,3,180,3499969.000,896.100,-1.009,3500864.000,778.668,84AF7D16C319FC53,True,2,False,True,""
A4,A-v2-complex,3-difficulty-final,공격형,0.100,0.150,0.100,1.8,1,62F6E9F8D1F2129D,1,2,"Attack>DashForward>Attack>MoveLeft>Attack>DashForward>LungeStrike(17)>DashLeft>Lunge(9)>Attack>MoveLeft>Attack",1,29.000,9,17,18,9,3.476,3,0.000,False,2.952,9.355,3,180,3499967.000,896.100,-0.935,3500863.000,778.668,EE9534D8EAD61921,True,3,False,True,""
A4,A-v2-complex,3-difficulty-final,공격형,0.100,0.150,0.100,1.8,1,62F6E9F8D1F2129D,1,3,"Attack>DashForward>Attack>MoveLeft>Attack>DashForward>LungeStrike(17)>DashLeft>Lunge(9)>Attack>DashBackward>Lunge(10)",1,29.000,9,17,18,9,5.410,0,0.000,True,21.819,10.805,3,180,3499953.000,896.100,-1.080,3500848.000,778.668,FB646DB73DF7B674,True,1,True,True,"종료 위치 품질 우세"
A4,A-v2-complex,3-difficulty-final,공격형,0.100,0.150,0.100,1.8,1,62F6E9F8D1F2129D,2,1,"Attack>DashForward>Attack>MoveLeft>Attack>DashForward>LungeStrike(17)>DashLeft>Lunge(9)>Attack>MoveLeft>Lunge(10)",1,29.000,9,17,18,9,3.440,3,0.000,True,10.880,10.087,3,180,3499969.000,896.100,-1.009,3500864.000,767.434,84AF7D16C319FC53,True,2,False,True,""
A4,A-v2-complex,3-difficulty-final,공격형,0.100,0.150,0.100,1.8,1,62F6E9F8D1F2129D,2,2,"Attack>DashForward>Attack>MoveLeft>Attack>DashForward>LungeStrike(17)>DashLeft>Lunge(9)>Attack>MoveLeft>Attack",1,29.000,9,17,18,9,3.476,3,0.000,False,2.952,9.355,3,180,3499967.000,896.100,-0.935,3500863.000,767.434,EE9534D8EAD61921,True,3,False,True,""
A4,A-v2-complex,3-difficulty-final,공격형,0.100,0.150,0.100,1.8,1,62F6E9F8D1F2129D,2,3,"Attack>DashForward>Attack>MoveLeft>Attack>DashForward>LungeStrike(17)>DashLeft>Lunge(9)>Attack>DashBackward>Lunge(10)",1,29.000,9,17,18,9,5.410,0,0.000,True,21.819,10.805,3,180,3499953.000,896.100,-1.080,3500848.000,767.434,FB646DB73DF7B674,True,1,True,True,"종료 위치 품질 우세"
A4,A-v2-complex,3-difficulty-final,공격형,0.100,0.150,0.100,1.8,1,62F6E9F8D1F2129D,3,1,"Attack>DashForward>Attack>MoveLeft>Attack>DashForward>LungeStrike(17)>DashLeft>Lunge(9)>Attack>MoveLeft>Lunge(10)",1,29.000,9,17,18,9,3.440,3,0.000,True,10.880,10.087,3,180,3499969.000,896.100,-1.009,3500864.000,782.030,84AF7D16C319FC53,True,2,False,True,""
A4,A-v2-complex,3-difficulty-final,공격형,0.100,0.150,0.100,1.8,1,62F6E9F8D1F2129D,3,2,"Attack>DashForward>Attack>MoveLeft>Attack>DashForward>LungeStrike(17)>DashLeft>Lunge(9)>Attack>MoveLeft>Attack",1,29.000,9,17,18,9,3.476,3,0.000,False,2.952,9.355,3,180,3499967.000,896.100,-0.935,3500863.000,782.030,EE9534D8EAD61921,True,3,False,True,""
A4,A-v2-complex,3-difficulty-final,공격형,0.100,0.150,0.100,1.8,1,62F6E9F8D1F2129D,3,3,"Attack>DashForward>Attack>MoveLeft>Attack>DashForward>LungeStrike(17)>DashLeft>Lunge(9)>Attack>DashBackward>Lunge(10)",1,29.000,9,17,18,9,5.410,0,0.000,True,21.819,10.805,3,180,3499953.000,896.100,-1.080,3500848.000,782.030,FB646DB73DF7B674,True,1,True,True,"종료 위치 품질 우세"
A4,A-v2-complex,3-difficulty-final,공격형,0.100,0.150,0.100,1.8,1,62F6E9F8D1F2129D,4,1,"Attack>DashForward>Attack>MoveLeft>Attack>DashForward>LungeStrike(17)>DashLeft>Lunge(9)>Attack>MoveLeft>Lunge(10)",1,29.000,9,17,18,9,3.440,3,0.000,True,10.880,10.087,3,180,3499969.000,896.100,-1.009,3500864.000,768.852,84AF7D16C319FC53,True,2,False,True,""
A4,A-v2-complex,3-difficulty-final,공격형,0.100,0.150,0.100,1.8,1,62F6E9F8D1F2129D,4,2,"Attack>DashForward>Attack>MoveLeft>Attack>DashForward>LungeStrike(17)>DashLeft>Lunge(9)>Attack>MoveLeft>Attack",1,29.000,9,17,18,9,3.476,3,0.000,False,2.952,9.355,3,180,3499967.000,896.100,-0.935,3500863.000,768.852,EE9534D8EAD61921,True,3,False,True,""
A4,A-v2-complex,3-difficulty-final,공격형,0.100,0.150,0.100,1.8,1,62F6E9F8D1F2129D,4,3,"Attack>DashForward>Attack>MoveLeft>Attack>DashForward>LungeStrike(17)>DashLeft>Lunge(9)>Attack>DashBackward>Lunge(10)",1,29.000,9,17,18,9,5.410,0,0.000,True,21.819,10.805,3,180,3499953.000,896.100,-1.080,3500848.000,768.852,FB646DB73DF7B674,True,1,True,True,"종료 위치 품질 우세"
A4,A-v2-complex,3-difficulty-final,공격형,0.100,0.150,0.100,1.8,1,62F6E9F8D1F2129D,5,1,"Attack>DashForward>Attack>MoveLeft>Attack>DashForward>LungeStrike(17)>DashLeft>Lunge(9)>Attack>MoveLeft>Lunge(10)",1,29.000,9,17,18,9,3.440,3,0.000,True,10.880,10.087,3,180,3499969.000,896.100,-1.009,3500864.000,788.795,84AF7D16C319FC53,True,2,False,True,""
A4,A-v2-complex,3-difficulty-final,공격형,0.100,0.150,0.100,1.8,1,62F6E9F8D1F2129D,5,2,"Attack>DashForward>Attack>MoveLeft>Attack>DashForward>LungeStrike(17)>DashLeft>Lunge(9)>Attack>MoveLeft>Attack",1,29.000,9,17,18,9,3.476,3,0.000,False,2.952,9.355,3,180,3499967.000,896.100,-0.935,3500863.000,788.795,EE9534D8EAD61921,True,3,False,True,""
A4,A-v2-complex,3-difficulty-final,공격형,0.100,0.150,0.100,1.8,1,62F6E9F8D1F2129D,5,3,"Attack>DashForward>Attack>MoveLeft>Attack>DashForward>LungeStrike(17)>DashLeft>Lunge(9)>Attack>DashBackward>Lunge(10)",1,29.000,9,17,18,9,5.410,0,0.000,True,21.819,10.805,3,180,3499953.000,896.100,-1.080,3500848.000,788.795,FB646DB73DF7B674,True,1,True,True,"종료 위치 품질 우세"
A4,A-v2-complex,3-difficulty-final,공격형,0.100,0.150,0.100,1.8,1,62F6E9F8D1F2129D,6,1,"Attack>DashForward>Attack>MoveLeft>Attack>DashForward>LungeStrike(17)>DashLeft>Lunge(9)>Attack>MoveLeft>Lunge(10)",1,29.000,9,17,18,9,3.440,3,0.000,True,10.880,10.087,3,180,3499969.000,896.100,-1.009,3500864.000,784.249,84AF7D16C319FC53,True,2,False,True,""
A4,A-v2-complex,3-difficulty-final,공격형,0.100,0.150,0.100,1.8,1,62F6E9F8D1F2129D,6,2,"Attack>DashForward>Attack>MoveLeft>Attack>DashForward>LungeStrike(17)>DashLeft>Lunge(9)>Attack>MoveLeft>Attack",1,29.000,9,17,18,9,3.476,3,0.000,False,2.952,9.355,3,180,3499967.000,896.100,-0.935,3500863.000,784.249,EE9534D8EAD61921,True,3,False,True,""
A4,A-v2-complex,3-difficulty-final,공격형,0.100,0.150,0.100,1.8,1,62F6E9F8D1F2129D,6,3,"Attack>DashForward>Attack>MoveLeft>Attack>DashForward>LungeStrike(17)>DashLeft>Lunge(9)>Attack>DashBackward>Lunge(10)",1,29.000,9,17,18,9,5.410,0,0.000,True,21.819,10.805,3,180,3499953.000,896.100,-1.080,3500848.000,784.249,FB646DB73DF7B674,True,1,True,True,"종료 위치 품질 우세"
A4,A-v2-complex,3-difficulty-final,공격형,0.100,0.150,0.100,1.8,1,62F6E9F8D1F2129D,7,1,"Attack>DashForward>Attack>MoveLeft>Attack>DashForward>LungeStrike(17)>DashLeft>Lunge(9)>Attack>MoveLeft>Lunge(10)",1,29.000,9,17,18,9,3.440,3,0.000,True,10.880,10.087,3,180,3499969.000,896.100,-1.009,3500864.000,791.791,84AF7D16C319FC53,True,2,False,True,""
A4,A-v2-complex,3-difficulty-final,공격형,0.100,0.150,0.100,1.8,1,62F6E9F8D1F2129D,7,2,"Attack>DashForward>Attack>MoveLeft>Attack>DashForward>LungeStrike(17)>DashLeft>Lunge(9)>Attack>MoveLeft>Attack",1,29.000,9,17,18,9,3.476,3,0.000,False,2.952,9.355,3,180,3499967.000,896.100,-0.935,3500863.000,791.791,EE9534D8EAD61921,True,3,False,True,""
A4,A-v2-complex,3-difficulty-final,공격형,0.100,0.150,0.100,1.8,1,62F6E9F8D1F2129D,7,3,"Attack>DashForward>Attack>MoveLeft>Attack>DashForward>LungeStrike(17)>DashLeft>Lunge(9)>Attack>DashBackward>Lunge(10)",1,29.000,9,17,18,9,5.410,0,0.000,True,21.819,10.805,3,180,3499953.000,896.100,-1.080,3500848.000,791.791,FB646DB73DF7B674,True,1,True,True,"종료 위치 품질 우세"
A4,A-v2-complex,3-difficulty-final,공격형,0.100,0.150,0.100,1.8,1,62F6E9F8D1F2129D,8,1,"Attack>DashForward>Attack>MoveLeft>Attack>DashForward>LungeStrike(17)>DashLeft>Lunge(9)>Attack>MoveLeft>Lunge(10)",1,29.000,9,17,18,9,3.440,3,0.000,True,10.880,10.087,3,180,3499969.000,896.100,-1.009,3500864.000,812.107,84AF7D16C319FC53,True,2,False,True,""
A4,A-v2-complex,3-difficulty-final,공격형,0.100,0.150,0.100,1.8,1,62F6E9F8D1F2129D,8,2,"Attack>DashForward>Attack>MoveLeft>Attack>DashForward>LungeStrike(17)>DashLeft>Lunge(9)>Attack>MoveLeft>Attack",1,29.000,9,17,18,9,3.476,3,0.000,False,2.952,9.355,3,180,3499967.000,896.100,-0.935,3500863.000,812.107,EE9534D8EAD61921,True,3,False,True,""
A4,A-v2-complex,3-difficulty-final,공격형,0.100,0.150,0.100,1.8,1,62F6E9F8D1F2129D,8,3,"Attack>DashForward>Attack>MoveLeft>Attack>DashForward>LungeStrike(17)>DashLeft>Lunge(9)>Attack>DashBackward>Lunge(10)",1,29.000,9,17,18,9,5.410,0,0.000,True,21.819,10.805,3,180,3499953.000,896.100,-1.080,3500848.000,812.107,FB646DB73DF7B674,True,1,True,True,"종료 위치 품질 우세"
A4,A-v2-complex,3-difficulty-final,공격형,0.100,0.150,0.100,1.8,1,62F6E9F8D1F2129D,9,1,"Attack>DashForward>Attack>MoveLeft>Attack>DashForward>LungeStrike(17)>DashLeft>Lunge(9)>Attack>MoveLeft>Lunge(10)",1,29.000,9,17,18,9,3.440,3,0.000,True,10.880,10.087,3,180,3499969.000,896.100,-1.009,3500864.000,754.198,84AF7D16C319FC53,True,2,False,True,""
A4,A-v2-complex,3-difficulty-final,공격형,0.100,0.150,0.100,1.8,1,62F6E9F8D1F2129D,9,2,"Attack>DashForward>Attack>MoveLeft>Attack>DashForward>LungeStrike(17)>DashLeft>Lunge(9)>Attack>MoveLeft>Attack",1,29.000,9,17,18,9,3.476,3,0.000,False,2.952,9.355,3,180,3499967.000,896.100,-0.935,3500863.000,754.198,EE9534D8EAD61921,True,3,False,True,""
A4,A-v2-complex,3-difficulty-final,공격형,0.100,0.150,0.100,1.8,1,62F6E9F8D1F2129D,9,3,"Attack>DashForward>Attack>MoveLeft>Attack>DashForward>LungeStrike(17)>DashLeft>Lunge(9)>Attack>DashBackward>Lunge(10)",1,29.000,9,17,18,9,5.410,0,0.000,True,21.819,10.805,3,180,3499953.000,896.100,-1.080,3500848.000,754.198,FB646DB73DF7B674,True,1,True,True,"종료 위치 품질 우세"
A4,A-v2-complex,3-difficulty-final,공격형,0.100,0.150,0.100,1.8,1,62F6E9F8D1F2129D,10,1,"Attack>DashForward>Attack>MoveLeft>Attack>DashForward>LungeStrike(17)>DashLeft>Lunge(9)>Attack>MoveLeft>Lunge(10)",1,29.000,9,17,18,9,3.440,3,0.000,True,10.880,10.087,3,180,3499969.000,896.100,-1.009,3500864.000,755.691,84AF7D16C319FC53,True,2,False,True,""
A4,A-v2-complex,3-difficulty-final,공격형,0.100,0.150,0.100,1.8,1,62F6E9F8D1F2129D,10,2,"Attack>DashForward>Attack>MoveLeft>Attack>DashForward>LungeStrike(17)>DashLeft>Lunge(9)>Attack>MoveLeft>Attack",1,29.000,9,17,18,9,3.476,3,0.000,False,2.952,9.355,3,180,3499967.000,896.100,-0.935,3500863.000,755.691,EE9534D8EAD61921,True,3,False,True,""
A4,A-v2-complex,3-difficulty-final,공격형,0.100,0.150,0.100,1.8,1,62F6E9F8D1F2129D,10,3,"Attack>DashForward>Attack>MoveLeft>Attack>DashForward>LungeStrike(17)>DashLeft>Lunge(9)>Attack>DashBackward>Lunge(10)",1,29.000,9,17,18,9,5.410,0,0.000,True,21.819,10.805,3,180,3499953.000,896.100,-1.080,3500848.000,755.691,FB646DB73DF7B674,True,1,True,True,"종료 위치 품질 우세"
