scenarioId,fixtureVersion,weightStage,profile,salientTargetMul,terminalPositionMul,difficultyPenaltyMul,contractVersion,mapVersion,initialSnapshotHash,repetition,candidateRank,actionSequence,salientEnemyId,salientTargetProgress,killCount,damageDealt,initialEnemyCount,finalAliveEnemyCount,terminalNearestEnemyDistance,terminalNearbyEnemyCount,terminalHeightDelta,terminalActionable,terminalPositionQuality,executionDifficulty,expectedHits,durationTicks,safetyScore,killScore,difficultyScore,totalScore,elapsedMs,worldHashAfterReplay,replayValid,auditRank,auditRecommended,auditDiffersFromBeamWinner,auditReason
A1,A-v2-complex,0-baseline,공격형-무가중진단,0.000,0.000,0.000,1.7,1,50DEB425210D7347,1,1,"Lunge(0)>Attack>DashForward>Lunge(7)>Attack>DashBackward>Lunge(3)>Attack>MoveRight>Attack>DashForward>Attack",0,34.000,8,20,16,8,1.211,7,0.000,False,-29.577,9.427,0,180,3499998.000,880.000,0.000,3500878.000,458.058,174E838DC2F18B2B,True,1,True,False,"Beam 1위와 관측축 추천 일치"
A1,A-v2-complex,0-baseline,공격형-무가중진단,0.000,0.000,0.000,1.7,1,50DEB425210D7347,1,2,"Lunge(0)>Attack>DashForward>Lunge(7)>Attack>DashBackward>Lunge(3)>Attack>MoveRight>Attack>DashLeft>Attack",0,34.000,7,21,16,9,2.186,5,0.000,False,-13.628,9.427,0,180,3500000.000,831.600,0.000,3500832.000,458.058,0E0BAA0CC0A1ACC0,True,2,False,False,""
A1,A-v2-complex,0-baseline,공격형-무가중진단,0.000,0.000,0.000,1.7,1,50DEB425210D7347,1,3,"Lunge(0)>Attack>DashForward>Lunge(7)>Attack>DashBackward>Lunge(3)>Attack>MoveRight>Attack>MoveForward>Attack",0,34.000,7,21,16,9,1.271,8,0.000,False,-36.458,8.677,0,180,3499998.000,831.600,0.000,3500829.000,458.058,1456CDCDEF8C4CBA,True,3,False,False,""
A1,A-v2-complex,0-baseline,공격형-무가중진단,0.000,0.000,0.000,1.7,1,50DEB425210D7347,2,1,"Lunge(0)>Attack>DashForward>Lunge(7)>Attack>DashBackward>Lunge(3)>Attack>MoveRight>Attack>DashForward>Attack",0,34.000,8,20,16,8,1.211,7,0.000,False,-29.577,9.427,0,180,3499998.000,880.000,0.000,3500878.000,410.222,174E838DC2F18B2B,True,1,True,False,"Beam 1위와 관측축 추천 일치"
A1,A-v2-complex,0-baseline,공격형-무가중진단,0.000,0.000,0.000,1.7,1,50DEB425210D7347,2,2,"Lunge(0)>Attack>DashForward>Lunge(7)>Attack>DashBackward>Lunge(3)>Attack>MoveRight>Attack>DashLeft>Attack",0,34.000,7,21,16,9,2.186,5,0.000,False,-13.628,9.427,0,180,3500000.000,831.600,0.000,3500832.000,410.222,0E0BAA0CC0A1ACC0,True,2,False,False,""
A1,A-v2-complex,0-baseline,공격형-무가중진단,0.000,0.000,0.000,1.7,1,50DEB425210D7347,2,3,"Lunge(0)>Attack>DashForward>Lunge(7)>Attack>DashBackward>Lunge(3)>Attack>MoveRight>Attack>MoveForward>Attack",0,34.000,7,21,16,9,1.271,8,0.000,False,-36.458,8.677,0,180,3499998.000,831.600,0.000,3500829.000,410.222,1456CDCDEF8C4CBA,True,3,False,False,""
A1,A-v2-complex,0-baseline,공격형-무가중진단,0.000,0.000,0.000,1.7,1,50DEB425210D7347,3,1,"Lunge(0)>Attack>DashForward>Lunge(7)>Attack>DashBackward>Lunge(3)>Attack>MoveRight>Attack>DashForward>Attack",0,34.000,8,20,16,8,1.211,7,0.000,False,-29.577,9.427,0,180,3499998.000,880.000,0.000,3500878.000,428.687,174E838DC2F18B2B,True,1,True,False,"Beam 1위와 관측축 추천 일치"
A1,A-v2-complex,0-baseline,공격형-무가중진단,0.000,0.000,0.000,1.7,1,50DEB425210D7347,3,2,"Lunge(0)>Attack>DashForward>Lunge(7)>Attack>DashBackward>Lunge(3)>Attack>MoveRight>Attack>DashLeft>Attack",0,34.000,7,21,16,9,2.186,5,0.000,False,-13.628,9.427,0,180,3500000.000,831.600,0.000,3500832.000,428.687,0E0BAA0CC0A1ACC0,True,2,False,False,""
A1,A-v2-complex,0-baseline,공격형-무가중진단,0.000,0.000,0.000,1.7,1,50DEB425210D7347,3,3,"Lunge(0)>Attack>DashForward>Lunge(7)>Attack>DashBackward>Lunge(3)>Attack>MoveRight>Attack>MoveForward>Attack",0,34.000,7,21,16,9,1.271,8,0.000,False,-36.458,8.677,0,180,3499998.000,831.600,0.000,3500829.000,428.687,1456CDCDEF8C4CBA,True,3,False,False,""
A1,A-v2-complex,0-baseline,공격형-무가중진단,0.000,0.000,0.000,1.7,1,50DEB425210D7347,4,1,"Lunge(0)>Attack>DashForward>Lunge(7)>Attack>DashBackward>Lunge(3)>Attack>MoveRight>Attack>DashForward>Attack",0,34.000,8,20,16,8,1.211,7,0.000,False,-29.577,9.427,0,180,3499998.000,880.000,0.000,3500878.000,449.655,174E838DC2F18B2B,True,1,True,False,"Beam 1위와 관측축 추천 일치"
A1,A-v2-complex,0-baseline,공격형-무가중진단,0.000,0.000,0.000,1.7,1,50DEB425210D7347,4,2,"Lunge(0)>Attack>DashForward>Lunge(7)>Attack>DashBackward>Lunge(3)>Attack>MoveRight>Attack>DashLeft>Attack",0,34.000,7,21,16,9,2.186,5,0.000,False,-13.628,9.427,0,180,3500000.000,831.600,0.000,3500832.000,449.655,0E0BAA0CC0A1ACC0,True,2,False,False,""
A1,A-v2-complex,0-baseline,공격형-무가중진단,0.000,0.000,0.000,1.7,1,50DEB425210D7347,4,3,"Lunge(0)>Attack>DashForward>Lunge(7)>Attack>DashBackward>Lunge(3)>Attack>MoveRight>Attack>MoveForward>Attack",0,34.000,7,21,16,9,1.271,8,0.000,False,-36.458,8.677,0,180,3499998.000,831.600,0.000,3500829.000,449.655,1456CDCDEF8C4CBA,True,3,False,False,""
A1,A-v2-complex,0-baseline,공격형-무가중진단,0.000,0.000,0.000,1.7,1,50DEB425210D7347,5,1,"Lunge(0)>Attack>DashForward>Lunge(7)>Attack>DashBackward>Lunge(3)>Attack>MoveRight>Attack>DashForward>Attack",0,34.000,8,20,16,8,1.211,7,0.000,False,-29.577,9.427,0,180,3499998.000,880.000,0.000,3500878.000,402.182,174E838DC2F18B2B,True,1,True,False,"Beam 1위와 관측축 추천 일치"
A1,A-v2-complex,0-baseline,공격형-무가중진단,0.000,0.000,0.000,1.7,1,50DEB425210D7347,5,2,"Lunge(0)>Attack>DashForward>Lunge(7)>Attack>DashBackward>Lunge(3)>Attack>MoveRight>Attack>DashLeft>Attack",0,34.000,7,21,16,9,2.186,5,0.000,False,-13.628,9.427,0,180,3500000.000,831.600,0.000,3500832.000,402.182,0E0BAA0CC0A1ACC0,True,2,False,False,""
A1,A-v2-complex,0-baseline,공격형-무가중진단,0.000,0.000,0.000,1.7,1,50DEB425210D7347,5,3,"Lunge(0)>Attack>DashForward>Lunge(7)>Attack>DashBackward>Lunge(3)>Attack>MoveRight>Attack>MoveForward>Attack",0,34.000,7,21,16,9,1.271,8,0.000,False,-36.458,8.677,0,180,3499998.000,831.600,0.000,3500829.000,402.182,1456CDCDEF8C4CBA,True,3,False,False,""
A1,A-v2-complex,0-baseline,공격형-무가중진단,0.000,0.000,0.000,1.7,1,50DEB425210D7347,6,1,"Lunge(0)>Attack>DashForward>Lunge(7)>Attack>DashBackward>Lunge(3)>Attack>MoveRight>Attack>DashForward>Attack",0,34.000,8,20,16,8,1.211,7,0.000,False,-29.577,9.427,0,180,3499998.000,880.000,0.000,3500878.000,408.449,174E838DC2F18B2B,True,1,True,False,"Beam 1위와 관측축 추천 일치"
A1,A-v2-complex,0-baseline,공격형-무가중진단,0.000,0.000,0.000,1.7,1,50DEB425210D7347,6,2,"Lunge(0)>Attack>DashForward>Lunge(7)>Attack>DashBackward>Lunge(3)>Attack>MoveRight>Attack>DashLeft>Attack",0,34.000,7,21,16,9,2.186,5,0.000,False,-13.628,9.427,0,180,3500000.000,831.600,0.000,3500832.000,408.449,0E0BAA0CC0A1ACC0,True,2,False,False,""
A1,A-v2-complex,0-baseline,공격형-무가중진단,0.000,0.000,0.000,1.7,1,50DEB425210D7347,6,3,"Lunge(0)>Attack>DashForward>Lunge(7)>Attack>DashBackward>Lunge(3)>Attack>MoveRight>Attack>MoveForward>Attack",0,34.000,7,21,16,9,1.271,8,0.000,False,-36.458,8.677,0,180,3499998.000,831.600,0.000,3500829.000,408.449,1456CDCDEF8C4CBA,True,3,False,False,""
A1,A-v2-complex,0-baseline,공격형-무가중진단,0.000,0.000,0.000,1.7,1,50DEB425210D7347,7,1,"Lunge(0)>Attack>DashForward>Lunge(7)>Attack>DashBackward>Lunge(3)>Attack>MoveRight>Attack>DashForward>Attack",0,34.000,8,20,16,8,1.211,7,0.000,False,-29.577,9.427,0,180,3499998.000,880.000,0.000,3500878.000,410.616,174E838DC2F18B2B,True,1,True,False,"Beam 1위와 관측축 추천 일치"
A1,A-v2-complex,0-baseline,공격형-무가중진단,0.000,0.000,0.000,1.7,1,50DEB425210D7347,7,2,"Lunge(0)>Attack>DashForward>Lunge(7)>Attack>DashBackward>Lunge(3)>Attack>MoveRight>Attack>DashLeft>Attack",0,34.000,7,21,16,9,2.186,5,0.000,False,-13.628,9.427,0,180,3500000.000,831.600,0.000,3500832.000,410.616,0E0BAA0CC0A1ACC0,True,2,False,False,""
A1,A-v2-complex,0-baseline,공격형-무가중진단,0.000,0.000,0.000,1.7,1,50DEB425210D7347,7,3,"Lunge(0)>Attack>DashForward>Lunge(7)>Attack>DashBackward>Lunge(3)>Attack>MoveRight>Attack>MoveForward>Attack",0,34.000,7,21,16,9,1.271,8,0.000,False,-36.458,8.677,0,180,3499998.000,831.600,0.000,3500829.000,410.616,1456CDCDEF8C4CBA,True,3,False,False,""
A1,A-v2-complex,0-baseline,공격형-무가중진단,0.000,0.000,0.000,1.7,1,50DEB425210D7347,8,1,"Lunge(0)>Attack>DashForward>Lunge(7)>Attack>DashBackward>Lunge(3)>Attack>MoveRight>Attack>DashForward>Attack",0,34.000,8,20,16,8,1.211,7,0.000,False,-29.577,9.427,0,180,3499998.000,880.000,0.000,3500878.000,429.727,174E838DC2F18B2B,True,1,True,False,"Beam 1위와 관측축 추천 일치"
A1,A-v2-complex,0-baseline,공격형-무가중진단,0.000,0.000,0.000,1.7,1,50DEB425210D7347,8,2,"Lunge(0)>Attack>DashForward>Lunge(7)>Attack>DashBackward>Lunge(3)>Attack>MoveRight>Attack>DashLeft>Attack",0,34.000,7,21,16,9,2.186,5,0.000,False,-13.628,9.427,0,180,3500000.000,831.600,0.000,3500832.000,429.727,0E0BAA0CC0A1ACC0,True,2,False,False,""
A1,A-v2-complex,0-baseline,공격형-무가중진단,0.000,0.000,0.000,1.7,1,50DEB425210D7347,8,3,"Lunge(0)>Attack>DashForward>Lunge(7)>Attack>DashBackward>Lunge(3)>Attack>MoveRight>Attack>MoveForward>Attack",0,34.000,7,21,16,9,1.271,8,0.000,False,-36.458,8.677,0,180,3499998.000,831.600,0.000,3500829.000,429.727,1456CDCDEF8C4CBA,True,3,False,False,""
A1,A-v2-complex,0-baseline,공격형-무가중진단,0.000,0.000,0.000,1.7,1,50DEB425210D7347,9,1,"Lunge(0)>Attack>DashForward>Lunge(7)>Attack>DashBackward>Lunge(3)>Attack>MoveRight>Attack>DashForward>Attack",0,34.000,8,20,16,8,1.211,7,0.000,False,-29.577,9.427,0,180,3499998.000,880.000,0.000,3500878.000,422.024,174E838DC2F18B2B,True,1,True,False,"Beam 1위와 관측축 추천 일치"
A1,A-v2-complex,0-baseline,공격형-무가중진단,0.000,0.000,0.000,1.7,1,50DEB425210D7347,9,2,"Lunge(0)>Attack>DashForward>Lunge(7)>Attack>DashBackward>Lunge(3)>Attack>MoveRight>Attack>DashLeft>Attack",0,34.000,7,21,16,9,2.186,5,0.000,False,-13.628,9.427,0,180,3500000.000,831.600,0.000,3500832.000,422.024,0E0BAA0CC0A1ACC0,True,2,False,False,""
A1,A-v2-complex,0-baseline,공격형-무가중진단,0.000,0.000,0.000,1.7,1,50DEB425210D7347,9,3,"Lunge(0)>Attack>DashForward>Lunge(7)>Attack>DashBackward>Lunge(3)>Attack>MoveRight>Attack>MoveForward>Attack",0,34.000,7,21,16,9,1.271,8,0.000,False,-36.458,8.677,0,180,3499998.000,831.600,0.000,3500829.000,422.024,1456CDCDEF8C4CBA,True,3,False,False,""
A1,A-v2-complex,0-baseline,공격형-무가중진단,0.000,0.000,0.000,1.7,1,50DEB425210D7347,10,1,"Lunge(0)>Attack>DashForward>Lunge(7)>Attack>DashBackward>Lunge(3)>Attack>MoveRight>Attack>DashForward>Attack",0,34.000,8,20,16,8,1.211,7,0.000,False,-29.577,9.427,0,180,3499998.000,880.000,0.000,3500878.000,432.815,174E838DC2F18B2B,True,1,True,False,"Beam 1위와 관측축 추천 일치"
A1,A-v2-complex,0-baseline,공격형-무가중진단,0.000,0.000,0.000,1.7,1,50DEB425210D7347,10,2,"Lunge(0)>Attack>DashForward>Lunge(7)>Attack>DashBackward>Lunge(3)>Attack>MoveRight>Attack>DashLeft>Attack",0,34.000,7,21,16,9,2.186,5,0.000,False,-13.628,9.427,0,180,3500000.000,831.600,0.000,3500832.000,432.815,0E0BAA0CC0A1ACC0,True,2,False,False,""
A1,A-v2-complex,0-baseline,공격형-무가중진단,0.000,0.000,0.000,1.7,1,50DEB425210D7347,10,3,"Lunge(0)>Attack>DashForward>Lunge(7)>Attack>DashBackward>Lunge(3)>Attack>MoveRight>Attack>MoveForward>Attack",0,34.000,7,21,16,9,1.271,8,0.000,False,-36.458,8.677,0,180,3499998.000,831.600,0.000,3500829.000,432.815,1456CDCDEF8C4CBA,True,3,False,False,""
A2,A-v2-complex,0-baseline,공격형-무가중진단,0.000,0.000,0.000,1.7,1,3F5F709DA48265EF,1,1,"LungeStrike(0)>DashRight>Lunge(5)>Attack>MoveLeft>Attack>Retreat>Attack>DashLeft>LungeStrike(3)>DashBackward>LungeStrike(2)",0,34.000,7,15,12,5,4.373,1,1.942,False,14.570,12.235,0,180,3500001.000,734.800,0.000,3500736.000,226.021,8595C84EEFCE8815,True,2,False,True,""
A2,A-v2-complex,0-baseline,공격형-무가중진단,0.000,0.000,0.000,1.7,1,3F5F709DA48265EF,1,2,"LungeStrike(0)>DashRight>Lunge(5)>Attack>MoveLeft>Attack>Retreat>Attack>DashLeft>LungeStrike(3)>DashRight>LungeStrike(2)",0,34.000,7,15,12,5,3.744,2,1.942,False,13.313,12.219,0,180,3500001.000,734.800,0.000,3500736.000,226.021,443AD4995992E909,True,3,False,True,""
A2,A-v2-complex,0-baseline,공격형-무가중진단,0.000,0.000,0.000,1.7,1,3F5F709DA48265EF,1,3,"LungeStrike(0)>DashRight>Lunge(5)>Attack>MoveLeft>Attack>MoveRight>Attack>Jump>LungeStrike(3)>DashForward>LungeStrike(1)",0,34.000,7,15,12,5,4.492,1,2.371,False,16.097,12.060,0,180,3500001.000,734.800,0.000,3500736.000,226.021,BD17176102D6F0C7,True,1,True,True,"종료 위치 품질 우세"
A2,A-v2-complex,0-baseline,공격형-무가중진단,0.000,0.000,0.000,1.7,1,3F5F709DA48265EF,2,1,"LungeStrike(0)>DashRight>Lunge(5)>Attack>MoveLeft>Attack>Retreat>Attack>DashLeft>LungeStrike(3)>DashBackward>LungeStrike(2)",0,34.000,7,15,12,5,4.373,1,1.942,False,14.570,12.235,0,180,3500001.000,734.800,0.000,3500736.000,218.424,8595C84EEFCE8815,True,2,False,True,""
A2,A-v2-complex,0-baseline,공격형-무가중진단,0.000,0.000,0.000,1.7,1,3F5F709DA48265EF,2,2,"LungeStrike(0)>DashRight>Lunge(5)>Attack>MoveLeft>Attack>Retreat>Attack>DashLeft>LungeStrike(3)>DashRight>LungeStrike(2)",0,34.000,7,15,12,5,3.744,2,1.942,False,13.313,12.219,0,180,3500001.000,734.800,0.000,3500736.000,218.424,443AD4995992E909,True,3,False,True,""
A2,A-v2-complex,0-baseline,공격형-무가중진단,0.000,0.000,0.000,1.7,1,3F5F709DA48265EF,2,3,"LungeStrike(0)>DashRight>Lunge(5)>Attack>MoveLeft>Attack>MoveRight>Attack>Jump>LungeStrike(3)>DashForward>LungeStrike(1)",0,34.000,7,15,12,5,4.492,1,2.371,False,16.097,12.060,0,180,3500001.000,734.800,0.000,3500736.000,218.424,BD17176102D6F0C7,True,1,True,True,"종료 위치 품질 우세"
A2,A-v2-complex,0-baseline,공격형-무가중진단,0.000,0.000,0.000,1.7,1,3F5F709DA48265EF,3,1,"LungeStrike(0)>DashRight>Lunge(5)>Attack>MoveLeft>Attack>Retreat>Attack>DashLeft>LungeStrike(3)>DashBackward>LungeStrike(2)",0,34.000,7,15,12,5,4.373,1,1.942,False,14.570,12.235,0,180,3500001.000,734.800,0.000,3500736.000,215.149,8595C84EEFCE8815,True,2,False,True,""
A2,A-v2-complex,0-baseline,공격형-무가중진단,0.000,0.000,0.000,1.7,1,3F5F709DA48265EF,3,2,"LungeStrike(0)>DashRight>Lunge(5)>Attack>MoveLeft>Attack>Retreat>Attack>DashLeft>LungeStrike(3)>DashRight>LungeStrike(2)",0,34.000,7,15,12,5,3.744,2,1.942,False,13.313,12.219,0,180,3500001.000,734.800,0.000,3500736.000,215.149,443AD4995992E909,True,3,False,True,""
A2,A-v2-complex,0-baseline,공격형-무가중진단,0.000,0.000,0.000,1.7,1,3F5F709DA48265EF,3,3,"LungeStrike(0)>DashRight>Lunge(5)>Attack>MoveLeft>Attack>MoveRight>Attack>Jump>LungeStrike(3)>DashForward>LungeStrike(1)",0,34.000,7,15,12,5,4.492,1,2.371,False,16.097,12.060,0,180,3500001.000,734.800,0.000,3500736.000,215.149,BD17176102D6F0C7,True,1,True,True,"종료 위치 품질 우세"
A2,A-v2-complex,0-baseline,공격형-무가중진단,0.000,0.000,0.000,1.7,1,3F5F709DA48265EF,4,1,"LungeStrike(0)>DashRight>Lunge(5)>Attack>MoveLeft>Attack>Retreat>Attack>DashLeft>LungeStrike(3)>DashBackward>LungeStrike(2)",0,34.000,7,15,12,5,4.373,1,1.942,False,14.570,12.235,0,180,3500001.000,734.800,0.000,3500736.000,219.384,8595C84EEFCE8815,True,2,False,True,""
A2,A-v2-complex,0-baseline,공격형-무가중진단,0.000,0.000,0.000,1.7,1,3F5F709DA48265EF,4,2,"LungeStrike(0)>DashRight>Lunge(5)>Attack>MoveLeft>Attack>Retreat>Attack>DashLeft>LungeStrike(3)>DashRight>LungeStrike(2)",0,34.000,7,15,12,5,3.744,2,1.942,False,13.313,12.219,0,180,3500001.000,734.800,0.000,3500736.000,219.384,443AD4995992E909,True,3,False,True,""
A2,A-v2-complex,0-baseline,공격형-무가중진단,0.000,0.000,0.000,1.7,1,3F5F709DA48265EF,4,3,"LungeStrike(0)>DashRight>Lunge(5)>Attack>MoveLeft>Attack>MoveRight>Attack>Jump>LungeStrike(3)>DashForward>LungeStrike(1)",0,34.000,7,15,12,5,4.492,1,2.371,False,16.097,12.060,0,180,3500001.000,734.800,0.000,3500736.000,219.384,BD17176102D6F0C7,True,1,True,True,"종료 위치 품질 우세"
A2,A-v2-complex,0-baseline,공격형-무가중진단,0.000,0.000,0.000,1.7,1,3F5F709DA48265EF,5,1,"LungeStrike(0)>DashRight>Lunge(5)>Attack>MoveLeft>Attack>Retreat>Attack>DashLeft>LungeStrike(3)>DashBackward>LungeStrike(2)",0,34.000,7,15,12,5,4.373,1,1.942,False,14.570,12.235,0,180,3500001.000,734.800,0.000,3500736.000,209.995,8595C84EEFCE8815,True,2,False,True,""
A2,A-v2-complex,0-baseline,공격형-무가중진단,0.000,0.000,0.000,1.7,1,3F5F709DA48265EF,5,2,"LungeStrike(0)>DashRight>Lunge(5)>Attack>MoveLeft>Attack>Retreat>Attack>DashLeft>LungeStrike(3)>DashRight>LungeStrike(2)",0,34.000,7,15,12,5,3.744,2,1.942,False,13.313,12.219,0,180,3500001.000,734.800,0.000,3500736.000,209.995,443AD4995992E909,True,3,False,True,""
A2,A-v2-complex,0-baseline,공격형-무가중진단,0.000,0.000,0.000,1.7,1,3F5F709DA48265EF,5,3,"LungeStrike(0)>DashRight>Lunge(5)>Attack>MoveLeft>Attack>MoveRight>Attack>Jump>LungeStrike(3)>DashForward>LungeStrike(1)",0,34.000,7,15,12,5,4.492,1,2.371,False,16.097,12.060,0,180,3500001.000,734.800,0.000,3500736.000,209.995,BD17176102D6F0C7,True,1,True,True,"종료 위치 품질 우세"
A2,A-v2-complex,0-baseline,공격형-무가중진단,0.000,0.000,0.000,1.7,1,3F5F709DA48265EF,6,1,"LungeStrike(0)>DashRight>Lunge(5)>Attack>MoveLeft>Attack>Retreat>Attack>DashLeft>LungeStrike(3)>DashBackward>LungeStrike(2)",0,34.000,7,15,12,5,4.373,1,1.942,False,14.570,12.235,0,180,3500001.000,734.800,0.000,3500736.000,219.198,8595C84EEFCE8815,True,2,False,True,""
A2,A-v2-complex,0-baseline,공격형-무가중진단,0.000,0.000,0.000,1.7,1,3F5F709DA48265EF,6,2,"LungeStrike(0)>DashRight>Lunge(5)>Attack>MoveLeft>Attack>Retreat>Attack>DashLeft>LungeStrike(3)>DashRight>LungeStrike(2)",0,34.000,7,15,12,5,3.744,2,1.942,False,13.313,12.219,0,180,3500001.000,734.800,0.000,3500736.000,219.198,443AD4995992E909,True,3,False,True,""
A2,A-v2-complex,0-baseline,공격형-무가중진단,0.000,0.000,0.000,1.7,1,3F5F709DA48265EF,6,3,"LungeStrike(0)>DashRight>Lunge(5)>Attack>MoveLeft>Attack>MoveRight>Attack>Jump>LungeStrike(3)>DashForward>LungeStrike(1)",0,34.000,7,15,12,5,4.492,1,2.371,False,16.097,12.060,0,180,3500001.000,734.800,0.000,3500736.000,219.198,BD17176102D6F0C7,True,1,True,True,"종료 위치 품질 우세"
A2,A-v2-complex,0-baseline,공격형-무가중진단,0.000,0.000,0.000,1.7,1,3F5F709DA48265EF,7,1,"LungeStrike(0)>DashRight>Lunge(5)>Attack>MoveLeft>Attack>Retreat>Attack>DashLeft>LungeStrike(3)>DashBackward>LungeStrike(2)",0,34.000,7,15,12,5,4.373,1,1.942,False,14.570,12.235,0,180,3500001.000,734.800,0.000,3500736.000,231.171,8595C84EEFCE8815,True,2,False,True,""
A2,A-v2-complex,0-baseline,공격형-무가중진단,0.000,0.000,0.000,1.7,1,3F5F709DA48265EF,7,2,"LungeStrike(0)>DashRight>Lunge(5)>Attack>MoveLeft>Attack>Retreat>Attack>DashLeft>LungeStrike(3)>DashRight>LungeStrike(2)",0,34.000,7,15,12,5,3.744,2,1.942,False,13.313,12.219,0,180,3500001.000,734.800,0.000,3500736.000,231.171,443AD4995992E909,True,3,False,True,""
A2,A-v2-complex,0-baseline,공격형-무가중진단,0.000,0.000,0.000,1.7,1,3F5F709DA48265EF,7,3,"LungeStrike(0)>DashRight>Lunge(5)>Attack>MoveLeft>Attack>MoveRight>Attack>Jump>LungeStrike(3)>DashForward>LungeStrike(1)",0,34.000,7,15,12,5,4.492,1,2.371,False,16.097,12.060,0,180,3500001.000,734.800,0.000,3500736.000,231.171,BD17176102D6F0C7,True,1,True,True,"종료 위치 품질 우세"
A2,A-v2-complex,0-baseline,공격형-무가중진단,0.000,0.000,0.000,1.7,1,3F5F709DA48265EF,8,1,"LungeStrike(0)>DashRight>Lunge(5)>Attack>MoveLeft>Attack>Retreat>Attack>DashLeft>LungeStrike(3)>DashBackward>LungeStrike(2)",0,34.000,7,15,12,5,4.373,1,1.942,False,14.570,12.235,0,180,3500001.000,734.800,0.000,3500736.000,270.582,8595C84EEFCE8815,True,2,False,True,""
A2,A-v2-complex,0-baseline,공격형-무가중진단,0.000,0.000,0.000,1.7,1,3F5F709DA48265EF,8,2,"LungeStrike(0)>DashRight>Lunge(5)>Attack>MoveLeft>Attack>Retreat>Attack>DashLeft>LungeStrike(3)>DashRight>LungeStrike(2)",0,34.000,7,15,12,5,3.744,2,1.942,False,13.313,12.219,0,180,3500001.000,734.800,0.000,3500736.000,270.582,443AD4995992E909,True,3,False,True,""
A2,A-v2-complex,0-baseline,공격형-무가중진단,0.000,0.000,0.000,1.7,1,3F5F709DA48265EF,8,3,"LungeStrike(0)>DashRight>Lunge(5)>Attack>MoveLeft>Attack>MoveRight>Attack>Jump>LungeStrike(3)>DashForward>LungeStrike(1)",0,34.000,7,15,12,5,4.492,1,2.371,False,16.097,12.060,0,180,3500001.000,734.800,0.000,3500736.000,270.582,BD17176102D6F0C7,True,1,True,True,"종료 위치 품질 우세"
A2,A-v2-complex,0-baseline,공격형-무가중진단,0.000,0.000,0.000,1.7,1,3F5F709DA48265EF,9,1,"LungeStrike(0)>DashRight>Lunge(5)>Attack>MoveLeft>Attack>Retreat>Attack>DashLeft>LungeStrike(3)>DashBackward>LungeStrike(2)",0,34.000,7,15,12,5,4.373,1,1.942,False,14.570,12.235,0,180,3500001.000,734.800,0.000,3500736.000,437.518,8595C84EEFCE8815,True,2,False,True,""
A2,A-v2-complex,0-baseline,공격형-무가중진단,0.000,0.000,0.000,1.7,1,3F5F709DA48265EF,9,2,"LungeStrike(0)>DashRight>Lunge(5)>Attack>MoveLeft>Attack>Retreat>Attack>DashLeft>LungeStrike(3)>DashRight>LungeStrike(2)",0,34.000,7,15,12,5,3.744,2,1.942,False,13.313,12.219,0,180,3500001.000,734.800,0.000,3500736.000,437.518,443AD4995992E909,True,3,False,True,""
A2,A-v2-complex,0-baseline,공격형-무가중진단,0.000,0.000,0.000,1.7,1,3F5F709DA48265EF,9,3,"LungeStrike(0)>DashRight>Lunge(5)>Attack>MoveLeft>Attack>MoveRight>Attack>Jump>LungeStrike(3)>DashForward>LungeStrike(1)",0,34.000,7,15,12,5,4.492,1,2.371,False,16.097,12.060,0,180,3500001.000,734.800,0.000,3500736.000,437.518,BD17176102D6F0C7,True,1,True,True,"종료 위치 품질 우세"
A2,A-v2-complex,0-baseline,공격형-무가중진단,0.000,0.000,0.000,1.7,1,3F5F709DA48265EF,10,1,"LungeStrike(0)>DashRight>Lunge(5)>Attack>MoveLeft>Attack>Retreat>Attack>DashLeft>LungeStrike(3)>DashBackward>LungeStrike(2)",0,34.000,7,15,12,5,4.373,1,1.942,False,14.570,12.235,0,180,3500001.000,734.800,0.000,3500736.000,414.327,8595C84EEFCE8815,True,2,False,True,""
A2,A-v2-complex,0-baseline,공격형-무가중진단,0.000,0.000,0.000,1.7,1,3F5F709DA48265EF,10,2,"LungeStrike(0)>DashRight>Lunge(5)>Attack>MoveLeft>Attack>Retreat>Attack>DashLeft>LungeStrike(3)>DashRight>LungeStrike(2)",0,34.000,7,15,12,5,3.744,2,1.942,False,13.313,12.219,0,180,3500001.000,734.800,0.000,3500736.000,414.327,443AD4995992E909,True,3,False,True,""
A2,A-v2-complex,0-baseline,공격형-무가중진단,0.000,0.000,0.000,1.7,1,3F5F709DA48265EF,10,3,"LungeStrike(0)>DashRight>Lunge(5)>Attack>MoveLeft>Attack>MoveRight>Attack>Jump>LungeStrike(3)>DashForward>LungeStrike(1)",0,34.000,7,15,12,5,4.492,1,2.371,False,16.097,12.060,0,180,3500001.000,734.800,0.000,3500736.000,414.327,BD17176102D6F0C7,True,1,True,True,"종료 위치 품질 우세"
A3,A-v2-complex,0-baseline,공격형-무가중진단,0.000,0.000,0.000,1.7,1,01880BEA0D35E61C,1,1,"Attack>DashForward>Attack>MoveLeft>Attack>MoveForward>Lunge(2)>Attack>MoveRight>Attack>Retreat>Attack",0,29.000,9,16,14,6,3.663,2,0.000,False,10.327,6.215,1,180,3499998.000,875.600,0.000,3500873.000,474.679,A0CA6604C4776456,True,1,True,False,"Beam 1위와 관측축 추천 일치"
A3,A-v2-complex,0-baseline,공격형-무가중진단,0.000,0.000,0.000,1.7,1,01880BEA0D35E61C,1,2,"Attack>DashForward>Attack>MoveLeft>Attack>MoveForward>Lunge(2)>Attack>MoveRight>Attack>DashBackward>Lunge(6)",0,29.000,9,16,14,6,3.481,2,0.000,False,9.961,7.922,1,180,3499998.000,875.600,0.000,3500873.000,474.679,B3AA95B991B533C7,True,2,False,False,""
A3,A-v2-complex,0-baseline,공격형-무가중진단,0.000,0.000,0.000,1.7,1,01880BEA0D35E61C,1,3,"Attack>DashForward>Attack>MoveLeft>Attack>MoveForward>Lunge(2)>Attack>MoveRight>Attack>DashRight>Lunge(6)",0,29.000,9,16,14,6,3.460,1,0.000,False,9.919,7.668,1,180,3499998.000,875.600,0.000,3500873.000,474.679,233E281119EBE4C4,True,3,False,False,""
A3,A-v2-complex,0-baseline,공격형-무가중진단,0.000,0.000,0.000,1.7,1,01880BEA0D35E61C,2,1,"Attack>DashForward>Attack>MoveLeft>Attack>MoveForward>Lunge(2)>Attack>MoveRight>Attack>Retreat>Attack",0,29.000,9,16,14,6,3.663,2,0.000,False,10.327,6.215,1,180,3499998.000,875.600,0.000,3500873.000,485.307,A0CA6604C4776456,True,1,True,False,"Beam 1위와 관측축 추천 일치"
A3,A-v2-complex,0-baseline,공격형-무가중진단,0.000,0.000,0.000,1.7,1,01880BEA0D35E61C,2,2,"Attack>DashForward>Attack>MoveLeft>Attack>MoveForward>Lunge(2)>Attack>MoveRight>Attack>DashBackward>Lunge(6)",0,29.000,9,16,14,6,3.481,2,0.000,False,9.961,7.922,1,180,3499998.000,875.600,0.000,3500873.000,485.307,B3AA95B991B533C7,True,2,False,False,""
A3,A-v2-complex,0-baseline,공격형-무가중진단,0.000,0.000,0.000,1.7,1,01880BEA0D35E61C,2,3,"Attack>DashForward>Attack>MoveLeft>Attack>MoveForward>Lunge(2)>Attack>MoveRight>Attack>DashRight>Lunge(6)",0,29.000,9,16,14,6,3.460,1,0.000,False,9.919,7.668,1,180,3499998.000,875.600,0.000,3500873.000,485.307,233E281119EBE4C4,True,3,False,False,""
A3,A-v2-complex,0-baseline,공격형-무가중진단,0.000,0.000,0.000,1.7,1,01880BEA0D35E61C,3,1,"Attack>DashForward>Attack>MoveLeft>Attack>MoveForward>Lunge(2)>Attack>MoveRight>Attack>Retreat>Attack",0,29.000,9,16,14,6,3.663,2,0.000,False,10.327,6.215,1,180,3499998.000,875.600,0.000,3500873.000,473.094,A0CA6604C4776456,True,1,True,False,"Beam 1위와 관측축 추천 일치"
A3,A-v2-complex,0-baseline,공격형-무가중진단,0.000,0.000,0.000,1.7,1,01880BEA0D35E61C,3,2,"Attack>DashForward>Attack>MoveLeft>Attack>MoveForward>Lunge(2)>Attack>MoveRight>Attack>DashBackward>Lunge(6)",0,29.000,9,16,14,6,3.481,2,0.000,False,9.961,7.922,1,180,3499998.000,875.600,0.000,3500873.000,473.094,B3AA95B991B533C7,True,2,False,False,""
A3,A-v2-complex,0-baseline,공격형-무가중진단,0.000,0.000,0.000,1.7,1,01880BEA0D35E61C,3,3,"Attack>DashForward>Attack>MoveLeft>Attack>MoveForward>Lunge(2)>Attack>MoveRight>Attack>DashRight>Lunge(6)",0,29.000,9,16,14,6,3.460,1,0.000,False,9.919,7.668,1,180,3499998.000,875.600,0.000,3500873.000,473.094,233E281119EBE4C4,True,3,False,False,""
A3,A-v2-complex,0-baseline,공격형-무가중진단,0.000,0.000,0.000,1.7,1,01880BEA0D35E61C,4,1,"Attack>DashForward>Attack>MoveLeft>Attack>MoveForward>Lunge(2)>Attack>MoveRight>Attack>Retreat>Attack",0,29.000,9,16,14,6,3.663,2,0.000,False,10.327,6.215,1,180,3499998.000,875.600,0.000,3500873.000,483.732,A0CA6604C4776456,True,1,True,False,"Beam 1위와 관측축 추천 일치"
A3,A-v2-complex,0-baseline,공격형-무가중진단,0.000,0.000,0.000,1.7,1,01880BEA0D35E61C,4,2,"Attack>DashForward>Attack>MoveLeft>Attack>MoveForward>Lunge(2)>Attack>MoveRight>Attack>DashBackward>Lunge(6)",0,29.000,9,16,14,6,3.481,2,0.000,False,9.961,7.922,1,180,3499998.000,875.600,0.000,3500873.000,483.732,B3AA95B991B533C7,True,2,False,False,""
A3,A-v2-complex,0-baseline,공격형-무가중진단,0.000,0.000,0.000,1.7,1,01880BEA0D35E61C,4,3,"Attack>DashForward>Attack>MoveLeft>Attack>MoveForward>Lunge(2)>Attack>MoveRight>Attack>DashRight>Lunge(6)",0,29.000,9,16,14,6,3.460,1,0.000,False,9.919,7.668,1,180,3499998.000,875.600,0.000,3500873.000,483.732,233E281119EBE4C4,True,3,False,False,""
A3,A-v2-complex,0-baseline,공격형-무가중진단,0.000,0.000,0.000,1.7,1,01880BEA0D35E61C,5,1,"Attack>DashForward>Attack>MoveLeft>Attack>MoveForward>Lunge(2)>Attack>MoveRight>Attack>Retreat>Attack",0,29.000,9,16,14,6,3.663,2,0.000,False,10.327,6.215,1,180,3499998.000,875.600,0.000,3500873.000,474.337,A0CA6604C4776456,True,1,True,False,"Beam 1위와 관측축 추천 일치"
A3,A-v2-complex,0-baseline,공격형-무가중진단,0.000,0.000,0.000,1.7,1,01880BEA0D35E61C,5,2,"Attack>DashForward>Attack>MoveLeft>Attack>MoveForward>Lunge(2)>Attack>MoveRight>Attack>DashBackward>Lunge(6)",0,29.000,9,16,14,6,3.481,2,0.000,False,9.961,7.922,1,180,3499998.000,875.600,0.000,3500873.000,474.337,B3AA95B991B533C7,True,2,False,False,""
A3,A-v2-complex,0-baseline,공격형-무가중진단,0.000,0.000,0.000,1.7,1,01880BEA0D35E61C,5,3,"Attack>DashForward>Attack>MoveLeft>Attack>MoveForward>Lunge(2)>Attack>MoveRight>Attack>DashRight>Lunge(6)",0,29.000,9,16,14,6,3.460,1,0.000,False,9.919,7.668,1,180,3499998.000,875.600,0.000,3500873.000,474.337,233E281119EBE4C4,True,3,False,False,""
A3,A-v2-complex,0-baseline,공격형-무가중진단,0.000,0.000,0.000,1.7,1,01880BEA0D35E61C,6,1,"Attack>DashForward>Attack>MoveLeft>Attack>MoveForward>Lunge(2)>Attack>MoveRight>Attack>Retreat>Attack",0,29.000,9,16,14,6,3.663,2,0.000,False,10.327,6.215,1,180,3499998.000,875.600,0.000,3500873.000,482.795,A0CA6604C4776456,True,1,True,False,"Beam 1위와 관측축 추천 일치"
A3,A-v2-complex,0-baseline,공격형-무가중진단,0.000,0.000,0.000,1.7,1,01880BEA0D35E61C,6,2,"Attack>DashForward>Attack>MoveLeft>Attack>MoveForward>Lunge(2)>Attack>MoveRight>Attack>DashBackward>Lunge(6)",0,29.000,9,16,14,6,3.481,2,0.000,False,9.961,7.922,1,180,3499998.000,875.600,0.000,3500873.000,482.795,B3AA95B991B533C7,True,2,False,False,""
A3,A-v2-complex,0-baseline,공격형-무가중진단,0.000,0.000,0.000,1.7,1,01880BEA0D35E61C,6,3,"Attack>DashForward>Attack>MoveLeft>Attack>MoveForward>Lunge(2)>Attack>MoveRight>Attack>DashRight>Lunge(6)",0,29.000,9,16,14,6,3.460,1,0.000,False,9.919,7.668,1,180,3499998.000,875.600,0.000,3500873.000,482.795,233E281119EBE4C4,True,3,False,False,""
A3,A-v2-complex,0-baseline,공격형-무가중진단,0.000,0.000,0.000,1.7,1,01880BEA0D35E61C,7,1,"Attack>DashForward>Attack>MoveLeft>Attack>MoveForward>Lunge(2)>Attack>MoveRight>Attack>Retreat>Attack",0,29.000,9,16,14,6,3.663,2,0.000,False,10.327,6.215,1,180,3499998.000,875.600,0.000,3500873.000,474.947,A0CA6604C4776456,True,1,True,False,"Beam 1위와 관측축 추천 일치"
A3,A-v2-complex,0-baseline,공격형-무가중진단,0.000,0.000,0.000,1.7,1,01880BEA0D35E61C,7,2,"Attack>DashForward>Attack>MoveLeft>Attack>MoveForward>Lunge(2)>Attack>MoveRight>Attack>DashBackward>Lunge(6)",0,29.000,9,16,14,6,3.481,2,0.000,False,9.961,7.922,1,180,3499998.000,875.600,0.000,3500873.000,474.947,B3AA95B991B533C7,True,2,False,False,""
A3,A-v2-complex,0-baseline,공격형-무가중진단,0.000,0.000,0.000,1.7,1,01880BEA0D35E61C,7,3,"Attack>DashForward>Attack>MoveLeft>Attack>MoveForward>Lunge(2)>Attack>MoveRight>Attack>DashRight>Lunge(6)",0,29.000,9,16,14,6,3.460,1,0.000,False,9.919,7.668,1,180,3499998.000,875.600,0.000,3500873.000,474.947,233E281119EBE4C4,True,3,False,False,""
A3,A-v2-complex,0-baseline,공격형-무가중진단,0.000,0.000,0.000,1.7,1,01880BEA0D35E61C,8,1,"Attack>DashForward>Attack>MoveLeft>Attack>MoveForward>Lunge(2)>Attack>MoveRight>Attack>Retreat>Attack",0,29.000,9,16,14,6,3.663,2,0.000,False,10.327,6.215,1,180,3499998.000,875.600,0.000,3500873.000,571.504,A0CA6604C4776456,True,1,True,False,"Beam 1위와 관측축 추천 일치"
A3,A-v2-complex,0-baseline,공격형-무가중진단,0.000,0.000,0.000,1.7,1,01880BEA0D35E61C,8,2,"Attack>DashForward>Attack>MoveLeft>Attack>MoveForward>Lunge(2)>Attack>MoveRight>Attack>DashBackward>Lunge(6)",0,29.000,9,16,14,6,3.481,2,0.000,False,9.961,7.922,1,180,3499998.000,875.600,0.000,3500873.000,571.504,B3AA95B991B533C7,True,2,False,False,""
A3,A-v2-complex,0-baseline,공격형-무가중진단,0.000,0.000,0.000,1.7,1,01880BEA0D35E61C,8,3,"Attack>DashForward>Attack>MoveLeft>Attack>MoveForward>Lunge(2)>Attack>MoveRight>Attack>DashRight>Lunge(6)",0,29.000,9,16,14,6,3.460,1,0.000,False,9.919,7.668,1,180,3499998.000,875.600,0.000,3500873.000,571.504,233E281119EBE4C4,True,3,False,False,""
A3,A-v2-complex,0-baseline,공격형-무가중진단,0.000,0.000,0.000,1.7,1,01880BEA0D35E61C,9,1,"Attack>DashForward>Attack>MoveLeft>Attack>MoveForward>Lunge(2)>Attack>MoveRight>Attack>Retreat>Attack",0,29.000,9,16,14,6,3.663,2,0.000,False,10.327,6.215,1,180,3499998.000,875.600,0.000,3500873.000,475.967,A0CA6604C4776456,True,1,True,False,"Beam 1위와 관측축 추천 일치"
A3,A-v2-complex,0-baseline,공격형-무가중진단,0.000,0.000,0.000,1.7,1,01880BEA0D35E61C,9,2,"Attack>DashForward>Attack>MoveLeft>Attack>MoveForward>Lunge(2)>Attack>MoveRight>Attack>DashBackward>Lunge(6)",0,29.000,9,16,14,6,3.481,2,0.000,False,9.961,7.922,1,180,3499998.000,875.600,0.000,3500873.000,475.967,B3AA95B991B533C7,True,2,False,False,""
A3,A-v2-complex,0-baseline,공격형-무가중진단,0.000,0.000,0.000,1.7,1,01880BEA0D35E61C,9,3,"Attack>DashForward>Attack>MoveLeft>Attack>MoveForward>Lunge(2)>Attack>MoveRight>Attack>DashRight>Lunge(6)",0,29.000,9,16,14,6,3.460,1,0.000,False,9.919,7.668,1,180,3499998.000,875.600,0.000,3500873.000,475.967,233E281119EBE4C4,True,3,False,False,""
A3,A-v2-complex,0-baseline,공격형-무가중진단,0.000,0.000,0.000,1.7,1,01880BEA0D35E61C,10,1,"Attack>DashForward>Attack>MoveLeft>Attack>MoveForward>Lunge(2)>Attack>MoveRight>Attack>Retreat>Attack",0,29.000,9,16,14,6,3.663,2,0.000,False,10.327,6.215,1,180,3499998.000,875.600,0.000,3500873.000,560.761,A0CA6604C4776456,True,1,True,False,"Beam 1위와 관측축 추천 일치"
A3,A-v2-complex,0-baseline,공격형-무가중진단,0.000,0.000,0.000,1.7,1,01880BEA0D35E61C,10,2,"Attack>DashForward>Attack>MoveLeft>Attack>MoveForward>Lunge(2)>Attack>MoveRight>Attack>DashBackward>Lunge(6)",0,29.000,9,16,14,6,3.481,2,0.000,False,9.961,7.922,1,180,3499998.000,875.600,0.000,3500873.000,560.761,B3AA95B991B533C7,True,2,False,False,""
A3,A-v2-complex,0-baseline,공격형-무가중진단,0.000,0.000,0.000,1.7,1,01880BEA0D35E61C,10,3,"Attack>DashForward>Attack>MoveLeft>Attack>MoveForward>Lunge(2)>Attack>MoveRight>Attack>DashRight>Lunge(6)",0,29.000,9,16,14,6,3.460,1,0.000,False,9.919,7.668,1,180,3499998.000,875.600,0.000,3500873.000,560.761,233E281119EBE4C4,True,3,False,False,""
A4,A-v2-complex,0-baseline,공격형-무가중진단,0.000,0.000,0.000,1.7,1,62F6E9F8D1F2129D,1,1,"Attack>DashForward>Attack>MoveLeft>Attack>DashForward>LungeStrike(17)>DashLeft>Lunge(9)>Attack>MoveLeft>Attack",1,29.000,9,17,18,9,3.476,3,0.000,False,2.952,9.355,3,180,3499967.000,893.200,0.000,3500860.000,778.545,EE9534D8EAD61921,True,3,False,True,""
A4,A-v2-complex,0-baseline,공격형-무가중진단,0.000,0.000,0.000,1.7,1,62F6E9F8D1F2129D,1,2,"Attack>DashForward>Attack>MoveLeft>Attack>DashForward>LungeStrike(17)>DashLeft>Lunge(9)>Attack>MoveLeft>Lunge(10)",1,29.000,9,17,18,9,3.440,3,0.000,True,10.880,10.087,3,180,3499967.000,893.200,0.000,3500860.000,778.545,84AF7D16C319FC53,True,2,False,True,""
A4,A-v2-complex,0-baseline,공격형-무가중진단,0.000,0.000,0.000,1.7,1,62F6E9F8D1F2129D,1,3,"Attack>DashForward>Attack>MoveLeft>Attack>DashForward>LungeStrike(17)>DashLeft>Lunge(9)>Attack>DashBackward>Lunge(10)",1,29.000,9,17,18,9,5.410,0,0.000,True,21.819,10.805,3,180,3499949.000,893.200,0.000,3500843.000,778.545,FB646DB73DF7B674,True,1,True,True,"종료 즉시 행동 가능"
A4,A-v2-complex,0-baseline,공격형-무가중진단,0.000,0.000,0.000,1.7,1,62F6E9F8D1F2129D,2,1,"Attack>DashForward>Attack>MoveLeft>Attack>DashForward>LungeStrike(17)>DashLeft>Lunge(9)>Attack>MoveLeft>Attack",1,29.000,9,17,18,9,3.476,3,0.000,False,2.952,9.355,3,180,3499967.000,893.200,0.000,3500860.000,852.394,EE9534D8EAD61921,True,3,False,True,""
A4,A-v2-complex,0-baseline,공격형-무가중진단,0.000,0.000,0.000,1.7,1,62F6E9F8D1F2129D,2,2,"Attack>DashForward>Attack>MoveLeft>Attack>DashForward>LungeStrike(17)>DashLeft>Lunge(9)>Attack>MoveLeft>Lunge(10)",1,29.000,9,17,18,9,3.440,3,0.000,True,10.880,10.087,3,180,3499967.000,893.200,0.000,3500860.000,852.394,84AF7D16C319FC53,True,2,False,True,""
A4,A-v2-complex,0-baseline,공격형-무가중진단,0.000,0.000,0.000,1.7,1,62F6E9F8D1F2129D,2,3,"Attack>DashForward>Attack>MoveLeft>Attack>DashForward>LungeStrike(17)>DashLeft>Lunge(9)>Attack>DashBackward>Lunge(10)",1,29.000,9,17,18,9,5.410,0,0.000,True,21.819,10.805,3,180,3499949.000,893.200,0.000,3500843.000,852.394,FB646DB73DF7B674,True,1,True,True,"종료 즉시 행동 가능"
A4,A-v2-complex,0-baseline,공격형-무가중진단,0.000,0.000,0.000,1.7,1,62F6E9F8D1F2129D,3,1,"Attack>DashForward>Attack>MoveLeft>Attack>DashForward>LungeStrike(17)>DashLeft>Lunge(9)>Attack>MoveLeft>Attack",1,29.000,9,17,18,9,3.476,3,0.000,False,2.952,9.355,3,180,3499967.000,893.200,0.000,3500860.000,846.975,EE9534D8EAD61921,True,3,False,True,""
A4,A-v2-complex,0-baseline,공격형-무가중진단,0.000,0.000,0.000,1.7,1,62F6E9F8D1F2129D,3,2,"Attack>DashForward>Attack>MoveLeft>Attack>DashForward>LungeStrike(17)>DashLeft>Lunge(9)>Attack>MoveLeft>Lunge(10)",1,29.000,9,17,18,9,3.440,3,0.000,True,10.880,10.087,3,180,3499967.000,893.200,0.000,3500860.000,846.975,84AF7D16C319FC53,True,2,False,True,""
A4,A-v2-complex,0-baseline,공격형-무가중진단,0.000,0.000,0.000,1.7,1,62F6E9F8D1F2129D,3,3,"Attack>DashForward>Attack>MoveLeft>Attack>DashForward>LungeStrike(17)>DashLeft>Lunge(9)>Attack>DashBackward>Lunge(10)",1,29.000,9,17,18,9,5.410,0,0.000,True,21.819,10.805,3,180,3499949.000,893.200,0.000,3500843.000,846.975,FB646DB73DF7B674,True,1,True,True,"종료 즉시 행동 가능"
A4,A-v2-complex,0-baseline,공격형-무가중진단,0.000,0.000,0.000,1.7,1,62F6E9F8D1F2129D,4,1,"Attack>DashForward>Attack>MoveLeft>Attack>DashForward>LungeStrike(17)>DashLeft>Lunge(9)>Attack>MoveLeft>Attack",1,29.000,9,17,18,9,3.476,3,0.000,False,2.952,9.355,3,180,3499967.000,893.200,0.000,3500860.000,798.542,EE9534D8EAD61921,True,3,False,True,""
A4,A-v2-complex,0-baseline,공격형-무가중진단,0.000,0.000,0.000,1.7,1,62F6E9F8D1F2129D,4,2,"Attack>DashForward>Attack>MoveLeft>Attack>DashForward>LungeStrike(17)>DashLeft>Lunge(9)>Attack>MoveLeft>Lunge(10)",1,29.000,9,17,18,9,3.440,3,0.000,True,10.880,10.087,3,180,3499967.000,893.200,0.000,3500860.000,798.542,84AF7D16C319FC53,True,2,False,True,""
A4,A-v2-complex,0-baseline,공격형-무가중진단,0.000,0.000,0.000,1.7,1,62F6E9F8D1F2129D,4,3,"Attack>DashForward>Attack>MoveLeft>Attack>DashForward>LungeStrike(17)>DashLeft>Lunge(9)>Attack>DashBackward>Lunge(10)",1,29.000,9,17,18,9,5.410,0,0.000,True,21.819,10.805,3,180,3499949.000,893.200,0.000,3500843.000,798.542,FB646DB73DF7B674,True,1,True,True,"종료 즉시 행동 가능"
A4,A-v2-complex,0-baseline,공격형-무가중진단,0.000,0.000,0.000,1.7,1,62F6E9F8D1F2129D,5,1,"Attack>DashForward>Attack>MoveLeft>Attack>DashForward>LungeStrike(17)>DashLeft>Lunge(9)>Attack>MoveLeft>Attack",1,29.000,9,17,18,9,3.476,3,0.000,False,2.952,9.355,3,180,3499967.000,893.200,0.000,3500860.000,821.666,EE9534D8EAD61921,True,3,False,True,""
A4,A-v2-complex,0-baseline,공격형-무가중진단,0.000,0.000,0.000,1.7,1,62F6E9F8D1F2129D,5,2,"Attack>DashForward>Attack>MoveLeft>Attack>DashForward>LungeStrike(17)>DashLeft>Lunge(9)>Attack>MoveLeft>Lunge(10)",1,29.000,9,17,18,9,3.440,3,0.000,True,10.880,10.087,3,180,3499967.000,893.200,0.000,3500860.000,821.666,84AF7D16C319FC53,True,2,False,True,""
A4,A-v2-complex,0-baseline,공격형-무가중진단,0.000,0.000,0.000,1.7,1,62F6E9F8D1F2129D,5,3,"Attack>DashForward>Attack>MoveLeft>Attack>DashForward>LungeStrike(17)>DashLeft>Lunge(9)>Attack>DashBackward>Lunge(10)",1,29.000,9,17,18,9,5.410,0,0.000,True,21.819,10.805,3,180,3499949.000,893.200,0.000,3500843.000,821.666,FB646DB73DF7B674,True,1,True,True,"종료 즉시 행동 가능"
A4,A-v2-complex,0-baseline,공격형-무가중진단,0.000,0.000,0.000,1.7,1,62F6E9F8D1F2129D,6,1,"Attack>DashForward>Attack>MoveLeft>Attack>DashForward>LungeStrike(17)>DashLeft>Lunge(9)>Attack>MoveLeft>Attack",1,29.000,9,17,18,9,3.476,3,0.000,False,2.952,9.355,3,180,3499967.000,893.200,0.000,3500860.000,820.346,EE9534D8EAD61921,True,3,False,True,""
A4,A-v2-complex,0-baseline,공격형-무가중진단,0.000,0.000,0.000,1.7,1,62F6E9F8D1F2129D,6,2,"Attack>DashForward>Attack>MoveLeft>Attack>DashForward>LungeStrike(17)>DashLeft>Lunge(9)>Attack>MoveLeft>Lunge(10)",1,29.000,9,17,18,9,3.440,3,0.000,True,10.880,10.087,3,180,3499967.000,893.200,0.000,3500860.000,820.346,84AF7D16C319FC53,True,2,False,True,""
A4,A-v2-complex,0-baseline,공격형-무가중진단,0.000,0.000,0.000,1.7,1,62F6E9F8D1F2129D,6,3,"Attack>DashForward>Attack>MoveLeft>Attack>DashForward>LungeStrike(17)>DashLeft>Lunge(9)>Attack>DashBackward>Lunge(10)",1,29.000,9,17,18,9,5.410,0,0.000,True,21.819,10.805,3,180,3499949.000,893.200,0.000,3500843.000,820.346,FB646DB73DF7B674,True,1,True,True,"종료 즉시 행동 가능"
A4,A-v2-complex,0-baseline,공격형-무가중진단,0.000,0.000,0.000,1.7,1,62F6E9F8D1F2129D,7,1,"Attack>DashForward>Attack>MoveLeft>Attack>DashForward>LungeStrike(17)>DashLeft>Lunge(9)>Attack>MoveLeft>Attack",1,29.000,9,17,18,9,3.476,3,0.000,False,2.952,9.355,3,180,3499967.000,893.200,0.000,3500860.000,977.126,EE9534D8EAD61921,True,3,False,True,""
A4,A-v2-complex,0-baseline,공격형-무가중진단,0.000,0.000,0.000,1.7,1,62F6E9F8D1F2129D,7,2,"Attack>DashForward>Attack>MoveLeft>Attack>DashForward>LungeStrike(17)>DashLeft>Lunge(9)>Attack>MoveLeft>Lunge(10)",1,29.000,9,17,18,9,3.440,3,0.000,True,10.880,10.087,3,180,3499967.000,893.200,0.000,3500860.000,977.126,84AF7D16C319FC53,True,2,False,True,""
A4,A-v2-complex,0-baseline,공격형-무가중진단,0.000,0.000,0.000,1.7,1,62F6E9F8D1F2129D,7,3,"Attack>DashForward>Attack>MoveLeft>Attack>DashForward>LungeStrike(17)>DashLeft>Lunge(9)>Attack>DashBackward>Lunge(10)",1,29.000,9,17,18,9,5.410,0,0.000,True,21.819,10.805,3,180,3499949.000,893.200,0.000,3500843.000,977.126,FB646DB73DF7B674,True,1,True,True,"종료 즉시 행동 가능"
A4,A-v2-complex,0-baseline,공격형-무가중진단,0.000,0.000,0.000,1.7,1,62F6E9F8D1F2129D,8,1,"Attack>DashForward>Attack>MoveLeft>Attack>DashForward>LungeStrike(17)>DashLeft>Lunge(9)>Attack>MoveLeft>Attack",1,29.000,9,17,18,9,3.476,3,0.000,False,2.952,9.355,3,180,3499967.000,893.200,0.000,3500860.000,887.475,EE9534D8EAD61921,True,3,False,True,""
A4,A-v2-complex,0-baseline,공격형-무가중진단,0.000,0.000,0.000,1.7,1,62F6E9F8D1F2129D,8,2,"Attack>DashForward>Attack>MoveLeft>Attack>DashForward>LungeStrike(17)>DashLeft>Lunge(9)>Attack>MoveLeft>Lunge(10)",1,29.000,9,17,18,9,3.440,3,0.000,True,10.880,10.087,3,180,3499967.000,893.200,0.000,3500860.000,887.475,84AF7D16C319FC53,True,2,False,True,""
A4,A-v2-complex,0-baseline,공격형-무가중진단,0.000,0.000,0.000,1.7,1,62F6E9F8D1F2129D,8,3,"Attack>DashForward>Attack>MoveLeft>Attack>DashForward>LungeStrike(17)>DashLeft>Lunge(9)>Attack>DashBackward>Lunge(10)",1,29.000,9,17,18,9,5.410,0,0.000,True,21.819,10.805,3,180,3499949.000,893.200,0.000,3500843.000,887.475,FB646DB73DF7B674,True,1,True,True,"종료 즉시 행동 가능"
A4,A-v2-complex,0-baseline,공격형-무가중진단,0.000,0.000,0.000,1.7,1,62F6E9F8D1F2129D,9,1,"Attack>DashForward>Attack>MoveLeft>Attack>DashForward>LungeStrike(17)>DashLeft>Lunge(9)>Attack>MoveLeft>Attack",1,29.000,9,17,18,9,3.476,3,0.000,False,2.952,9.355,3,180,3499967.000,893.200,0.000,3500860.000,865.950,EE9534D8EAD61921,True,3,False,True,""
A4,A-v2-complex,0-baseline,공격형-무가중진단,0.000,0.000,0.000,1.7,1,62F6E9F8D1F2129D,9,2,"Attack>DashForward>Attack>MoveLeft>Attack>DashForward>LungeStrike(17)>DashLeft>Lunge(9)>Attack>MoveLeft>Lunge(10)",1,29.000,9,17,18,9,3.440,3,0.000,True,10.880,10.087,3,180,3499967.000,893.200,0.000,3500860.000,865.950,84AF7D16C319FC53,True,2,False,True,""
A4,A-v2-complex,0-baseline,공격형-무가중진단,0.000,0.000,0.000,1.7,1,62F6E9F8D1F2129D,9,3,"Attack>DashForward>Attack>MoveLeft>Attack>DashForward>LungeStrike(17)>DashLeft>Lunge(9)>Attack>DashBackward>Lunge(10)",1,29.000,9,17,18,9,5.410,0,0.000,True,21.819,10.805,3,180,3499949.000,893.200,0.000,3500843.000,865.950,FB646DB73DF7B674,True,1,True,True,"종료 즉시 행동 가능"
A4,A-v2-complex,0-baseline,공격형-무가중진단,0.000,0.000,0.000,1.7,1,62F6E9F8D1F2129D,10,1,"Attack>DashForward>Attack>MoveLeft>Attack>DashForward>LungeStrike(17)>DashLeft>Lunge(9)>Attack>MoveLeft>Attack",1,29.000,9,17,18,9,3.476,3,0.000,False,2.952,9.355,3,180,3499967.000,893.200,0.000,3500860.000,919.599,EE9534D8EAD61921,True,3,False,True,""
A4,A-v2-complex,0-baseline,공격형-무가중진단,0.000,0.000,0.000,1.7,1,62F6E9F8D1F2129D,10,2,"Attack>DashForward>Attack>MoveLeft>Attack>DashForward>LungeStrike(17)>DashLeft>Lunge(9)>Attack>MoveLeft>Lunge(10)",1,29.000,9,17,18,9,3.440,3,0.000,True,10.880,10.087,3,180,3499967.000,893.200,0.000,3500860.000,919.599,84AF7D16C319FC53,True,2,False,True,""
A4,A-v2-complex,0-baseline,공격형-무가중진단,0.000,0.000,0.000,1.7,1,62F6E9F8D1F2129D,10,3,"Attack>DashForward>Attack>MoveLeft>Attack>DashForward>LungeStrike(17)>DashLeft>Lunge(9)>Attack>DashBackward>Lunge(10)",1,29.000,9,17,18,9,5.410,0,0.000,True,21.819,10.805,3,180,3499949.000,893.200,0.000,3500843.000,919.599,FB646DB73DF7B674,True,1,True,True,"종료 즉시 행동 가능"
A1,A-v2-complex,1-target,공격형-1타깃,1.000,0.000,0.000,1.7,1,50DEB425210D7347,1,1,"Lunge(0)>Attack>Retreat>Attack>DashForward>Attack>MoveLeft>Attack>MoveForward>MoveRight>Attack>DashLeft",0,34.000,6,20,16,10,2.881,4,0.000,True,2.763,6.700,5,180,3499984.000,782.000,0.000,3500766.000,816.890,259FBE0481F42388,True,2,False,True,""
A1,A-v2-complex,1-target,공격형-1타깃,1.000,0.000,0.000,1.7,1,50DEB425210D7347,1,2,"Lunge(0)>Attack>Retreat>Attack>DashForward>Attack>MoveLeft>Attack>MoveForward>MoveRight>Attack>DashBackward",0,34.000,6,20,16,10,0.695,2,0.000,True,12.389,6.700,5,180,3499983.000,782.000,0.000,3500765.000,816.890,5D81B03F1D5861F6,True,1,True,True,"종료 위치 품질 우세"
A1,A-v2-complex,1-target,공격형-1타깃,1.000,0.000,0.000,1.7,1,50DEB425210D7347,1,3,"Lunge(0)>Attack>Retreat>Attack>DashForward>Attack>MoveLeft>Attack>MoveForward>MoveRight>Attack>DashForward",0,34.000,6,20,16,10,0.763,7,0.000,True,-22.473,6.700,5,180,3499981.000,782.000,0.000,3500763.000,816.890,6109435285DA0094,True,3,False,True,""
A1,A-v2-complex,1-target,공격형-1타깃,1.000,0.000,0.000,1.7,1,50DEB425210D7347,2,1,"Lunge(0)>Attack>Retreat>Attack>DashForward>Attack>MoveLeft>Attack>MoveForward>MoveRight>Attack>DashLeft",0,34.000,6,20,16,10,2.881,4,0.000,True,2.763,6.700,5,180,3499984.000,782.000,0.000,3500766.000,807.783,259FBE0481F42388,True,2,False,True,""
A1,A-v2-complex,1-target,공격형-1타깃,1.000,0.000,0.000,1.7,1,50DEB425210D7347,2,2,"Lunge(0)>Attack>Retreat>Attack>DashForward>Attack>MoveLeft>Attack>MoveForward>MoveRight>Attack>DashBackward",0,34.000,6,20,16,10,0.695,2,0.000,True,12.389,6.700,5,180,3499983.000,782.000,0.000,3500765.000,807.783,5D81B03F1D5861F6,True,1,True,True,"종료 위치 품질 우세"
A1,A-v2-complex,1-target,공격형-1타깃,1.000,0.000,0.000,1.7,1,50DEB425210D7347,2,3,"Lunge(0)>Attack>Retreat>Attack>DashForward>Attack>MoveLeft>Attack>MoveForward>MoveRight>Attack>DashForward",0,34.000,6,20,16,10,0.763,7,0.000,True,-22.473,6.700,5,180,3499981.000,782.000,0.000,3500763.000,807.783,6109435285DA0094,True,3,False,True,""
A1,A-v2-complex,1-target,공격형-1타깃,1.000,0.000,0.000,1.7,1,50DEB425210D7347,3,1,"Lunge(0)>Attack>Retreat>Attack>DashForward>Attack>MoveLeft>Attack>MoveForward>MoveRight>Attack>DashLeft",0,34.000,6,20,16,10,2.881,4,0.000,True,2.763,6.700,5,180,3499984.000,782.000,0.000,3500766.000,783.718,259FBE0481F42388,True,2,False,True,""
A1,A-v2-complex,1-target,공격형-1타깃,1.000,0.000,0.000,1.7,1,50DEB425210D7347,3,2,"Lunge(0)>Attack>Retreat>Attack>DashForward>Attack>MoveLeft>Attack>MoveForward>MoveRight>Attack>DashBackward",0,34.000,6,20,16,10,0.695,2,0.000,True,12.389,6.700,5,180,3499983.000,782.000,0.000,3500765.000,783.718,5D81B03F1D5861F6,True,1,True,True,"종료 위치 품질 우세"
A1,A-v2-complex,1-target,공격형-1타깃,1.000,0.000,0.000,1.7,1,50DEB425210D7347,3,3,"Lunge(0)>Attack>Retreat>Attack>DashForward>Attack>MoveLeft>Attack>MoveForward>MoveRight>Attack>DashForward",0,34.000,6,20,16,10,0.763,7,0.000,True,-22.473,6.700,5,180,3499981.000,782.000,0.000,3500763.000,783.718,6109435285DA0094,True,3,False,True,""
A1,A-v2-complex,1-target,공격형-1타깃,1.000,0.000,0.000,1.7,1,50DEB425210D7347,4,1,"Lunge(0)>Attack>Retreat>Attack>DashForward>Attack>MoveLeft>Attack>MoveForward>MoveRight>Attack>DashLeft",0,34.000,6,20,16,10,2.881,4,0.000,True,2.763,6.700,5,180,3499984.000,782.000,0.000,3500766.000,808.399,259FBE0481F42388,True,2,False,True,""
A1,A-v2-complex,1-target,공격형-1타깃,1.000,0.000,0.000,1.7,1,50DEB425210D7347,4,2,"Lunge(0)>Attack>Retreat>Attack>DashForward>Attack>MoveLeft>Attack>MoveForward>MoveRight>Attack>DashBackward",0,34.000,6,20,16,10,0.695,2,0.000,True,12.389,6.700,5,180,3499983.000,782.000,0.000,3500765.000,808.399,5D81B03F1D5861F6,True,1,True,True,"종료 위치 품질 우세"
A1,A-v2-complex,1-target,공격형-1타깃,1.000,0.000,0.000,1.7,1,50DEB425210D7347,4,3,"Lunge(0)>Attack>Retreat>Attack>DashForward>Attack>MoveLeft>Attack>MoveForward>MoveRight>Attack>DashForward",0,34.000,6,20,16,10,0.763,7,0.000,True,-22.473,6.700,5,180,3499981.000,782.000,0.000,3500763.000,808.399,6109435285DA0094,True,3,False,True,""
A1,A-v2-complex,1-target,공격형-1타깃,1.000,0.000,0.000,1.7,1,50DEB425210D7347,5,1,"Lunge(0)>Attack>Retreat>Attack>DashForward>Attack>MoveLeft>Attack>MoveForward>MoveRight>Attack>DashLeft",0,34.000,6,20,16,10,2.881,4,0.000,True,2.763,6.700,5,180,3499984.000,782.000,0.000,3500766.000,820.114,259FBE0481F42388,True,2,False,True,""
A1,A-v2-complex,1-target,공격형-1타깃,1.000,0.000,0.000,1.7,1,50DEB425210D7347,5,2,"Lunge(0)>Attack>Retreat>Attack>DashForward>Attack>MoveLeft>Attack>MoveForward>MoveRight>Attack>DashBackward",0,34.000,6,20,16,10,0.695,2,0.000,True,12.389,6.700,5,180,3499983.000,782.000,0.000,3500765.000,820.114,5D81B03F1D5861F6,True,1,True,True,"종료 위치 품질 우세"
A1,A-v2-complex,1-target,공격형-1타깃,1.000,0.000,0.000,1.7,1,50DEB425210D7347,5,3,"Lunge(0)>Attack>Retreat>Attack>DashForward>Attack>MoveLeft>Attack>MoveForward>MoveRight>Attack>DashForward",0,34.000,6,20,16,10,0.763,7,0.000,True,-22.473,6.700,5,180,3499981.000,782.000,0.000,3500763.000,820.114,6109435285DA0094,True,3,False,True,""
A1,A-v2-complex,1-target,공격형-1타깃,1.000,0.000,0.000,1.7,1,50DEB425210D7347,6,1,"Lunge(0)>Attack>Retreat>Attack>DashForward>Attack>MoveLeft>Attack>MoveForward>MoveRight>Attack>DashLeft",0,34.000,6,20,16,10,2.881,4,0.000,True,2.763,6.700,5,180,3499984.000,782.000,0.000,3500766.000,822.339,259FBE0481F42388,True,2,False,True,""
A1,A-v2-complex,1-target,공격형-1타깃,1.000,0.000,0.000,1.7,1,50DEB425210D7347,6,2,"Lunge(0)>Attack>Retreat>Attack>DashForward>Attack>MoveLeft>Attack>MoveForward>MoveRight>Attack>DashBackward",0,34.000,6,20,16,10,0.695,2,0.000,True,12.389,6.700,5,180,3499983.000,782.000,0.000,3500765.000,822.339,5D81B03F1D5861F6,True,1,True,True,"종료 위치 품질 우세"
A1,A-v2-complex,1-target,공격형-1타깃,1.000,0.000,0.000,1.7,1,50DEB425210D7347,6,3,"Lunge(0)>Attack>Retreat>Attack>DashForward>Attack>MoveLeft>Attack>MoveForward>MoveRight>Attack>DashForward",0,34.000,6,20,16,10,0.763,7,0.000,True,-22.473,6.700,5,180,3499981.000,782.000,0.000,3500763.000,822.339,6109435285DA0094,True,3,False,True,""
A1,A-v2-complex,1-target,공격형-1타깃,1.000,0.000,0.000,1.7,1,50DEB425210D7347,7,1,"Lunge(0)>Attack>Retreat>Attack>DashForward>Attack>MoveLeft>Attack>MoveForward>MoveRight>Attack>DashLeft",0,34.000,6,20,16,10,2.881,4,0.000,True,2.763,6.700,5,180,3499984.000,782.000,0.000,3500766.000,767.883,259FBE0481F42388,True,2,False,True,""
A1,A-v2-complex,1-target,공격형-1타깃,1.000,0.000,0.000,1.7,1,50DEB425210D7347,7,2,"Lunge(0)>Attack>Retreat>Attack>DashForward>Attack>MoveLeft>Attack>MoveForward>MoveRight>Attack>DashBackward",0,34.000,6,20,16,10,0.695,2,0.000,True,12.389,6.700,5,180,3499983.000,782.000,0.000,3500765.000,767.883,5D81B03F1D5861F6,True,1,True,True,"종료 위치 품질 우세"
A1,A-v2-complex,1-target,공격형-1타깃,1.000,0.000,0.000,1.7,1,50DEB425210D7347,7,3,"Lunge(0)>Attack>Retreat>Attack>DashForward>Attack>MoveLeft>Attack>MoveForward>MoveRight>Attack>DashForward",0,34.000,6,20,16,10,0.763,7,0.000,True,-22.473,6.700,5,180,3499981.000,782.000,0.000,3500763.000,767.883,6109435285DA0094,True,3,False,True,""
A1,A-v2-complex,1-target,공격형-1타깃,1.000,0.000,0.000,1.7,1,50DEB425210D7347,8,1,"Lunge(0)>Attack>Retreat>Attack>DashForward>Attack>MoveLeft>Attack>MoveForward>MoveRight>Attack>DashLeft",0,34.000,6,20,16,10,2.881,4,0.000,True,2.763,6.700,5,180,3499984.000,782.000,0.000,3500766.000,812.319,259FBE0481F42388,True,2,False,True,""
A1,A-v2-complex,1-target,공격형-1타깃,1.000,0.000,0.000,1.7,1,50DEB425210D7347,8,2,"Lunge(0)>Attack>Retreat>Attack>DashForward>Attack>MoveLeft>Attack>MoveForward>MoveRight>Attack>DashBackward",0,34.000,6,20,16,10,0.695,2,0.000,True,12.389,6.700,5,180,3499983.000,782.000,0.000,3500765.000,812.319,5D81B03F1D5861F6,True,1,True,True,"종료 위치 품질 우세"
A1,A-v2-complex,1-target,공격형-1타깃,1.000,0.000,0.000,1.7,1,50DEB425210D7347,8,3,"Lunge(0)>Attack>Retreat>Attack>DashForward>Attack>MoveLeft>Attack>MoveForward>MoveRight>Attack>DashForward",0,34.000,6,20,16,10,0.763,7,0.000,True,-22.473,6.700,5,180,3499981.000,782.000,0.000,3500763.000,812.319,6109435285DA0094,True,3,False,True,""
A1,A-v2-complex,1-target,공격형-1타깃,1.000,0.000,0.000,1.7,1,50DEB425210D7347,9,1,"Lunge(0)>Attack>Retreat>Attack>DashForward>Attack>MoveLeft>Attack>MoveForward>MoveRight>Attack>DashLeft",0,34.000,6,20,16,10,2.881,4,0.000,True,2.763,6.700,5,180,3499984.000,782.000,0.000,3500766.000,786.590,259FBE0481F42388,True,2,False,True,""
A1,A-v2-complex,1-target,공격형-1타깃,1.000,0.000,0.000,1.7,1,50DEB425210D7347,9,2,"Lunge(0)>Attack>Retreat>Attack>DashForward>Attack>MoveLeft>Attack>MoveForward>MoveRight>Attack>DashBackward",0,34.000,6,20,16,10,0.695,2,0.000,True,12.389,6.700,5,180,3499983.000,782.000,0.000,3500765.000,786.590,5D81B03F1D5861F6,True,1,True,True,"종료 위치 품질 우세"
A1,A-v2-complex,1-target,공격형-1타깃,1.000,0.000,0.000,1.7,1,50DEB425210D7347,9,3,"Lunge(0)>Attack>Retreat>Attack>DashForward>Attack>MoveLeft>Attack>MoveForward>MoveRight>Attack>DashForward",0,34.000,6,20,16,10,0.763,7,0.000,True,-22.473,6.700,5,180,3499981.000,782.000,0.000,3500763.000,786.590,6109435285DA0094,True,3,False,True,""
A1,A-v2-complex,1-target,공격형-1타깃,1.000,0.000,0.000,1.7,1,50DEB425210D7347,10,1,"Lunge(0)>Attack>Retreat>Attack>DashForward>Attack>MoveLeft>Attack>MoveForward>MoveRight>Attack>DashLeft",0,34.000,6,20,16,10,2.881,4,0.000,True,2.763,6.700,5,180,3499984.000,782.000,0.000,3500766.000,792.813,259FBE0481F42388,True,2,False,True,""
A1,A-v2-complex,1-target,공격형-1타깃,1.000,0.000,0.000,1.7,1,50DEB425210D7347,10,2,"Lunge(0)>Attack>Retreat>Attack>DashForward>Attack>MoveLeft>Attack>MoveForward>MoveRight>Attack>DashBackward",0,34.000,6,20,16,10,0.695,2,0.000,True,12.389,6.700,5,180,3499983.000,782.000,0.000,3500765.000,792.813,5D81B03F1D5861F6,True,1,True,True,"종료 위치 품질 우세"
A1,A-v2-complex,1-target,공격형-1타깃,1.000,0.000,0.000,1.7,1,50DEB425210D7347,10,3,"Lunge(0)>Attack>Retreat>Attack>DashForward>Attack>MoveLeft>Attack>MoveForward>MoveRight>Attack>DashForward",0,34.000,6,20,16,10,0.763,7,0.000,True,-22.473,6.700,5,180,3499981.000,782.000,0.000,3500763.000,792.813,6109435285DA0094,True,3,False,True,""
A2,A-v2-complex,1-target,공격형-1타깃,1.000,0.000,0.000,1.7,1,3F5F709DA48265EF,1,1,"LungeStrike(0)>DashRight>Lunge(5)>Attack>MoveLeft>Attack>Retreat>Attack>DashLeft>LungeStrike(3)>DashBackward>LungeStrike(2)",0,34.000,7,15,12,5,4.373,1,1.942,False,14.570,12.235,0,180,3500001.000,768.800,0.000,3500770.000,405.666,8595C84EEFCE8815,True,2,False,True,""
A2,A-v2-complex,1-target,공격형-1타깃,1.000,0.000,0.000,1.7,1,3F5F709DA48265EF,1,2,"LungeStrike(0)>DashRight>Lunge(5)>Attack>MoveLeft>Attack>Retreat>Attack>DashLeft>LungeStrike(3)>DashRight>LungeStrike(2)",0,34.000,7,15,12,5,3.744,2,1.942,False,13.313,12.219,0,180,3500001.000,768.800,0.000,3500770.000,405.666,443AD4995992E909,True,3,False,True,""
A2,A-v2-complex,1-target,공격형-1타깃,1.000,0.000,0.000,1.7,1,3F5F709DA48265EF,1,3,"LungeStrike(0)>DashRight>Lunge(5)>Attack>MoveLeft>Attack>MoveRight>Attack>Jump>LungeStrike(3)>DashForward>LungeStrike(1)",0,34.000,7,15,12,5,4.492,1,2.371,False,16.097,12.060,0,180,3500001.000,768.800,0.000,3500770.000,405.666,BD17176102D6F0C7,True,1,True,True,"종료 위치 품질 우세"
A2,A-v2-complex,1-target,공격형-1타깃,1.000,0.000,0.000,1.7,1,3F5F709DA48265EF,2,1,"LungeStrike(0)>DashRight>Lunge(5)>Attack>MoveLeft>Attack>Retreat>Attack>DashLeft>LungeStrike(3)>DashBackward>LungeStrike(2)",0,34.000,7,15,12,5,4.373,1,1.942,False,14.570,12.235,0,180,3500001.000,768.800,0.000,3500770.000,436.871,8595C84EEFCE8815,True,2,False,True,""
A2,A-v2-complex,1-target,공격형-1타깃,1.000,0.000,0.000,1.7,1,3F5F709DA48265EF,2,2,"LungeStrike(0)>DashRight>Lunge(5)>Attack>MoveLeft>Attack>Retreat>Attack>DashLeft>LungeStrike(3)>DashRight>LungeStrike(2)",0,34.000,7,15,12,5,3.744,2,1.942,False,13.313,12.219,0,180,3500001.000,768.800,0.000,3500770.000,436.871,443AD4995992E909,True,3,False,True,""
A2,A-v2-complex,1-target,공격형-1타깃,1.000,0.000,0.000,1.7,1,3F5F709DA48265EF,2,3,"LungeStrike(0)>DashRight>Lunge(5)>Attack>MoveLeft>Attack>MoveRight>Attack>Jump>LungeStrike(3)>DashForward>LungeStrike(1)",0,34.000,7,15,12,5,4.492,1,2.371,False,16.097,12.060,0,180,3500001.000,768.800,0.000,3500770.000,436.871,BD17176102D6F0C7,True,1,True,True,"종료 위치 품질 우세"
A2,A-v2-complex,1-target,공격형-1타깃,1.000,0.000,0.000,1.7,1,3F5F709DA48265EF,3,1,"LungeStrike(0)>DashRight>Lunge(5)>Attack>MoveLeft>Attack>Retreat>Attack>DashLeft>LungeStrike(3)>DashBackward>LungeStrike(2)",0,34.000,7,15,12,5,4.373,1,1.942,False,14.570,12.235,0,180,3500001.000,768.800,0.000,3500770.000,451.081,8595C84EEFCE8815,True,2,False,True,""
A2,A-v2-complex,1-target,공격형-1타깃,1.000,0.000,0.000,1.7,1,3F5F709DA48265EF,3,2,"LungeStrike(0)>DashRight>Lunge(5)>Attack>MoveLeft>Attack>Retreat>Attack>DashLeft>LungeStrike(3)>DashRight>LungeStrike(2)",0,34.000,7,15,12,5,3.744,2,1.942,False,13.313,12.219,0,180,3500001.000,768.800,0.000,3500770.000,451.081,443AD4995992E909,True,3,False,True,""
A2,A-v2-complex,1-target,공격형-1타깃,1.000,0.000,0.000,1.7,1,3F5F709DA48265EF,3,3,"LungeStrike(0)>DashRight>Lunge(5)>Attack>MoveLeft>Attack>MoveRight>Attack>Jump>LungeStrike(3)>DashForward>LungeStrike(1)",0,34.000,7,15,12,5,4.492,1,2.371,False,16.097,12.060,0,180,3500001.000,768.800,0.000,3500770.000,451.081,BD17176102D6F0C7,True,1,True,True,"종료 위치 품질 우세"
A2,A-v2-complex,1-target,공격형-1타깃,1.000,0.000,0.000,1.7,1,3F5F709DA48265EF,4,1,"LungeStrike(0)>DashRight>Lunge(5)>Attack>MoveLeft>Attack>Retreat>Attack>DashLeft>LungeStrike(3)>DashBackward>LungeStrike(2)",0,34.000,7,15,12,5,4.373,1,1.942,False,14.570,12.235,0,180,3500001.000,768.800,0.000,3500770.000,460.380,8595C84EEFCE8815,True,2,False,True,""
A2,A-v2-complex,1-target,공격형-1타깃,1.000,0.000,0.000,1.7,1,3F5F709DA48265EF,4,2,"LungeStrike(0)>DashRight>Lunge(5)>Attack>MoveLeft>Attack>Retreat>Attack>DashLeft>LungeStrike(3)>DashRight>LungeStrike(2)",0,34.000,7,15,12,5,3.744,2,1.942,False,13.313,12.219,0,180,3500001.000,768.800,0.000,3500770.000,460.380,443AD4995992E909,True,3,False,True,""
A2,A-v2-complex,1-target,공격형-1타깃,1.000,0.000,0.000,1.7,1,3F5F709DA48265EF,4,3,"LungeStrike(0)>DashRight>Lunge(5)>Attack>MoveLeft>Attack>MoveRight>Attack>Jump>LungeStrike(3)>DashForward>LungeStrike(1)",0,34.000,7,15,12,5,4.492,1,2.371,False,16.097,12.060,0,180,3500001.000,768.800,0.000,3500770.000,460.380,BD17176102D6F0C7,True,1,True,True,"종료 위치 품질 우세"
A2,A-v2-complex,1-target,공격형-1타깃,1.000,0.000,0.000,1.7,1,3F5F709DA48265EF,5,1,"LungeStrike(0)>DashRight>Lunge(5)>Attack>MoveLeft>Attack>Retreat>Attack>DashLeft>LungeStrike(3)>DashBackward>LungeStrike(2)",0,34.000,7,15,12,5,4.373,1,1.942,False,14.570,12.235,0,180,3500001.000,768.800,0.000,3500770.000,426.531,8595C84EEFCE8815,True,2,False,True,""
A2,A-v2-complex,1-target,공격형-1타깃,1.000,0.000,0.000,1.7,1,3F5F709DA48265EF,5,2,"LungeStrike(0)>DashRight>Lunge(5)>Attack>MoveLeft>Attack>Retreat>Attack>DashLeft>LungeStrike(3)>DashRight>LungeStrike(2)",0,34.000,7,15,12,5,3.744,2,1.942,False,13.313,12.219,0,180,3500001.000,768.800,0.000,3500770.000,426.531,443AD4995992E909,True,3,False,True,""
A2,A-v2-complex,1-target,공격형-1타깃,1.000,0.000,0.000,1.7,1,3F5F709DA48265EF,5,3,"LungeStrike(0)>DashRight>Lunge(5)>Attack>MoveLeft>Attack>MoveRight>Attack>Jump>LungeStrike(3)>DashForward>LungeStrike(1)",0,34.000,7,15,12,5,4.492,1,2.371,False,16.097,12.060,0,180,3500001.000,768.800,0.000,3500770.000,426.531,BD17176102D6F0C7,True,1,True,True,"종료 위치 품질 우세"
A2,A-v2-complex,1-target,공격형-1타깃,1.000,0.000,0.000,1.7,1,3F5F709DA48265EF,6,1,"LungeStrike(0)>DashRight>Lunge(5)>Attack>MoveLeft>Attack>Retreat>Attack>DashLeft>LungeStrike(3)>DashBackward>LungeStrike(2)",0,34.000,7,15,12,5,4.373,1,1.942,False,14.570,12.235,0,180,3500001.000,768.800,0.000,3500770.000,440.214,8595C84EEFCE8815,True,2,False,True,""
A2,A-v2-complex,1-target,공격형-1타깃,1.000,0.000,0.000,1.7,1,3F5F709DA48265EF,6,2,"LungeStrike(0)>DashRight>Lunge(5)>Attack>MoveLeft>Attack>Retreat>Attack>DashLeft>LungeStrike(3)>DashRight>LungeStrike(2)",0,34.000,7,15,12,5,3.744,2,1.942,False,13.313,12.219,0,180,3500001.000,768.800,0.000,3500770.000,440.214,443AD4995992E909,True,3,False,True,""
A2,A-v2-complex,1-target,공격형-1타깃,1.000,0.000,0.000,1.7,1,3F5F709DA48265EF,6,3,"LungeStrike(0)>DashRight>Lunge(5)>Attack>MoveLeft>Attack>MoveRight>Attack>Jump>LungeStrike(3)>DashForward>LungeStrike(1)",0,34.000,7,15,12,5,4.492,1,2.371,False,16.097,12.060,0,180,3500001.000,768.800,0.000,3500770.000,440.214,BD17176102D6F0C7,True,1,True,True,"종료 위치 품질 우세"
A2,A-v2-complex,1-target,공격형-1타깃,1.000,0.000,0.000,1.7,1,3F5F709DA48265EF,7,1,"LungeStrike(0)>DashRight>Lunge(5)>Attack>MoveLeft>Attack>Retreat>Attack>DashLeft>LungeStrike(3)>DashBackward>LungeStrike(2)",0,34.000,7,15,12,5,4.373,1,1.942,False,14.570,12.235,0,180,3500001.000,768.800,0.000,3500770.000,426.210,8595C84EEFCE8815,True,2,False,True,""
A2,A-v2-complex,1-target,공격형-1타깃,1.000,0.000,0.000,1.7,1,3F5F709DA48265EF,7,2,"LungeStrike(0)>DashRight>Lunge(5)>Attack>MoveLeft>Attack>Retreat>Attack>DashLeft>LungeStrike(3)>DashRight>LungeStrike(2)",0,34.000,7,15,12,5,3.744,2,1.942,False,13.313,12.219,0,180,3500001.000,768.800,0.000,3500770.000,426.210,443AD4995992E909,True,3,False,True,""
A2,A-v2-complex,1-target,공격형-1타깃,1.000,0.000,0.000,1.7,1,3F5F709DA48265EF,7,3,"LungeStrike(0)>DashRight>Lunge(5)>Attack>MoveLeft>Attack>MoveRight>Attack>Jump>LungeStrike(3)>DashForward>LungeStrike(1)",0,34.000,7,15,12,5,4.492,1,2.371,False,16.097,12.060,0,180,3500001.000,768.800,0.000,3500770.000,426.210,BD17176102D6F0C7,True,1,True,True,"종료 위치 품질 우세"
A2,A-v2-complex,1-target,공격형-1타깃,1.000,0.000,0.000,1.7,1,3F5F709DA48265EF,8,1,"LungeStrike(0)>DashRight>Lunge(5)>Attack>MoveLeft>Attack>Retreat>Attack>DashLeft>LungeStrike(3)>DashBackward>LungeStrike(2)",0,34.000,7,15,12,5,4.373,1,1.942,False,14.570,12.235,0,180,3500001.000,768.800,0.000,3500770.000,424.423,8595C84EEFCE8815,True,2,False,True,""
A2,A-v2-complex,1-target,공격형-1타깃,1.000,0.000,0.000,1.7,1,3F5F709DA48265EF,8,2,"LungeStrike(0)>DashRight>Lunge(5)>Attack>MoveLeft>Attack>Retreat>Attack>DashLeft>LungeStrike(3)>DashRight>LungeStrike(2)",0,34.000,7,15,12,5,3.744,2,1.942,False,13.313,12.219,0,180,3500001.000,768.800,0.000,3500770.000,424.423,443AD4995992E909,True,3,False,True,""
A2,A-v2-complex,1-target,공격형-1타깃,1.000,0.000,0.000,1.7,1,3F5F709DA48265EF,8,3,"LungeStrike(0)>DashRight>Lunge(5)>Attack>MoveLeft>Attack>MoveRight>Attack>Jump>LungeStrike(3)>DashForward>LungeStrike(1)",0,34.000,7,15,12,5,4.492,1,2.371,False,16.097,12.060,0,180,3500001.000,768.800,0.000,3500770.000,424.423,BD17176102D6F0C7,True,1,True,True,"종료 위치 품질 우세"
A2,A-v2-complex,1-target,공격형-1타깃,1.000,0.000,0.000,1.7,1,3F5F709DA48265EF,9,1,"LungeStrike(0)>DashRight>Lunge(5)>Attack>MoveLeft>Attack>Retreat>Attack>DashLeft>LungeStrike(3)>DashBackward>LungeStrike(2)",0,34.000,7,15,12,5,4.373,1,1.942,False,14.570,12.235,0,180,3500001.000,768.800,0.000,3500770.000,438.029,8595C84EEFCE8815,True,2,False,True,""
A2,A-v2-complex,1-target,공격형-1타깃,1.000,0.000,0.000,1.7,1,3F5F709DA48265EF,9,2,"LungeStrike(0)>DashRight>Lunge(5)>Attack>MoveLeft>Attack>Retreat>Attack>DashLeft>LungeStrike(3)>DashRight>LungeStrike(2)",0,34.000,7,15,12,5,3.744,2,1.942,False,13.313,12.219,0,180,3500001.000,768.800,0.000,3500770.000,438.029,443AD4995992E909,True,3,False,True,""
A2,A-v2-complex,1-target,공격형-1타깃,1.000,0.000,0.000,1.7,1,3F5F709DA48265EF,9,3,"LungeStrike(0)>DashRight>Lunge(5)>Attack>MoveLeft>Attack>MoveRight>Attack>Jump>LungeStrike(3)>DashForward>LungeStrike(1)",0,34.000,7,15,12,5,4.492,1,2.371,False,16.097,12.060,0,180,3500001.000,768.800,0.000,3500770.000,438.029,BD17176102D6F0C7,True,1,True,True,"종료 위치 품질 우세"
A2,A-v2-complex,1-target,공격형-1타깃,1.000,0.000,0.000,1.7,1,3F5F709DA48265EF,10,1,"LungeStrike(0)>DashRight>Lunge(5)>Attack>MoveLeft>Attack>Retreat>Attack>DashLeft>LungeStrike(3)>DashBackward>LungeStrike(2)",0,34.000,7,15,12,5,4.373,1,1.942,False,14.570,12.235,0,180,3500001.000,768.800,0.000,3500770.000,421.169,8595C84EEFCE8815,True,2,False,True,""
A2,A-v2-complex,1-target,공격형-1타깃,1.000,0.000,0.000,1.7,1,3F5F709DA48265EF,10,2,"LungeStrike(0)>DashRight>Lunge(5)>Attack>MoveLeft>Attack>Retreat>Attack>DashLeft>LungeStrike(3)>DashRight>LungeStrike(2)",0,34.000,7,15,12,5,3.744,2,1.942,False,13.313,12.219,0,180,3500001.000,768.800,0.000,3500770.000,421.169,443AD4995992E909,True,3,False,True,""
A2,A-v2-complex,1-target,공격형-1타깃,1.000,0.000,0.000,1.7,1,3F5F709DA48265EF,10,3,"LungeStrike(0)>DashRight>Lunge(5)>Attack>MoveLeft>Attack>MoveRight>Attack>Jump>LungeStrike(3)>DashForward>LungeStrike(1)",0,34.000,7,15,12,5,4.492,1,2.371,False,16.097,12.060,0,180,3500001.000,768.800,0.000,3500770.000,421.169,BD17176102D6F0C7,True,1,True,True,"종료 위치 품질 우세"
A3,A-v2-complex,1-target,공격형-1타깃,1.000,0.000,0.000,1.7,1,01880BEA0D35E61C,1,1,"Attack>DashForward>Attack>MoveLeft>Attack>MoveForward>Lunge(2)>Attack>MoveRight>Attack>Retreat>Attack",0,29.000,9,16,14,6,3.663,2,0.000,False,10.327,6.215,1,180,3499998.000,904.600,0.000,3500902.000,461.328,A0CA6604C4776456,True,1,True,False,"Beam 1위와 관측축 추천 일치"
A3,A-v2-complex,1-target,공격형-1타깃,1.000,0.000,0.000,1.7,1,01880BEA0D35E61C,1,2,"Attack>DashForward>Attack>MoveLeft>Attack>MoveForward>Lunge(2)>Attack>MoveRight>Attack>DashBackward>Lunge(6)",0,29.000,9,16,14,6,3.481,2,0.000,False,9.961,7.922,1,180,3499998.000,904.600,0.000,3500902.000,461.328,B3AA95B991B533C7,True,2,False,False,""
A3,A-v2-complex,1-target,공격형-1타깃,1.000,0.000,0.000,1.7,1,01880BEA0D35E61C,1,3,"Attack>DashForward>Attack>MoveLeft>Attack>MoveForward>Lunge(2)>Attack>MoveRight>Attack>DashRight>Lunge(6)",0,29.000,9,16,14,6,3.460,1,0.000,False,9.919,7.668,1,180,3499998.000,904.600,0.000,3500902.000,461.328,233E281119EBE4C4,True,3,False,False,""
A3,A-v2-complex,1-target,공격형-1타깃,1.000,0.000,0.000,1.7,1,01880BEA0D35E61C,2,1,"Attack>DashForward>Attack>MoveLeft>Attack>MoveForward>Lunge(2)>Attack>MoveRight>Attack>Retreat>Attack",0,29.000,9,16,14,6,3.663,2,0.000,False,10.327,6.215,1,180,3499998.000,904.600,0.000,3500902.000,475.678,A0CA6604C4776456,True,1,True,False,"Beam 1위와 관측축 추천 일치"
A3,A-v2-complex,1-target,공격형-1타깃,1.000,0.000,0.000,1.7,1,01880BEA0D35E61C,2,2,"Attack>DashForward>Attack>MoveLeft>Attack>MoveForward>Lunge(2)>Attack>MoveRight>Attack>DashBackward>Lunge(6)",0,29.000,9,16,14,6,3.481,2,0.000,False,9.961,7.922,1,180,3499998.000,904.600,0.000,3500902.000,475.678,B3AA95B991B533C7,True,2,False,False,""
A3,A-v2-complex,1-target,공격형-1타깃,1.000,0.000,0.000,1.7,1,01880BEA0D35E61C,2,3,"Attack>DashForward>Attack>MoveLeft>Attack>MoveForward>Lunge(2)>Attack>MoveRight>Attack>DashRight>Lunge(6)",0,29.000,9,16,14,6,3.460,1,0.000,False,9.919,7.668,1,180,3499998.000,904.600,0.000,3500902.000,475.678,233E281119EBE4C4,True,3,False,False,""
A3,A-v2-complex,1-target,공격형-1타깃,1.000,0.000,0.000,1.7,1,01880BEA0D35E61C,3,1,"Attack>DashForward>Attack>MoveLeft>Attack>MoveForward>Lunge(2)>Attack>MoveRight>Attack>Retreat>Attack",0,29.000,9,16,14,6,3.663,2,0.000,False,10.327,6.215,1,180,3499998.000,904.600,0.000,3500902.000,479.196,A0CA6604C4776456,True,1,True,False,"Beam 1위와 관측축 추천 일치"
A3,A-v2-complex,1-target,공격형-1타깃,1.000,0.000,0.000,1.7,1,01880BEA0D35E61C,3,2,"Attack>DashForward>Attack>MoveLeft>Attack>MoveForward>Lunge(2)>Attack>MoveRight>Attack>DashBackward>Lunge(6)",0,29.000,9,16,14,6,3.481,2,0.000,False,9.961,7.922,1,180,3499998.000,904.600,0.000,3500902.000,479.196,B3AA95B991B533C7,True,2,False,False,""
A3,A-v2-complex,1-target,공격형-1타깃,1.000,0.000,0.000,1.7,1,01880BEA0D35E61C,3,3,"Attack>DashForward>Attack>MoveLeft>Attack>MoveForward>Lunge(2)>Attack>MoveRight>Attack>DashRight>Lunge(6)",0,29.000,9,16,14,6,3.460,1,0.000,False,9.919,7.668,1,180,3499998.000,904.600,0.000,3500902.000,479.196,233E281119EBE4C4,True,3,False,False,""
A3,A-v2-complex,1-target,공격형-1타깃,1.000,0.000,0.000,1.7,1,01880BEA0D35E61C,4,1,"Attack>DashForward>Attack>MoveLeft>Attack>MoveForward>Lunge(2)>Attack>MoveRight>Attack>Retreat>Attack",0,29.000,9,16,14,6,3.663,2,0.000,False,10.327,6.215,1,180,3499998.000,904.600,0.000,3500902.000,470.343,A0CA6604C4776456,True,1,True,False,"Beam 1위와 관측축 추천 일치"
A3,A-v2-complex,1-target,공격형-1타깃,1.000,0.000,0.000,1.7,1,01880BEA0D35E61C,4,2,"Attack>DashForward>Attack>MoveLeft>Attack>MoveForward>Lunge(2)>Attack>MoveRight>Attack>DashBackward>Lunge(6)",0,29.000,9,16,14,6,3.481,2,0.000,False,9.961,7.922,1,180,3499998.000,904.600,0.000,3500902.000,470.343,B3AA95B991B533C7,True,2,False,False,""
A3,A-v2-complex,1-target,공격형-1타깃,1.000,0.000,0.000,1.7,1,01880BEA0D35E61C,4,3,"Attack>DashForward>Attack>MoveLeft>Attack>MoveForward>Lunge(2)>Attack>MoveRight>Attack>DashRight>Lunge(6)",0,29.000,9,16,14,6,3.460,1,0.000,False,9.919,7.668,1,180,3499998.000,904.600,0.000,3500902.000,470.343,233E281119EBE4C4,True,3,False,False,""
A3,A-v2-complex,1-target,공격형-1타깃,1.000,0.000,0.000,1.7,1,01880BEA0D35E61C,5,1,"Attack>DashForward>Attack>MoveLeft>Attack>MoveForward>Lunge(2)>Attack>MoveRight>Attack>Retreat>Attack",0,29.000,9,16,14,6,3.663,2,0.000,False,10.327,6.215,1,180,3499998.000,904.600,0.000,3500902.000,470.923,A0CA6604C4776456,True,1,True,False,"Beam 1위와 관측축 추천 일치"
A3,A-v2-complex,1-target,공격형-1타깃,1.000,0.000,0.000,1.7,1,01880BEA0D35E61C,5,2,"Attack>DashForward>Attack>MoveLeft>Attack>MoveForward>Lunge(2)>Attack>MoveRight>Attack>DashBackward>Lunge(6)",0,29.000,9,16,14,6,3.481,2,0.000,False,9.961,7.922,1,180,3499998.000,904.600,0.000,3500902.000,470.923,B3AA95B991B533C7,True,2,False,False,""
A3,A-v2-complex,1-target,공격형-1타깃,1.000,0.000,0.000,1.7,1,01880BEA0D35E61C,5,3,"Attack>DashForward>Attack>MoveLeft>Attack>MoveForward>Lunge(2)>Attack>MoveRight>Attack>DashRight>Lunge(6)",0,29.000,9,16,14,6,3.460,1,0.000,False,9.919,7.668,1,180,3499998.000,904.600,0.000,3500902.000,470.923,233E281119EBE4C4,True,3,False,False,""
A3,A-v2-complex,1-target,공격형-1타깃,1.000,0.000,0.000,1.7,1,01880BEA0D35E61C,6,1,"Attack>DashForward>Attack>MoveLeft>Attack>MoveForward>Lunge(2)>Attack>MoveRight>Attack>Retreat>Attack",0,29.000,9,16,14,6,3.663,2,0.000,False,10.327,6.215,1,180,3499998.000,904.600,0.000,3500902.000,468.111,A0CA6604C4776456,True,1,True,False,"Beam 1위와 관측축 추천 일치"
A3,A-v2-complex,1-target,공격형-1타깃,1.000,0.000,0.000,1.7,1,01880BEA0D35E61C,6,2,"Attack>DashForward>Attack>MoveLeft>Attack>MoveForward>Lunge(2)>Attack>MoveRight>Attack>DashBackward>Lunge(6)",0,29.000,9,16,14,6,3.481,2,0.000,False,9.961,7.922,1,180,3499998.000,904.600,0.000,3500902.000,468.111,B3AA95B991B533C7,True,2,False,False,""
A3,A-v2-complex,1-target,공격형-1타깃,1.000,0.000,0.000,1.7,1,01880BEA0D35E61C,6,3,"Attack>DashForward>Attack>MoveLeft>Attack>MoveForward>Lunge(2)>Attack>MoveRight>Attack>DashRight>Lunge(6)",0,29.000,9,16,14,6,3.460,1,0.000,False,9.919,7.668,1,180,3499998.000,904.600,0.000,3500902.000,468.111,233E281119EBE4C4,True,3,False,False,""
A3,A-v2-complex,1-target,공격형-1타깃,1.000,0.000,0.000,1.7,1,01880BEA0D35E61C,7,1,"Attack>DashForward>Attack>MoveLeft>Attack>MoveForward>Lunge(2)>Attack>MoveRight>Attack>Retreat>Attack",0,29.000,9,16,14,6,3.663,2,0.000,False,10.327,6.215,1,180,3499998.000,904.600,0.000,3500902.000,467.549,A0CA6604C4776456,True,1,True,False,"Beam 1위와 관측축 추천 일치"
A3,A-v2-complex,1-target,공격형-1타깃,1.000,0.000,0.000,1.7,1,01880BEA0D35E61C,7,2,"Attack>DashForward>Attack>MoveLeft>Attack>MoveForward>Lunge(2)>Attack>MoveRight>Attack>DashBackward>Lunge(6)",0,29.000,9,16,14,6,3.481,2,0.000,False,9.961,7.922,1,180,3499998.000,904.600,0.000,3500902.000,467.549,B3AA95B991B533C7,True,2,False,False,""
A3,A-v2-complex,1-target,공격형-1타깃,1.000,0.000,0.000,1.7,1,01880BEA0D35E61C,7,3,"Attack>DashForward>Attack>MoveLeft>Attack>MoveForward>Lunge(2)>Attack>MoveRight>Attack>DashRight>Lunge(6)",0,29.000,9,16,14,6,3.460,1,0.000,False,9.919,7.668,1,180,3499998.000,904.600,0.000,3500902.000,467.549,233E281119EBE4C4,True,3,False,False,""
A3,A-v2-complex,1-target,공격형-1타깃,1.000,0.000,0.000,1.7,1,01880BEA0D35E61C,8,1,"Attack>DashForward>Attack>MoveLeft>Attack>MoveForward>Lunge(2)>Attack>MoveRight>Attack>Retreat>Attack",0,29.000,9,16,14,6,3.663,2,0.000,False,10.327,6.215,1,180,3499998.000,904.600,0.000,3500902.000,470.556,A0CA6604C4776456,True,1,True,False,"Beam 1위와 관측축 추천 일치"
A3,A-v2-complex,1-target,공격형-1타깃,1.000,0.000,0.000,1.7,1,01880BEA0D35E61C,8,2,"Attack>DashForward>Attack>MoveLeft>Attack>MoveForward>Lunge(2)>Attack>MoveRight>Attack>DashBackward>Lunge(6)",0,29.000,9,16,14,6,3.481,2,0.000,False,9.961,7.922,1,180,3499998.000,904.600,0.000,3500902.000,470.556,B3AA95B991B533C7,True,2,False,False,""
A3,A-v2-complex,1-target,공격형-1타깃,1.000,0.000,0.000,1.7,1,01880BEA0D35E61C,8,3,"Attack>DashForward>Attack>MoveLeft>Attack>MoveForward>Lunge(2)>Attack>MoveRight>Attack>DashRight>Lunge(6)",0,29.000,9,16,14,6,3.460,1,0.000,False,9.919,7.668,1,180,3499998.000,904.600,0.000,3500902.000,470.556,233E281119EBE4C4,True,3,False,False,""
A3,A-v2-complex,1-target,공격형-1타깃,1.000,0.000,0.000,1.7,1,01880BEA0D35E61C,9,1,"Attack>DashForward>Attack>MoveLeft>Attack>MoveForward>Lunge(2)>Attack>MoveRight>Attack>Retreat>Attack",0,29.000,9,16,14,6,3.663,2,0.000,False,10.327,6.215,1,180,3499998.000,904.600,0.000,3500902.000,488.149,A0CA6604C4776456,True,1,True,False,"Beam 1위와 관측축 추천 일치"
A3,A-v2-complex,1-target,공격형-1타깃,1.000,0.000,0.000,1.7,1,01880BEA0D35E61C,9,2,"Attack>DashForward>Attack>MoveLeft>Attack>MoveForward>Lunge(2)>Attack>MoveRight>Attack>DashBackward>Lunge(6)",0,29.000,9,16,14,6,3.481,2,0.000,False,9.961,7.922,1,180,3499998.000,904.600,0.000,3500902.000,488.149,B3AA95B991B533C7,True,2,False,False,""
A3,A-v2-complex,1-target,공격형-1타깃,1.000,0.000,0.000,1.7,1,01880BEA0D35E61C,9,3,"Attack>DashForward>Attack>MoveLeft>Attack>MoveForward>Lunge(2)>Attack>MoveRight>Attack>DashRight>Lunge(6)",0,29.000,9,16,14,6,3.460,1,0.000,False,9.919,7.668,1,180,3499998.000,904.600,0.000,3500902.000,488.149,233E281119EBE4C4,True,3,False,False,""
A3,A-v2-complex,1-target,공격형-1타깃,1.000,0.000,0.000,1.7,1,01880BEA0D35E61C,10,1,"Attack>DashForward>Attack>MoveLeft>Attack>MoveForward>Lunge(2)>Attack>MoveRight>Attack>Retreat>Attack",0,29.000,9,16,14,6,3.663,2,0.000,False,10.327,6.215,1,180,3499998.000,904.600,0.000,3500902.000,544.677,A0CA6604C4776456,True,1,True,False,"Beam 1위와 관측축 추천 일치"
A3,A-v2-complex,1-target,공격형-1타깃,1.000,0.000,0.000,1.7,1,01880BEA0D35E61C,10,2,"Attack>DashForward>Attack>MoveLeft>Attack>MoveForward>Lunge(2)>Attack>MoveRight>Attack>DashBackward>Lunge(6)",0,29.000,9,16,14,6,3.481,2,0.000,False,9.961,7.922,1,180,3499998.000,904.600,0.000,3500902.000,544.677,B3AA95B991B533C7,True,2,False,False,""
A3,A-v2-complex,1-target,공격형-1타깃,1.000,0.000,0.000,1.7,1,01880BEA0D35E61C,10,3,"Attack>DashForward>Attack>MoveLeft>Attack>MoveForward>Lunge(2)>Attack>MoveRight>Attack>DashRight>Lunge(6)",0,29.000,9,16,14,6,3.460,1,0.000,False,9.919,7.668,1,180,3499998.000,904.600,0.000,3500902.000,544.677,233E281119EBE4C4,True,3,False,False,""
A4,A-v2-complex,1-target,공격형-1타깃,1.000,0.000,0.000,1.7,1,62F6E9F8D1F2129D,1,1,"Attack>DashForward>Attack>MoveLeft>Attack>DashForward>LungeStrike(17)>DashLeft>Lunge(9)>Attack>MoveLeft>Attack",1,29.000,9,17,18,9,3.476,3,0.000,False,2.952,9.355,3,180,3499967.000,922.200,0.000,3500889.000,806.659,EE9534D8EAD61921,True,3,False,True,""
A4,A-v2-complex,1-target,공격형-1타깃,1.000,0.000,0.000,1.7,1,62F6E9F8D1F2129D,1,2,"Attack>DashForward>Attack>MoveLeft>Attack>DashForward>LungeStrike(17)>DashLeft>Lunge(9)>Attack>MoveLeft>Lunge(10)",1,29.000,9,17,18,9,3.440,3,0.000,True,10.880,10.087,3,180,3499967.000,922.200,0.000,3500889.000,806.659,84AF7D16C319FC53,True,2,False,True,""
A4,A-v2-complex,1-target,공격형-1타깃,1.000,0.000,0.000,1.7,1,62F6E9F8D1F2129D,1,3,"Attack>DashForward>Attack>MoveLeft>Attack>DashForward>LungeStrike(17)>DashLeft>Lunge(9)>Attack>DashBackward>Lunge(10)",1,29.000,9,17,18,9,5.410,0,0.000,True,21.819,10.805,3,180,3499949.000,922.200,0.000,3500872.000,806.659,FB646DB73DF7B674,True,1,True,True,"종료 즉시 행동 가능"
A4,A-v2-complex,1-target,공격형-1타깃,1.000,0.000,0.000,1.7,1,62F6E9F8D1F2129D,2,1,"Attack>DashForward>Attack>MoveLeft>Attack>DashForward>LungeStrike(17)>DashLeft>Lunge(9)>Attack>MoveLeft>Attack",1,29.000,9,17,18,9,3.476,3,0.000,False,2.952,9.355,3,180,3499967.000,922.200,0.000,3500889.000,804.167,EE9534D8EAD61921,True,3,False,True,""
A4,A-v2-complex,1-target,공격형-1타깃,1.000,0.000,0.000,1.7,1,62F6E9F8D1F2129D,2,2,"Attack>DashForward>Attack>MoveLeft>Attack>DashForward>LungeStrike(17)>DashLeft>Lunge(9)>Attack>MoveLeft>Lunge(10)",1,29.000,9,17,18,9,3.440,3,0.000,True,10.880,10.087,3,180,3499967.000,922.200,0.000,3500889.000,804.167,84AF7D16C319FC53,True,2,False,True,""
A4,A-v2-complex,1-target,공격형-1타깃,1.000,0.000,0.000,1.7,1,62F6E9F8D1F2129D,2,3,"Attack>DashForward>Attack>MoveLeft>Attack>DashForward>LungeStrike(17)>DashLeft>Lunge(9)>Attack>DashBackward>Lunge(10)",1,29.000,9,17,18,9,5.410,0,0.000,True,21.819,10.805,3,180,3499949.000,922.200,0.000,3500872.000,804.167,FB646DB73DF7B674,True,1,True,True,"종료 즉시 행동 가능"
A4,A-v2-complex,1-target,공격형-1타깃,1.000,0.000,0.000,1.7,1,62F6E9F8D1F2129D,3,1,"Attack>DashForward>Attack>MoveLeft>Attack>DashForward>LungeStrike(17)>DashLeft>Lunge(9)>Attack>MoveLeft>Attack",1,29.000,9,17,18,9,3.476,3,0.000,False,2.952,9.355,3,180,3499967.000,922.200,0.000,3500889.000,833.286,EE9534D8EAD61921,True,3,False,True,""
A4,A-v2-complex,1-target,공격형-1타깃,1.000,0.000,0.000,1.7,1,62F6E9F8D1F2129D,3,2,"Attack>DashForward>Attack>MoveLeft>Attack>DashForward>LungeStrike(17)>DashLeft>Lunge(9)>Attack>MoveLeft>Lunge(10)",1,29.000,9,17,18,9,3.440,3,0.000,True,10.880,10.087,3,180,3499967.000,922.200,0.000,3500889.000,833.286,84AF7D16C319FC53,True,2,False,True,""
A4,A-v2-complex,1-target,공격형-1타깃,1.000,0.000,0.000,1.7,1,62F6E9F8D1F2129D,3,3,"Attack>DashForward>Attack>MoveLeft>Attack>DashForward>LungeStrike(17)>DashLeft>Lunge(9)>Attack>DashBackward>Lunge(10)",1,29.000,9,17,18,9,5.410,0,0.000,True,21.819,10.805,3,180,3499949.000,922.200,0.000,3500872.000,833.286,FB646DB73DF7B674,True,1,True,True,"종료 즉시 행동 가능"
A4,A-v2-complex,1-target,공격형-1타깃,1.000,0.000,0.000,1.7,1,62F6E9F8D1F2129D,4,1,"Attack>DashForward>Attack>MoveLeft>Attack>DashForward>LungeStrike(17)>DashLeft>Lunge(9)>Attack>MoveLeft>Attack",1,29.000,9,17,18,9,3.476,3,0.000,False,2.952,9.355,3,180,3499967.000,922.200,0.000,3500889.000,804.149,EE9534D8EAD61921,True,3,False,True,""
A4,A-v2-complex,1-target,공격형-1타깃,1.000,0.000,0.000,1.7,1,62F6E9F8D1F2129D,4,2,"Attack>DashForward>Attack>MoveLeft>Attack>DashForward>LungeStrike(17)>DashLeft>Lunge(9)>Attack>MoveLeft>Lunge(10)",1,29.000,9,17,18,9,3.440,3,0.000,True,10.880,10.087,3,180,3499967.000,922.200,0.000,3500889.000,804.149,84AF7D16C319FC53,True,2,False,True,""
A4,A-v2-complex,1-target,공격형-1타깃,1.000,0.000,0.000,1.7,1,62F6E9F8D1F2129D,4,3,"Attack>DashForward>Attack>MoveLeft>Attack>DashForward>LungeStrike(17)>DashLeft>Lunge(9)>Attack>DashBackward>Lunge(10)",1,29.000,9,17,18,9,5.410,0,0.000,True,21.819,10.805,3,180,3499949.000,922.200,0.000,3500872.000,804.149,FB646DB73DF7B674,True,1,True,True,"종료 즉시 행동 가능"
A4,A-v2-complex,1-target,공격형-1타깃,1.000,0.000,0.000,1.7,1,62F6E9F8D1F2129D,5,1,"Attack>DashForward>Attack>MoveLeft>Attack>DashForward>LungeStrike(17)>DashLeft>Lunge(9)>Attack>MoveLeft>Attack",1,29.000,9,17,18,9,3.476,3,0.000,False,2.952,9.355,3,180,3499967.000,922.200,0.000,3500889.000,791.126,EE9534D8EAD61921,True,3,False,True,""
A4,A-v2-complex,1-target,공격형-1타깃,1.000,0.000,0.000,1.7,1,62F6E9F8D1F2129D,5,2,"Attack>DashForward>Attack>MoveLeft>Attack>DashForward>LungeStrike(17)>DashLeft>Lunge(9)>Attack>MoveLeft>Lunge(10)",1,29.000,9,17,18,9,3.440,3,0.000,True,10.880,10.087,3,180,3499967.000,922.200,0.000,3500889.000,791.126,84AF7D16C319FC53,True,2,False,True,""
A4,A-v2-complex,1-target,공격형-1타깃,1.000,0.000,0.000,1.7,1,62F6E9F8D1F2129D,5,3,"Attack>DashForward>Attack>MoveLeft>Attack>DashForward>LungeStrike(17)>DashLeft>Lunge(9)>Attack>DashBackward>Lunge(10)",1,29.000,9,17,18,9,5.410,0,0.000,True,21.819,10.805,3,180,3499949.000,922.200,0.000,3500872.000,791.126,FB646DB73DF7B674,True,1,True,True,"종료 즉시 행동 가능"
A4,A-v2-complex,1-target,공격형-1타깃,1.000,0.000,0.000,1.7,1,62F6E9F8D1F2129D,6,1,"Attack>DashForward>Attack>MoveLeft>Attack>DashForward>LungeStrike(17)>DashLeft>Lunge(9)>Attack>MoveLeft>Attack",1,29.000,9,17,18,9,3.476,3,0.000,False,2.952,9.355,3,180,3499967.000,922.200,0.000,3500889.000,797.766,EE9534D8EAD61921,True,3,False,True,""
A4,A-v2-complex,1-target,공격형-1타깃,1.000,0.000,0.000,1.7,1,62F6E9F8D1F2129D,6,2,"Attack>DashForward>Attack>MoveLeft>Attack>DashForward>LungeStrike(17)>DashLeft>Lunge(9)>Attack>MoveLeft>Lunge(10)",1,29.000,9,17,18,9,3.440,3,0.000,True,10.880,10.087,3,180,3499967.000,922.200,0.000,3500889.000,797.766,84AF7D16C319FC53,True,2,False,True,""
A4,A-v2-complex,1-target,공격형-1타깃,1.000,0.000,0.000,1.7,1,62F6E9F8D1F2129D,6,3,"Attack>DashForward>Attack>MoveLeft>Attack>DashForward>LungeStrike(17)>DashLeft>Lunge(9)>Attack>DashBackward>Lunge(10)",1,29.000,9,17,18,9,5.410,0,0.000,True,21.819,10.805,3,180,3499949.000,922.200,0.000,3500872.000,797.766,FB646DB73DF7B674,True,1,True,True,"종료 즉시 행동 가능"
A4,A-v2-complex,1-target,공격형-1타깃,1.000,0.000,0.000,1.7,1,62F6E9F8D1F2129D,7,1,"Attack>DashForward>Attack>MoveLeft>Attack>DashForward>LungeStrike(17)>DashLeft>Lunge(9)>Attack>MoveLeft>Attack",1,29.000,9,17,18,9,3.476,3,0.000,False,2.952,9.355,3,180,3499967.000,922.200,0.000,3500889.000,780.574,EE9534D8EAD61921,True,3,False,True,""
A4,A-v2-complex,1-target,공격형-1타깃,1.000,0.000,0.000,1.7,1,62F6E9F8D1F2129D,7,2,"Attack>DashForward>Attack>MoveLeft>Attack>DashForward>LungeStrike(17)>DashLeft>Lunge(9)>Attack>MoveLeft>Lunge(10)",1,29.000,9,17,18,9,3.440,3,0.000,True,10.880,10.087,3,180,3499967.000,922.200,0.000,3500889.000,780.574,84AF7D16C319FC53,True,2,False,True,""
A4,A-v2-complex,1-target,공격형-1타깃,1.000,0.000,0.000,1.7,1,62F6E9F8D1F2129D,7,3,"Attack>DashForward>Attack>MoveLeft>Attack>DashForward>LungeStrike(17)>DashLeft>Lunge(9)>Attack>DashBackward>Lunge(10)",1,29.000,9,17,18,9,5.410,0,0.000,True,21.819,10.805,3,180,3499949.000,922.200,0.000,3500872.000,780.574,FB646DB73DF7B674,True,1,True,True,"종료 즉시 행동 가능"
A4,A-v2-complex,1-target,공격형-1타깃,1.000,0.000,0.000,1.7,1,62F6E9F8D1F2129D,8,1,"Attack>DashForward>Attack>MoveLeft>Attack>DashForward>LungeStrike(17)>DashLeft>Lunge(9)>Attack>MoveLeft>Attack",1,29.000,9,17,18,9,3.476,3,0.000,False,2.952,9.355,3,180,3499967.000,922.200,0.000,3500889.000,805.582,EE9534D8EAD61921,True,3,False,True,""
A4,A-v2-complex,1-target,공격형-1타깃,1.000,0.000,0.000,1.7,1,62F6E9F8D1F2129D,8,2,"Attack>DashForward>Attack>MoveLeft>Attack>DashForward>LungeStrike(17)>DashLeft>Lunge(9)>Attack>MoveLeft>Lunge(10)",1,29.000,9,17,18,9,3.440,3,0.000,True,10.880,10.087,3,180,3499967.000,922.200,0.000,3500889.000,805.582,84AF7D16C319FC53,True,2,False,True,""
A4,A-v2-complex,1-target,공격형-1타깃,1.000,0.000,0.000,1.7,1,62F6E9F8D1F2129D,8,3,"Attack>DashForward>Attack>MoveLeft>Attack>DashForward>LungeStrike(17)>DashLeft>Lunge(9)>Attack>DashBackward>Lunge(10)",1,29.000,9,17,18,9,5.410,0,0.000,True,21.819,10.805,3,180,3499949.000,922.200,0.000,3500872.000,805.582,FB646DB73DF7B674,True,1,True,True,"종료 즉시 행동 가능"
A4,A-v2-complex,1-target,공격형-1타깃,1.000,0.000,0.000,1.7,1,62F6E9F8D1F2129D,9,1,"Attack>DashForward>Attack>MoveLeft>Attack>DashForward>LungeStrike(17)>DashLeft>Lunge(9)>Attack>MoveLeft>Attack",1,29.000,9,17,18,9,3.476,3,0.000,False,2.952,9.355,3,180,3499967.000,922.200,0.000,3500889.000,772.571,EE9534D8EAD61921,True,3,False,True,""
A4,A-v2-complex,1-target,공격형-1타깃,1.000,0.000,0.000,1.7,1,62F6E9F8D1F2129D,9,2,"Attack>DashForward>Attack>MoveLeft>Attack>DashForward>LungeStrike(17)>DashLeft>Lunge(9)>Attack>MoveLeft>Lunge(10)",1,29.000,9,17,18,9,3.440,3,0.000,True,10.880,10.087,3,180,3499967.000,922.200,0.000,3500889.000,772.571,84AF7D16C319FC53,True,2,False,True,""
A4,A-v2-complex,1-target,공격형-1타깃,1.000,0.000,0.000,1.7,1,62F6E9F8D1F2129D,9,3,"Attack>DashForward>Attack>MoveLeft>Attack>DashForward>LungeStrike(17)>DashLeft>Lunge(9)>Attack>DashBackward>Lunge(10)",1,29.000,9,17,18,9,5.410,0,0.000,True,21.819,10.805,3,180,3499949.000,922.200,0.000,3500872.000,772.571,FB646DB73DF7B674,True,1,True,True,"종료 즉시 행동 가능"
A4,A-v2-complex,1-target,공격형-1타깃,1.000,0.000,0.000,1.7,1,62F6E9F8D1F2129D,10,1,"Attack>DashForward>Attack>MoveLeft>Attack>DashForward>LungeStrike(17)>DashLeft>Lunge(9)>Attack>MoveLeft>Attack",1,29.000,9,17,18,9,3.476,3,0.000,False,2.952,9.355,3,180,3499967.000,922.200,0.000,3500889.000,839.570,EE9534D8EAD61921,True,3,False,True,""
A4,A-v2-complex,1-target,공격형-1타깃,1.000,0.000,0.000,1.7,1,62F6E9F8D1F2129D,10,2,"Attack>DashForward>Attack>MoveLeft>Attack>DashForward>LungeStrike(17)>DashLeft>Lunge(9)>Attack>MoveLeft>Lunge(10)",1,29.000,9,17,18,9,3.440,3,0.000,True,10.880,10.087,3,180,3499967.000,922.200,0.000,3500889.000,839.570,84AF7D16C319FC53,True,2,False,True,""
A4,A-v2-complex,1-target,공격형-1타깃,1.000,0.000,0.000,1.7,1,62F6E9F8D1F2129D,10,3,"Attack>DashForward>Attack>MoveLeft>Attack>DashForward>LungeStrike(17)>DashLeft>Lunge(9)>Attack>DashBackward>Lunge(10)",1,29.000,9,17,18,9,5.410,0,0.000,True,21.819,10.805,3,180,3499949.000,922.200,0.000,3500872.000,839.570,FB646DB73DF7B674,True,1,True,True,"종료 즉시 행동 가능"
A1,A-v2-complex,2-terminal,공격형-2종료위치,1.000,0.150,0.000,1.7,1,50DEB425210D7347,1,1,"Lunge(0)>Attack>Retreat>Attack>DashForward>Attack>MoveLeft>Attack>MoveForward>MoveRight>Attack>DashBackward",0,34.000,6,20,16,10,0.695,2,0.000,True,12.389,6.700,5,180,3499985.000,782.000,0.000,3500767.000,795.548,5D81B03F1D5861F6,True,1,True,False,"Beam 1위와 관측축 추천 일치"
A1,A-v2-complex,2-terminal,공격형-2종료위치,1.000,0.150,0.000,1.7,1,50DEB425210D7347,1,2,"Lunge(0)>Attack>Retreat>Attack>DashForward>Attack>MoveLeft>Attack>MoveForward>MoveRight>Attack>DashLeft",0,34.000,6,20,16,10,2.881,4,0.000,True,2.763,6.700,5,180,3499984.000,782.000,0.000,3500766.000,795.548,259FBE0481F42388,True,2,False,False,""
A1,A-v2-complex,2-terminal,공격형-2종료위치,1.000,0.150,0.000,1.7,1,50DEB425210D7347,1,3,"Lunge(0)>Attack>Retreat>Attack>DashForward>Attack>MoveLeft>Attack>MoveForward>MoveRight>Attack>DashRight",0,34.000,6,20,16,10,0.822,4,0.000,True,-1.356,6.700,6,180,3499979.000,782.000,0.000,3500761.000,795.548,B2541417EC70E39E,True,3,False,False,""
A1,A-v2-complex,2-terminal,공격형-2종료위치,1.000,0.150,0.000,1.7,1,50DEB425210D7347,2,1,"Lunge(0)>Attack>Retreat>Attack>DashForward>Attack>MoveLeft>Attack>MoveForward>MoveRight>Attack>DashBackward",0,34.000,6,20,16,10,0.695,2,0.000,True,12.389,6.700,5,180,3499985.000,782.000,0.000,3500767.000,777.475,5D81B03F1D5861F6,True,1,True,False,"Beam 1위와 관측축 추천 일치"
A1,A-v2-complex,2-terminal,공격형-2종료위치,1.000,0.150,0.000,1.7,1,50DEB425210D7347,2,2,"Lunge(0)>Attack>Retreat>Attack>DashForward>Attack>MoveLeft>Attack>MoveForward>MoveRight>Attack>DashLeft",0,34.000,6,20,16,10,2.881,4,0.000,True,2.763,6.700,5,180,3499984.000,782.000,0.000,3500766.000,777.475,259FBE0481F42388,True,2,False,False,""
A1,A-v2-complex,2-terminal,공격형-2종료위치,1.000,0.150,0.000,1.7,1,50DEB425210D7347,2,3,"Lunge(0)>Attack>Retreat>Attack>DashForward>Attack>MoveLeft>Attack>MoveForward>MoveRight>Attack>DashRight",0,34.000,6,20,16,10,0.822,4,0.000,True,-1.356,6.700,6,180,3499979.000,782.000,0.000,3500761.000,777.475,B2541417EC70E39E,True,3,False,False,""
A1,A-v2-complex,2-terminal,공격형-2종료위치,1.000,0.150,0.000,1.7,1,50DEB425210D7347,3,1,"Lunge(0)>Attack>Retreat>Attack>DashForward>Attack>MoveLeft>Attack>MoveForward>MoveRight>Attack>DashBackward",0,34.000,6,20,16,10,0.695,2,0.000,True,12.389,6.700,5,180,3499985.000,782.000,0.000,3500767.000,781.706,5D81B03F1D5861F6,True,1,True,False,"Beam 1위와 관측축 추천 일치"
A1,A-v2-complex,2-terminal,공격형-2종료위치,1.000,0.150,0.000,1.7,1,50DEB425210D7347,3,2,"Lunge(0)>Attack>Retreat>Attack>DashForward>Attack>MoveLeft>Attack>MoveForward>MoveRight>Attack>DashLeft",0,34.000,6,20,16,10,2.881,4,0.000,True,2.763,6.700,5,180,3499984.000,782.000,0.000,3500766.000,781.706,259FBE0481F42388,True,2,False,False,""
A1,A-v2-complex,2-terminal,공격형-2종료위치,1.000,0.150,0.000,1.7,1,50DEB425210D7347,3,3,"Lunge(0)>Attack>Retreat>Attack>DashForward>Attack>MoveLeft>Attack>MoveForward>MoveRight>Attack>DashRight",0,34.000,6,20,16,10,0.822,4,0.000,True,-1.356,6.700,6,180,3499979.000,782.000,0.000,3500761.000,781.706,B2541417EC70E39E,True,3,False,False,""
A1,A-v2-complex,2-terminal,공격형-2종료위치,1.000,0.150,0.000,1.7,1,50DEB425210D7347,4,1,"Lunge(0)>Attack>Retreat>Attack>DashForward>Attack>MoveLeft>Attack>MoveForward>MoveRight>Attack>DashBackward",0,34.000,6,20,16,10,0.695,2,0.000,True,12.389,6.700,5,180,3499985.000,782.000,0.000,3500767.000,814.217,5D81B03F1D5861F6,True,1,True,False,"Beam 1위와 관측축 추천 일치"
A1,A-v2-complex,2-terminal,공격형-2종료위치,1.000,0.150,0.000,1.7,1,50DEB425210D7347,4,2,"Lunge(0)>Attack>Retreat>Attack>DashForward>Attack>MoveLeft>Attack>MoveForward>MoveRight>Attack>DashLeft",0,34.000,6,20,16,10,2.881,4,0.000,True,2.763,6.700,5,180,3499984.000,782.000,0.000,3500766.000,814.217,259FBE0481F42388,True,2,False,False,""
A1,A-v2-complex,2-terminal,공격형-2종료위치,1.000,0.150,0.000,1.7,1,50DEB425210D7347,4,3,"Lunge(0)>Attack>Retreat>Attack>DashForward>Attack>MoveLeft>Attack>MoveForward>MoveRight>Attack>DashRight",0,34.000,6,20,16,10,0.822,4,0.000,True,-1.356,6.700,6,180,3499979.000,782.000,0.000,3500761.000,814.217,B2541417EC70E39E,True,3,False,False,""
A1,A-v2-complex,2-terminal,공격형-2종료위치,1.000,0.150,0.000,1.7,1,50DEB425210D7347,5,1,"Lunge(0)>Attack>Retreat>Attack>DashForward>Attack>MoveLeft>Attack>MoveForward>MoveRight>Attack>DashBackward",0,34.000,6,20,16,10,0.695,2,0.000,True,12.389,6.700,5,180,3499985.000,782.000,0.000,3500767.000,877.092,5D81B03F1D5861F6,True,1,True,False,"Beam 1위와 관측축 추천 일치"
A1,A-v2-complex,2-terminal,공격형-2종료위치,1.000,0.150,0.000,1.7,1,50DEB425210D7347,5,2,"Lunge(0)>Attack>Retreat>Attack>DashForward>Attack>MoveLeft>Attack>MoveForward>MoveRight>Attack>DashLeft",0,34.000,6,20,16,10,2.881,4,0.000,True,2.763,6.700,5,180,3499984.000,782.000,0.000,3500766.000,877.092,259FBE0481F42388,True,2,False,False,""
A1,A-v2-complex,2-terminal,공격형-2종료위치,1.000,0.150,0.000,1.7,1,50DEB425210D7347,5,3,"Lunge(0)>Attack>Retreat>Attack>DashForward>Attack>MoveLeft>Attack>MoveForward>MoveRight>Attack>DashRight",0,34.000,6,20,16,10,0.822,4,0.000,True,-1.356,6.700,6,180,3499979.000,782.000,0.000,3500761.000,877.092,B2541417EC70E39E,True,3,False,False,""
A1,A-v2-complex,2-terminal,공격형-2종료위치,1.000,0.150,0.000,1.7,1,50DEB425210D7347,6,1,"Lunge(0)>Attack>Retreat>Attack>DashForward>Attack>MoveLeft>Attack>MoveForward>MoveRight>Attack>DashBackward",0,34.000,6,20,16,10,0.695,2,0.000,True,12.389,6.700,5,180,3499985.000,782.000,0.000,3500767.000,816.023,5D81B03F1D5861F6,True,1,True,False,"Beam 1위와 관측축 추천 일치"
A1,A-v2-complex,2-terminal,공격형-2종료위치,1.000,0.150,0.000,1.7,1,50DEB425210D7347,6,2,"Lunge(0)>Attack>Retreat>Attack>DashForward>Attack>MoveLeft>Attack>MoveForward>MoveRight>Attack>DashLeft",0,34.000,6,20,16,10,2.881,4,0.000,True,2.763,6.700,5,180,3499984.000,782.000,0.000,3500766.000,816.023,259FBE0481F42388,True,2,False,False,""
A1,A-v2-complex,2-terminal,공격형-2종료위치,1.000,0.150,0.000,1.7,1,50DEB425210D7347,6,3,"Lunge(0)>Attack>Retreat>Attack>DashForward>Attack>MoveLeft>Attack>MoveForward>MoveRight>Attack>DashRight",0,34.000,6,20,16,10,0.822,4,0.000,True,-1.356,6.700,6,180,3499979.000,782.000,0.000,3500761.000,816.023,B2541417EC70E39E,True,3,False,False,""
A1,A-v2-complex,2-terminal,공격형-2종료위치,1.000,0.150,0.000,1.7,1,50DEB425210D7347,7,1,"Lunge(0)>Attack>Retreat>Attack>DashForward>Attack>MoveLeft>Attack>MoveForward>MoveRight>Attack>DashBackward",0,34.000,6,20,16,10,0.695,2,0.000,True,12.389,6.700,5,180,3499985.000,782.000,0.000,3500767.000,833.092,5D81B03F1D5861F6,True,1,True,False,"Beam 1위와 관측축 추천 일치"
A1,A-v2-complex,2-terminal,공격형-2종료위치,1.000,0.150,0.000,1.7,1,50DEB425210D7347,7,2,"Lunge(0)>Attack>Retreat>Attack>DashForward>Attack>MoveLeft>Attack>MoveForward>MoveRight>Attack>DashLeft",0,34.000,6,20,16,10,2.881,4,0.000,True,2.763,6.700,5,180,3499984.000,782.000,0.000,3500766.000,833.092,259FBE0481F42388,True,2,False,False,""
A1,A-v2-complex,2-terminal,공격형-2종료위치,1.000,0.150,0.000,1.7,1,50DEB425210D7347,7,3,"Lunge(0)>Attack>Retreat>Attack>DashForward>Attack>MoveLeft>Attack>MoveForward>MoveRight>Attack>DashRight",0,34.000,6,20,16,10,0.822,4,0.000,True,-1.356,6.700,6,180,3499979.000,782.000,0.000,3500761.000,833.092,B2541417EC70E39E,True,3,False,False,""
A1,A-v2-complex,2-terminal,공격형-2종료위치,1.000,0.150,0.000,1.7,1,50DEB425210D7347,8,1,"Lunge(0)>Attack>Retreat>Attack>DashForward>Attack>MoveLeft>Attack>MoveForward>MoveRight>Attack>DashBackward",0,34.000,6,20,16,10,0.695,2,0.000,True,12.389,6.700,5,180,3499985.000,782.000,0.000,3500767.000,765.615,5D81B03F1D5861F6,True,1,True,False,"Beam 1위와 관측축 추천 일치"
A1,A-v2-complex,2-terminal,공격형-2종료위치,1.000,0.150,0.000,1.7,1,50DEB425210D7347,8,2,"Lunge(0)>Attack>Retreat>Attack>DashForward>Attack>MoveLeft>Attack>MoveForward>MoveRight>Attack>DashLeft",0,34.000,6,20,16,10,2.881,4,0.000,True,2.763,6.700,5,180,3499984.000,782.000,0.000,3500766.000,765.615,259FBE0481F42388,True,2,False,False,""
A1,A-v2-complex,2-terminal,공격형-2종료위치,1.000,0.150,0.000,1.7,1,50DEB425210D7347,8,3,"Lunge(0)>Attack>Retreat>Attack>DashForward>Attack>MoveLeft>Attack>MoveForward>MoveRight>Attack>DashRight",0,34.000,6,20,16,10,0.822,4,0.000,True,-1.356,6.700,6,180,3499979.000,782.000,0.000,3500761.000,765.615,B2541417EC70E39E,True,3,False,False,""
A1,A-v2-complex,2-terminal,공격형-2종료위치,1.000,0.150,0.000,1.7,1,50DEB425210D7347,9,1,"Lunge(0)>Attack>Retreat>Attack>DashForward>Attack>MoveLeft>Attack>MoveForward>MoveRight>Attack>DashBackward",0,34.000,6,20,16,10,0.695,2,0.000,True,12.389,6.700,5,180,3499985.000,782.000,0.000,3500767.000,826.199,5D81B03F1D5861F6,True,1,True,False,"Beam 1위와 관측축 추천 일치"
A1,A-v2-complex,2-terminal,공격형-2종료위치,1.000,0.150,0.000,1.7,1,50DEB425210D7347,9,2,"Lunge(0)>Attack>Retreat>Attack>DashForward>Attack>MoveLeft>Attack>MoveForward>MoveRight>Attack>DashLeft",0,34.000,6,20,16,10,2.881,4,0.000,True,2.763,6.700,5,180,3499984.000,782.000,0.000,3500766.000,826.199,259FBE0481F42388,True,2,False,False,""
A1,A-v2-complex,2-terminal,공격형-2종료위치,1.000,0.150,0.000,1.7,1,50DEB425210D7347,9,3,"Lunge(0)>Attack>Retreat>Attack>DashForward>Attack>MoveLeft>Attack>MoveForward>MoveRight>Attack>DashRight",0,34.000,6,20,16,10,0.822,4,0.000,True,-1.356,6.700,6,180,3499979.000,782.000,0.000,3500761.000,826.199,B2541417EC70E39E,True,3,False,False,""
A1,A-v2-complex,2-terminal,공격형-2종료위치,1.000,0.150,0.000,1.7,1,50DEB425210D7347,10,1,"Lunge(0)>Attack>Retreat>Attack>DashForward>Attack>MoveLeft>Attack>MoveForward>MoveRight>Attack>DashBackward",0,34.000,6,20,16,10,0.695,2,0.000,True,12.389,6.700,5,180,3499985.000,782.000,0.000,3500767.000,771.475,5D81B03F1D5861F6,True,1,True,False,"Beam 1위와 관측축 추천 일치"
A1,A-v2-complex,2-terminal,공격형-2종료위치,1.000,0.150,0.000,1.7,1,50DEB425210D7347,10,2,"Lunge(0)>Attack>Retreat>Attack>DashForward>Attack>MoveLeft>Attack>MoveForward>MoveRight>Attack>DashLeft",0,34.000,6,20,16,10,2.881,4,0.000,True,2.763,6.700,5,180,3499984.000,782.000,0.000,3500766.000,771.475,259FBE0481F42388,True,2,False,False,""
A1,A-v2-complex,2-terminal,공격형-2종료위치,1.000,0.150,0.000,1.7,1,50DEB425210D7347,10,3,"Lunge(0)>Attack>Retreat>Attack>DashForward>Attack>MoveLeft>Attack>MoveForward>MoveRight>Attack>DashRight",0,34.000,6,20,16,10,0.822,4,0.000,True,-1.356,6.700,6,180,3499979.000,782.000,0.000,3500761.000,771.475,B2541417EC70E39E,True,3,False,False,""
A2,A-v2-complex,2-terminal,공격형-2종료위치,1.000,0.150,0.000,1.7,1,3F5F709DA48265EF,1,1,"LungeStrike(0)>DashRight>Lunge(5)>Attack>MoveLeft>Attack>MoveRight>Attack>Jump>LungeStrike(3)>DashForward>LungeStrike(1)",0,34.000,7,15,12,5,4.492,1,2.371,False,16.097,12.060,0,180,3500004.000,768.800,0.000,3500773.000,398.502,BD17176102D6F0C7,True,1,True,False,"Beam 1위와 관측축 추천 일치"
A2,A-v2-complex,2-terminal,공격형-2종료위치,1.000,0.150,0.000,1.7,1,3F5F709DA48265EF,1,2,"LungeStrike(0)>DashRight>Lunge(5)>Attack>MoveLeft>Attack>Retreat>Attack>DashLeft>LungeStrike(3)>DashBackward>LungeStrike(2)",0,34.000,7,15,12,5,4.373,1,1.942,False,14.570,12.235,0,180,3500004.000,768.800,0.000,3500772.000,398.502,8595C84EEFCE8815,True,3,False,False,""
A2,A-v2-complex,2-terminal,공격형-2종료위치,1.000,0.150,0.000,1.7,1,3F5F709DA48265EF,1,3,"LungeStrike(0)>DashRight>Lunge(5)>Attack>MoveLeft>Attack>MoveRight>Attack>Jump>LungeStrike(3)>DashBackward>LungeStrike(2)",0,34.000,7,15,12,5,4.263,1,2.408,False,15.750,12.053,0,180,3500004.000,768.800,0.000,3500772.000,398.502,B53DFA90FBF6657F,True,2,False,False,""
A2,A-v2-complex,2-terminal,공격형-2종료위치,1.000,0.150,0.000,1.7,1,3F5F709DA48265EF,2,1,"LungeStrike(0)>DashRight>Lunge(5)>Attack>MoveLeft>Attack>MoveRight>Attack>Jump>LungeStrike(3)>DashForward>LungeStrike(1)",0,34.000,7,15,12,5,4.492,1,2.371,False,16.097,12.060,0,180,3500004.000,768.800,0.000,3500773.000,429.986,BD17176102D6F0C7,True,1,True,False,"Beam 1위와 관측축 추천 일치"
A2,A-v2-complex,2-terminal,공격형-2종료위치,1.000,0.150,0.000,1.7,1,3F5F709DA48265EF,2,2,"LungeStrike(0)>DashRight>Lunge(5)>Attack>MoveLeft>Attack>Retreat>Attack>DashLeft>LungeStrike(3)>DashBackward>LungeStrike(2)",0,34.000,7,15,12,5,4.373,1,1.942,False,14.570,12.235,0,180,3500004.000,768.800,0.000,3500772.000,429.986,8595C84EEFCE8815,True,3,False,False,""
A2,A-v2-complex,2-terminal,공격형-2종료위치,1.000,0.150,0.000,1.7,1,3F5F709DA48265EF,2,3,"LungeStrike(0)>DashRight>Lunge(5)>Attack>MoveLeft>Attack>MoveRight>Attack>Jump>LungeStrike(3)>DashBackward>LungeStrike(2)",0,34.000,7,15,12,5,4.263,1,2.408,False,15.750,12.053,0,180,3500004.000,768.800,0.000,3500772.000,429.986,B53DFA90FBF6657F,True,2,False,False,""
A2,A-v2-complex,2-terminal,공격형-2종료위치,1.000,0.150,0.000,1.7,1,3F5F709DA48265EF,3,1,"LungeStrike(0)>DashRight>Lunge(5)>Attack>MoveLeft>Attack>MoveRight>Attack>Jump>LungeStrike(3)>DashForward>LungeStrike(1)",0,34.000,7,15,12,5,4.492,1,2.371,False,16.097,12.060,0,180,3500004.000,768.800,0.000,3500773.000,416.077,BD17176102D6F0C7,True,1,True,False,"Beam 1위와 관측축 추천 일치"
A2,A-v2-complex,2-terminal,공격형-2종료위치,1.000,0.150,0.000,1.7,1,3F5F709DA48265EF,3,2,"LungeStrike(0)>DashRight>Lunge(5)>Attack>MoveLeft>Attack>Retreat>Attack>DashLeft>LungeStrike(3)>DashBackward>LungeStrike(2)",0,34.000,7,15,12,5,4.373,1,1.942,False,14.570,12.235,0,180,3500004.000,768.800,0.000,3500772.000,416.077,8595C84EEFCE8815,True,3,False,False,""
A2,A-v2-complex,2-terminal,공격형-2종료위치,1.000,0.150,0.000,1.7,1,3F5F709DA48265EF,3,3,"LungeStrike(0)>DashRight>Lunge(5)>Attack>MoveLeft>Attack>MoveRight>Attack>Jump>LungeStrike(3)>DashBackward>LungeStrike(2)",0,34.000,7,15,12,5,4.263,1,2.408,False,15.750,12.053,0,180,3500004.000,768.800,0.000,3500772.000,416.077,B53DFA90FBF6657F,True,2,False,False,""
A2,A-v2-complex,2-terminal,공격형-2종료위치,1.000,0.150,0.000,1.7,1,3F5F709DA48265EF,4,1,"LungeStrike(0)>DashRight>Lunge(5)>Attack>MoveLeft>Attack>MoveRight>Attack>Jump>LungeStrike(3)>DashForward>LungeStrike(1)",0,34.000,7,15,12,5,4.492,1,2.371,False,16.097,12.060,0,180,3500004.000,768.800,0.000,3500773.000,401.354,BD17176102D6F0C7,True,1,True,False,"Beam 1위와 관측축 추천 일치"
A2,A-v2-complex,2-terminal,공격형-2종료위치,1.000,0.150,0.000,1.7,1,3F5F709DA48265EF,4,2,"LungeStrike(0)>DashRight>Lunge(5)>Attack>MoveLeft>Attack>Retreat>Attack>DashLeft>LungeStrike(3)>DashBackward>LungeStrike(2)",0,34.000,7,15,12,5,4.373,1,1.942,False,14.570,12.235,0,180,3500004.000,768.800,0.000,3500772.000,401.354,8595C84EEFCE8815,True,3,False,False,""
A2,A-v2-complex,2-terminal,공격형-2종료위치,1.000,0.150,0.000,1.7,1,3F5F709DA48265EF,4,3,"LungeStrike(0)>DashRight>Lunge(5)>Attack>MoveLeft>Attack>MoveRight>Attack>Jump>LungeStrike(3)>DashBackward>LungeStrike(2)",0,34.000,7,15,12,5,4.263,1,2.408,False,15.750,12.053,0,180,3500004.000,768.800,0.000,3500772.000,401.354,B53DFA90FBF6657F,True,2,False,False,""
A2,A-v2-complex,2-terminal,공격형-2종료위치,1.000,0.150,0.000,1.7,1,3F5F709DA48265EF,5,1,"LungeStrike(0)>DashRight>Lunge(5)>Attack>MoveLeft>Attack>MoveRight>Attack>Jump>LungeStrike(3)>DashForward>LungeStrike(1)",0,34.000,7,15,12,5,4.492,1,2.371,False,16.097,12.060,0,180,3500004.000,768.800,0.000,3500773.000,409.464,BD17176102D6F0C7,True,1,True,False,"Beam 1위와 관측축 추천 일치"
A2,A-v2-complex,2-terminal,공격형-2종료위치,1.000,0.150,0.000,1.7,1,3F5F709DA48265EF,5,2,"LungeStrike(0)>DashRight>Lunge(5)>Attack>MoveLeft>Attack>Retreat>Attack>DashLeft>LungeStrike(3)>DashBackward>LungeStrike(2)",0,34.000,7,15,12,5,4.373,1,1.942,False,14.570,12.235,0,180,3500004.000,768.800,0.000,3500772.000,409.464,8595C84EEFCE8815,True,3,False,False,""
A2,A-v2-complex,2-terminal,공격형-2종료위치,1.000,0.150,0.000,1.7,1,3F5F709DA48265EF,5,3,"LungeStrike(0)>DashRight>Lunge(5)>Attack>MoveLeft>Attack>MoveRight>Attack>Jump>LungeStrike(3)>DashBackward>LungeStrike(2)",0,34.000,7,15,12,5,4.263,1,2.408,False,15.750,12.053,0,180,3500004.000,768.800,0.000,3500772.000,409.464,B53DFA90FBF6657F,True,2,False,False,""
A2,A-v2-complex,2-terminal,공격형-2종료위치,1.000,0.150,0.000,1.7,1,3F5F709DA48265EF,6,1,"LungeStrike(0)>DashRight>Lunge(5)>Attack>MoveLeft>Attack>MoveRight>Attack>Jump>LungeStrike(3)>DashForward>LungeStrike(1)",0,34.000,7,15,12,5,4.492,1,2.371,False,16.097,12.060,0,180,3500004.000,768.800,0.000,3500773.000,402.461,BD17176102D6F0C7,True,1,True,False,"Beam 1위와 관측축 추천 일치"
A2,A-v2-complex,2-terminal,공격형-2종료위치,1.000,0.150,0.000,1.7,1,3F5F709DA48265EF,6,2,"LungeStrike(0)>DashRight>Lunge(5)>Attack>MoveLeft>Attack>Retreat>Attack>DashLeft>LungeStrike(3)>DashBackward>LungeStrike(2)",0,34.000,7,15,12,5,4.373,1,1.942,False,14.570,12.235,0,180,3500004.000,768.800,0.000,3500772.000,402.461,8595C84EEFCE8815,True,3,False,False,""
A2,A-v2-complex,2-terminal,공격형-2종료위치,1.000,0.150,0.000,1.7,1,3F5F709DA48265EF,6,3,"LungeStrike(0)>DashRight>Lunge(5)>Attack>MoveLeft>Attack>MoveRight>Attack>Jump>LungeStrike(3)>DashBackward>LungeStrike(2)",0,34.000,7,15,12,5,4.263,1,2.408,False,15.750,12.053,0,180,3500004.000,768.800,0.000,3500772.000,402.461,B53DFA90FBF6657F,True,2,False,False,""
A2,A-v2-complex,2-terminal,공격형-2종료위치,1.000,0.150,0.000,1.7,1,3F5F709DA48265EF,7,1,"LungeStrike(0)>DashRight>Lunge(5)>Attack>MoveLeft>Attack>MoveRight>Attack>Jump>LungeStrike(3)>DashForward>LungeStrike(1)",0,34.000,7,15,12,5,4.492,1,2.371,False,16.097,12.060,0,180,3500004.000,768.800,0.000,3500773.000,415.418,BD17176102D6F0C7,True,1,True,False,"Beam 1위와 관측축 추천 일치"
A2,A-v2-complex,2-terminal,공격형-2종료위치,1.000,0.150,0.000,1.7,1,3F5F709DA48265EF,7,2,"LungeStrike(0)>DashRight>Lunge(5)>Attack>MoveLeft>Attack>Retreat>Attack>DashLeft>LungeStrike(3)>DashBackward>LungeStrike(2)",0,34.000,7,15,12,5,4.373,1,1.942,False,14.570,12.235,0,180,3500004.000,768.800,0.000,3500772.000,415.418,8595C84EEFCE8815,True,3,False,False,""
A2,A-v2-complex,2-terminal,공격형-2종료위치,1.000,0.150,0.000,1.7,1,3F5F709DA48265EF,7,3,"LungeStrike(0)>DashRight>Lunge(5)>Attack>MoveLeft>Attack>MoveRight>Attack>Jump>LungeStrike(3)>DashBackward>LungeStrike(2)",0,34.000,7,15,12,5,4.263,1,2.408,False,15.750,12.053,0,180,3500004.000,768.800,0.000,3500772.000,415.418,B53DFA90FBF6657F,True,2,False,False,""
A2,A-v2-complex,2-terminal,공격형-2종료위치,1.000,0.150,0.000,1.7,1,3F5F709DA48265EF,8,1,"LungeStrike(0)>DashRight>Lunge(5)>Attack>MoveLeft>Attack>MoveRight>Attack>Jump>LungeStrike(3)>DashForward>LungeStrike(1)",0,34.000,7,15,12,5,4.492,1,2.371,False,16.097,12.060,0,180,3500004.000,768.800,0.000,3500773.000,411.605,BD17176102D6F0C7,True,1,True,False,"Beam 1위와 관측축 추천 일치"
A2,A-v2-complex,2-terminal,공격형-2종료위치,1.000,0.150,0.000,1.7,1,3F5F709DA48265EF,8,2,"LungeStrike(0)>DashRight>Lunge(5)>Attack>MoveLeft>Attack>Retreat>Attack>DashLeft>LungeStrike(3)>DashBackward>LungeStrike(2)",0,34.000,7,15,12,5,4.373,1,1.942,False,14.570,12.235,0,180,3500004.000,768.800,0.000,3500772.000,411.605,8595C84EEFCE8815,True,3,False,False,""
A2,A-v2-complex,2-terminal,공격형-2종료위치,1.000,0.150,0.000,1.7,1,3F5F709DA48265EF,8,3,"LungeStrike(0)>DashRight>Lunge(5)>Attack>MoveLeft>Attack>MoveRight>Attack>Jump>LungeStrike(3)>DashBackward>LungeStrike(2)",0,34.000,7,15,12,5,4.263,1,2.408,False,15.750,12.053,0,180,3500004.000,768.800,0.000,3500772.000,411.605,B53DFA90FBF6657F,True,2,False,False,""
A2,A-v2-complex,2-terminal,공격형-2종료위치,1.000,0.150,0.000,1.7,1,3F5F709DA48265EF,9,1,"LungeStrike(0)>DashRight>Lunge(5)>Attack>MoveLeft>Attack>MoveRight>Attack>Jump>LungeStrike(3)>DashForward>LungeStrike(1)",0,34.000,7,15,12,5,4.492,1,2.371,False,16.097,12.060,0,180,3500004.000,768.800,0.000,3500773.000,425.580,BD17176102D6F0C7,True,1,True,False,"Beam 1위와 관측축 추천 일치"
A2,A-v2-complex,2-terminal,공격형-2종료위치,1.000,0.150,0.000,1.7,1,3F5F709DA48265EF,9,2,"LungeStrike(0)>DashRight>Lunge(5)>Attack>MoveLeft>Attack>Retreat>Attack>DashLeft>LungeStrike(3)>DashBackward>LungeStrike(2)",0,34.000,7,15,12,5,4.373,1,1.942,False,14.570,12.235,0,180,3500004.000,768.800,0.000,3500772.000,425.580,8595C84EEFCE8815,True,3,False,False,""
A2,A-v2-complex,2-terminal,공격형-2종료위치,1.000,0.150,0.000,1.7,1,3F5F709DA48265EF,9,3,"LungeStrike(0)>DashRight>Lunge(5)>Attack>MoveLeft>Attack>MoveRight>Attack>Jump>LungeStrike(3)>DashBackward>LungeStrike(2)",0,34.000,7,15,12,5,4.263,1,2.408,False,15.750,12.053,0,180,3500004.000,768.800,0.000,3500772.000,425.580,B53DFA90FBF6657F,True,2,False,False,""
A2,A-v2-complex,2-terminal,공격형-2종료위치,1.000,0.150,0.000,1.7,1,3F5F709DA48265EF,10,1,"LungeStrike(0)>DashRight>Lunge(5)>Attack>MoveLeft>Attack>MoveRight>Attack>Jump>LungeStrike(3)>DashForward>LungeStrike(1)",0,34.000,7,15,12,5,4.492,1,2.371,False,16.097,12.060,0,180,3500004.000,768.800,0.000,3500773.000,431.081,BD17176102D6F0C7,True,1,True,False,"Beam 1위와 관측축 추천 일치"
A2,A-v2-complex,2-terminal,공격형-2종료위치,1.000,0.150,0.000,1.7,1,3F5F709DA48265EF,10,2,"LungeStrike(0)>DashRight>Lunge(5)>Attack>MoveLeft>Attack>Retreat>Attack>DashLeft>LungeStrike(3)>DashBackward>LungeStrike(2)",0,34.000,7,15,12,5,4.373,1,1.942,False,14.570,12.235,0,180,3500004.000,768.800,0.000,3500772.000,431.081,8595C84EEFCE8815,True,3,False,False,""
A2,A-v2-complex,2-terminal,공격형-2종료위치,1.000,0.150,0.000,1.7,1,3F5F709DA48265EF,10,3,"LungeStrike(0)>DashRight>Lunge(5)>Attack>MoveLeft>Attack>MoveRight>Attack>Jump>LungeStrike(3)>DashBackward>LungeStrike(2)",0,34.000,7,15,12,5,4.263,1,2.408,False,15.750,12.053,0,180,3500004.000,768.800,0.000,3500772.000,431.081,B53DFA90FBF6657F,True,2,False,False,""
A3,A-v2-complex,2-terminal,공격형-2종료위치,1.000,0.150,0.000,1.7,1,01880BEA0D35E61C,1,1,"Attack>DashForward>Attack>MoveLeft>Attack>MoveForward>Lunge(2)>Attack>MoveRight>Attack>Retreat>Attack",0,29.000,9,16,14,6,3.663,2,0.000,False,10.327,6.215,1,180,3499999.000,904.600,0.000,3500904.000,546.968,A0CA6604C4776456,True,1,True,False,"Beam 1위와 관측축 추천 일치"
A3,A-v2-complex,2-terminal,공격형-2종료위치,1.000,0.150,0.000,1.7,1,01880BEA0D35E61C,1,2,"Attack>DashForward>Attack>MoveLeft>Attack>MoveForward>Lunge(2)>Attack>MoveRight>Attack>DashBackward>Lunge(6)",0,29.000,9,16,14,6,3.481,2,0.000,False,9.961,7.922,1,180,3499999.000,904.600,0.000,3500904.000,546.968,B3AA95B991B533C7,True,2,False,False,""
A3,A-v2-complex,2-terminal,공격형-2종료위치,1.000,0.150,0.000,1.7,1,01880BEA0D35E61C,1,3,"Attack>DashForward>Attack>MoveLeft>Attack>MoveForward>Lunge(2)>Attack>MoveRight>Attack>DashRight>Lunge(6)",0,29.000,9,16,14,6,3.460,1,0.000,False,9.919,7.668,1,180,3499999.000,904.600,0.000,3500904.000,546.968,233E281119EBE4C4,True,3,False,False,""
A3,A-v2-complex,2-terminal,공격형-2종료위치,1.000,0.150,0.000,1.7,1,01880BEA0D35E61C,2,1,"Attack>DashForward>Attack>MoveLeft>Attack>MoveForward>Lunge(2)>Attack>MoveRight>Attack>Retreat>Attack",0,29.000,9,16,14,6,3.663,2,0.000,False,10.327,6.215,1,180,3499999.000,904.600,0.000,3500904.000,525.485,A0CA6604C4776456,True,1,True,False,"Beam 1위와 관측축 추천 일치"
A3,A-v2-complex,2-terminal,공격형-2종료위치,1.000,0.150,0.000,1.7,1,01880BEA0D35E61C,2,2,"Attack>DashForward>Attack>MoveLeft>Attack>MoveForward>Lunge(2)>Attack>MoveRight>Attack>DashBackward>Lunge(6)",0,29.000,9,16,14,6,3.481,2,0.000,False,9.961,7.922,1,180,3499999.000,904.600,0.000,3500904.000,525.485,B3AA95B991B533C7,True,2,False,False,""
A3,A-v2-complex,2-terminal,공격형-2종료위치,1.000,0.150,0.000,1.7,1,01880BEA0D35E61C,2,3,"Attack>DashForward>Attack>MoveLeft>Attack>MoveForward>Lunge(2)>Attack>MoveRight>Attack>DashRight>Lunge(6)",0,29.000,9,16,14,6,3.460,1,0.000,False,9.919,7.668,1,180,3499999.000,904.600,0.000,3500904.000,525.485,233E281119EBE4C4,True,3,False,False,""
A3,A-v2-complex,2-terminal,공격형-2종료위치,1.000,0.150,0.000,1.7,1,01880BEA0D35E61C,3,1,"Attack>DashForward>Attack>MoveLeft>Attack>MoveForward>Lunge(2)>Attack>MoveRight>Attack>Retreat>Attack",0,29.000,9,16,14,6,3.663,2,0.000,False,10.327,6.215,1,180,3499999.000,904.600,0.000,3500904.000,478.933,A0CA6604C4776456,True,1,True,False,"Beam 1위와 관측축 추천 일치"
A3,A-v2-complex,2-terminal,공격형-2종료위치,1.000,0.150,0.000,1.7,1,01880BEA0D35E61C,3,2,"Attack>DashForward>Attack>MoveLeft>Attack>MoveForward>Lunge(2)>Attack>MoveRight>Attack>DashBackward>Lunge(6)",0,29.000,9,16,14,6,3.481,2,0.000,False,9.961,7.922,1,180,3499999.000,904.600,0.000,3500904.000,478.933,B3AA95B991B533C7,True,2,False,False,""
A3,A-v2-complex,2-terminal,공격형-2종료위치,1.000,0.150,0.000,1.7,1,01880BEA0D35E61C,3,3,"Attack>DashForward>Attack>MoveLeft>Attack>MoveForward>Lunge(2)>Attack>MoveRight>Attack>DashRight>Lunge(6)",0,29.000,9,16,14,6,3.460,1,0.000,False,9.919,7.668,1,180,3499999.000,904.600,0.000,3500904.000,478.933,233E281119EBE4C4,True,3,False,False,""
A3,A-v2-complex,2-terminal,공격형-2종료위치,1.000,0.150,0.000,1.7,1,01880BEA0D35E61C,4,1,"Attack>DashForward>Attack>MoveLeft>Attack>MoveForward>Lunge(2)>Attack>MoveRight>Attack>Retreat>Attack",0,29.000,9,16,14,6,3.663,2,0.000,False,10.327,6.215,1,180,3499999.000,904.600,0.000,3500904.000,547.014,A0CA6604C4776456,True,1,True,False,"Beam 1위와 관측축 추천 일치"
A3,A-v2-complex,2-terminal,공격형-2종료위치,1.000,0.150,0.000,1.7,1,01880BEA0D35E61C,4,2,"Attack>DashForward>Attack>MoveLeft>Attack>MoveForward>Lunge(2)>Attack>MoveRight>Attack>DashBackward>Lunge(6)",0,29.000,9,16,14,6,3.481,2,0.000,False,9.961,7.922,1,180,3499999.000,904.600,0.000,3500904.000,547.014,B3AA95B991B533C7,True,2,False,False,""
A3,A-v2-complex,2-terminal,공격형-2종료위치,1.000,0.150,0.000,1.7,1,01880BEA0D35E61C,4,3,"Attack>DashForward>Attack>MoveLeft>Attack>MoveForward>Lunge(2)>Attack>MoveRight>Attack>DashRight>Lunge(6)",0,29.000,9,16,14,6,3.460,1,0.000,False,9.919,7.668,1,180,3499999.000,904.600,0.000,3500904.000,547.014,233E281119EBE4C4,True,3,False,False,""
A3,A-v2-complex,2-terminal,공격형-2종료위치,1.000,0.150,0.000,1.7,1,01880BEA0D35E61C,5,1,"Attack>DashForward>Attack>MoveLeft>Attack>MoveForward>Lunge(2)>Attack>MoveRight>Attack>Retreat>Attack",0,29.000,9,16,14,6,3.663,2,0.000,False,10.327,6.215,1,180,3499999.000,904.600,0.000,3500904.000,298.578,A0CA6604C4776456,True,1,True,False,"Beam 1위와 관측축 추천 일치"
A3,A-v2-complex,2-terminal,공격형-2종료위치,1.000,0.150,0.000,1.7,1,01880BEA0D35E61C,5,2,"Attack>DashForward>Attack>MoveLeft>Attack>MoveForward>Lunge(2)>Attack>MoveRight>Attack>DashBackward>Lunge(6)",0,29.000,9,16,14,6,3.481,2,0.000,False,9.961,7.922,1,180,3499999.000,904.600,0.000,3500904.000,298.578,B3AA95B991B533C7,True,2,False,False,""
A3,A-v2-complex,2-terminal,공격형-2종료위치,1.000,0.150,0.000,1.7,1,01880BEA0D35E61C,5,3,"Attack>DashForward>Attack>MoveLeft>Attack>MoveForward>Lunge(2)>Attack>MoveRight>Attack>DashRight>Lunge(6)",0,29.000,9,16,14,6,3.460,1,0.000,False,9.919,7.668,1,180,3499999.000,904.600,0.000,3500904.000,298.578,233E281119EBE4C4,True,3,False,False,""
A3,A-v2-complex,2-terminal,공격형-2종료위치,1.000,0.150,0.000,1.7,1,01880BEA0D35E61C,6,1,"Attack>DashForward>Attack>MoveLeft>Attack>MoveForward>Lunge(2)>Attack>MoveRight>Attack>Retreat>Attack",0,29.000,9,16,14,6,3.663,2,0.000,False,10.327,6.215,1,180,3499999.000,904.600,0.000,3500904.000,247.017,A0CA6604C4776456,True,1,True,False,"Beam 1위와 관측축 추천 일치"
A3,A-v2-complex,2-terminal,공격형-2종료위치,1.000,0.150,0.000,1.7,1,01880BEA0D35E61C,6,2,"Attack>DashForward>Attack>MoveLeft>Attack>MoveForward>Lunge(2)>Attack>MoveRight>Attack>DashBackward>Lunge(6)",0,29.000,9,16,14,6,3.481,2,0.000,False,9.961,7.922,1,180,3499999.000,904.600,0.000,3500904.000,247.017,B3AA95B991B533C7,True,2,False,False,""
A3,A-v2-complex,2-terminal,공격형-2종료위치,1.000,0.150,0.000,1.7,1,01880BEA0D35E61C,6,3,"Attack>DashForward>Attack>MoveLeft>Attack>MoveForward>Lunge(2)>Attack>MoveRight>Attack>DashRight>Lunge(6)",0,29.000,9,16,14,6,3.460,1,0.000,False,9.919,7.668,1,180,3499999.000,904.600,0.000,3500904.000,247.017,233E281119EBE4C4,True,3,False,False,""
A3,A-v2-complex,2-terminal,공격형-2종료위치,1.000,0.150,0.000,1.7,1,01880BEA0D35E61C,7,1,"Attack>DashForward>Attack>MoveLeft>Attack>MoveForward>Lunge(2)>Attack>MoveRight>Attack>Retreat>Attack",0,29.000,9,16,14,6,3.663,2,0.000,False,10.327,6.215,1,180,3499999.000,904.600,0.000,3500904.000,243.798,A0CA6604C4776456,True,1,True,False,"Beam 1위와 관측축 추천 일치"
A3,A-v2-complex,2-terminal,공격형-2종료위치,1.000,0.150,0.000,1.7,1,01880BEA0D35E61C,7,2,"Attack>DashForward>Attack>MoveLeft>Attack>MoveForward>Lunge(2)>Attack>MoveRight>Attack>DashBackward>Lunge(6)",0,29.000,9,16,14,6,3.481,2,0.000,False,9.961,7.922,1,180,3499999.000,904.600,0.000,3500904.000,243.798,B3AA95B991B533C7,True,2,False,False,""
A3,A-v2-complex,2-terminal,공격형-2종료위치,1.000,0.150,0.000,1.7,1,01880BEA0D35E61C,7,3,"Attack>DashForward>Attack>MoveLeft>Attack>MoveForward>Lunge(2)>Attack>MoveRight>Attack>DashRight>Lunge(6)",0,29.000,9,16,14,6,3.460,1,0.000,False,9.919,7.668,1,180,3499999.000,904.600,0.000,3500904.000,243.798,233E281119EBE4C4,True,3,False,False,""
A3,A-v2-complex,2-terminal,공격형-2종료위치,1.000,0.150,0.000,1.7,1,01880BEA0D35E61C,8,1,"Attack>DashForward>Attack>MoveLeft>Attack>MoveForward>Lunge(2)>Attack>MoveRight>Attack>Retreat>Attack",0,29.000,9,16,14,6,3.663,2,0.000,False,10.327,6.215,1,180,3499999.000,904.600,0.000,3500904.000,245.803,A0CA6604C4776456,True,1,True,False,"Beam 1위와 관측축 추천 일치"
A3,A-v2-complex,2-terminal,공격형-2종료위치,1.000,0.150,0.000,1.7,1,01880BEA0D35E61C,8,2,"Attack>DashForward>Attack>MoveLeft>Attack>MoveForward>Lunge(2)>Attack>MoveRight>Attack>DashBackward>Lunge(6)",0,29.000,9,16,14,6,3.481,2,0.000,False,9.961,7.922,1,180,3499999.000,904.600,0.000,3500904.000,245.803,B3AA95B991B533C7,True,2,False,False,""
A3,A-v2-complex,2-terminal,공격형-2종료위치,1.000,0.150,0.000,1.7,1,01880BEA0D35E61C,8,3,"Attack>DashForward>Attack>MoveLeft>Attack>MoveForward>Lunge(2)>Attack>MoveRight>Attack>DashRight>Lunge(6)",0,29.000,9,16,14,6,3.460,1,0.000,False,9.919,7.668,1,180,3499999.000,904.600,0.000,3500904.000,245.803,233E281119EBE4C4,True,3,False,False,""
A3,A-v2-complex,2-terminal,공격형-2종료위치,1.000,0.150,0.000,1.7,1,01880BEA0D35E61C,9,1,"Attack>DashForward>Attack>MoveLeft>Attack>MoveForward>Lunge(2)>Attack>MoveRight>Attack>Retreat>Attack",0,29.000,9,16,14,6,3.663,2,0.000,False,10.327,6.215,1,180,3499999.000,904.600,0.000,3500904.000,237.367,A0CA6604C4776456,True,1,True,False,"Beam 1위와 관측축 추천 일치"
A3,A-v2-complex,2-terminal,공격형-2종료위치,1.000,0.150,0.000,1.7,1,01880BEA0D35E61C,9,2,"Attack>DashForward>Attack>MoveLeft>Attack>MoveForward>Lunge(2)>Attack>MoveRight>Attack>DashBackward>Lunge(6)",0,29.000,9,16,14,6,3.481,2,0.000,False,9.961,7.922,1,180,3499999.000,904.600,0.000,3500904.000,237.367,B3AA95B991B533C7,True,2,False,False,""
A3,A-v2-complex,2-terminal,공격형-2종료위치,1.000,0.150,0.000,1.7,1,01880BEA0D35E61C,9,3,"Attack>DashForward>Attack>MoveLeft>Attack>MoveForward>Lunge(2)>Attack>MoveRight>Attack>DashRight>Lunge(6)",0,29.000,9,16,14,6,3.460,1,0.000,False,9.919,7.668,1,180,3499999.000,904.600,0.000,3500904.000,237.367,233E281119EBE4C4,True,3,False,False,""
A3,A-v2-complex,2-terminal,공격형-2종료위치,1.000,0.150,0.000,1.7,1,01880BEA0D35E61C,10,1,"Attack>DashForward>Attack>MoveLeft>Attack>MoveForward>Lunge(2)>Attack>MoveRight>Attack>Retreat>Attack",0,29.000,9,16,14,6,3.663,2,0.000,False,10.327,6.215,1,180,3499999.000,904.600,0.000,3500904.000,265.834,A0CA6604C4776456,True,1,True,False,"Beam 1위와 관측축 추천 일치"
A3,A-v2-complex,2-terminal,공격형-2종료위치,1.000,0.150,0.000,1.7,1,01880BEA0D35E61C,10,2,"Attack>DashForward>Attack>MoveLeft>Attack>MoveForward>Lunge(2)>Attack>MoveRight>Attack>DashBackward>Lunge(6)",0,29.000,9,16,14,6,3.481,2,0.000,False,9.961,7.922,1,180,3499999.000,904.600,0.000,3500904.000,265.834,B3AA95B991B533C7,True,2,False,False,""
A3,A-v2-complex,2-terminal,공격형-2종료위치,1.000,0.150,0.000,1.7,1,01880BEA0D35E61C,10,3,"Attack>DashForward>Attack>MoveLeft>Attack>MoveForward>Lunge(2)>Attack>MoveRight>Attack>DashRight>Lunge(6)",0,29.000,9,16,14,6,3.460,1,0.000,False,9.919,7.668,1,180,3499999.000,904.600,0.000,3500904.000,265.834,233E281119EBE4C4,True,3,False,False,""
A4,A-v2-complex,2-terminal,공격형-2종료위치,1.000,0.150,0.000,1.7,1,62F6E9F8D1F2129D,1,1,"Attack>DashForward>Attack>MoveLeft>Attack>DashForward>LungeStrike(17)>DashLeft>Lunge(9)>Attack>MoveLeft>Lunge(10)",1,29.000,9,17,18,9,3.440,3,0.000,True,10.880,10.087,3,180,3499969.000,922.200,0.000,3500891.000,427.344,84AF7D16C319FC53,True,2,False,True,""
A4,A-v2-complex,2-terminal,공격형-2종료위치,1.000,0.150,0.000,1.7,1,62F6E9F8D1F2129D,1,2,"Attack>DashForward>Attack>MoveLeft>Attack>DashForward>LungeStrike(17)>DashLeft>Lunge(9)>Attack>MoveLeft>Attack",1,29.000,9,17,18,9,3.476,3,0.000,False,2.952,9.355,3,180,3499967.000,922.200,0.000,3500890.000,427.344,EE9534D8EAD61921,True,3,False,True,""
A4,A-v2-complex,2-terminal,공격형-2종료위치,1.000,0.150,0.000,1.7,1,62F6E9F8D1F2129D,1,3,"Attack>DashForward>Attack>MoveLeft>Attack>DashForward>LungeStrike(17)>DashLeft>Lunge(9)>Attack>DashBackward>Lunge(10)",1,29.000,9,17,18,9,5.410,0,0.000,True,21.819,10.805,3,180,3499953.000,922.200,0.000,3500875.000,427.344,FB646DB73DF7B674,True,1,True,True,"종료 위치 품질 우세"
A4,A-v2-complex,2-terminal,공격형-2종료위치,1.000,0.150,0.000,1.7,1,62F6E9F8D1F2129D,2,1,"Attack>DashForward>Attack>MoveLeft>Attack>DashForward>LungeStrike(17)>DashLeft>Lunge(9)>Attack>MoveLeft>Lunge(10)",1,29.000,9,17,18,9,3.440,3,0.000,True,10.880,10.087,3,180,3499969.000,922.200,0.000,3500891.000,425.987,84AF7D16C319FC53,True,2,False,True,""
A4,A-v2-complex,2-terminal,공격형-2종료위치,1.000,0.150,0.000,1.7,1,62F6E9F8D1F2129D,2,2,"Attack>DashForward>Attack>MoveLeft>Attack>DashForward>LungeStrike(17)>DashLeft>Lunge(9)>Attack>MoveLeft>Attack",1,29.000,9,17,18,9,3.476,3,0.000,False,2.952,9.355,3,180,3499967.000,922.200,0.000,3500890.000,425.987,EE9534D8EAD61921,True,3,False,True,""
A4,A-v2-complex,2-terminal,공격형-2종료위치,1.000,0.150,0.000,1.7,1,62F6E9F8D1F2129D,2,3,"Attack>DashForward>Attack>MoveLeft>Attack>DashForward>LungeStrike(17)>DashLeft>Lunge(9)>Attack>DashBackward>Lunge(10)",1,29.000,9,17,18,9,5.410,0,0.000,True,21.819,10.805,3,180,3499953.000,922.200,0.000,3500875.000,425.987,FB646DB73DF7B674,True,1,True,True,"종료 위치 품질 우세"
A4,A-v2-complex,2-terminal,공격형-2종료위치,1.000,0.150,0.000,1.7,1,62F6E9F8D1F2129D,3,1,"Attack>DashForward>Attack>MoveLeft>Attack>DashForward>LungeStrike(17)>DashLeft>Lunge(9)>Attack>MoveLeft>Lunge(10)",1,29.000,9,17,18,9,3.440,3,0.000,True,10.880,10.087,3,180,3499969.000,922.200,0.000,3500891.000,414.720,84AF7D16C319FC53,True,2,False,True,""
A4,A-v2-complex,2-terminal,공격형-2종료위치,1.000,0.150,0.000,1.7,1,62F6E9F8D1F2129D,3,2,"Attack>DashForward>Attack>MoveLeft>Attack>DashForward>LungeStrike(17)>DashLeft>Lunge(9)>Attack>MoveLeft>Attack",1,29.000,9,17,18,9,3.476,3,0.000,False,2.952,9.355,3,180,3499967.000,922.200,0.000,3500890.000,414.720,EE9534D8EAD61921,True,3,False,True,""
A4,A-v2-complex,2-terminal,공격형-2종료위치,1.000,0.150,0.000,1.7,1,62F6E9F8D1F2129D,3,3,"Attack>DashForward>Attack>MoveLeft>Attack>DashForward>LungeStrike(17)>DashLeft>Lunge(9)>Attack>DashBackward>Lunge(10)",1,29.000,9,17,18,9,5.410,0,0.000,True,21.819,10.805,3,180,3499953.000,922.200,0.000,3500875.000,414.720,FB646DB73DF7B674,True,1,True,True,"종료 위치 품질 우세"
A4,A-v2-complex,2-terminal,공격형-2종료위치,1.000,0.150,0.000,1.7,1,62F6E9F8D1F2129D,4,1,"Attack>DashForward>Attack>MoveLeft>Attack>DashForward>LungeStrike(17)>DashLeft>Lunge(9)>Attack>MoveLeft>Lunge(10)",1,29.000,9,17,18,9,3.440,3,0.000,True,10.880,10.087,3,180,3499969.000,922.200,0.000,3500891.000,408.279,84AF7D16C319FC53,True,2,False,True,""
A4,A-v2-complex,2-terminal,공격형-2종료위치,1.000,0.150,0.000,1.7,1,62F6E9F8D1F2129D,4,2,"Attack>DashForward>Attack>MoveLeft>Attack>DashForward>LungeStrike(17)>DashLeft>Lunge(9)>Attack>MoveLeft>Attack",1,29.000,9,17,18,9,3.476,3,0.000,False,2.952,9.355,3,180,3499967.000,922.200,0.000,3500890.000,408.279,EE9534D8EAD61921,True,3,False,True,""
A4,A-v2-complex,2-terminal,공격형-2종료위치,1.000,0.150,0.000,1.7,1,62F6E9F8D1F2129D,4,3,"Attack>DashForward>Attack>MoveLeft>Attack>DashForward>LungeStrike(17)>DashLeft>Lunge(9)>Attack>DashBackward>Lunge(10)",1,29.000,9,17,18,9,5.410,0,0.000,True,21.819,10.805,3,180,3499953.000,922.200,0.000,3500875.000,408.279,FB646DB73DF7B674,True,1,True,True,"종료 위치 품질 우세"
A4,A-v2-complex,2-terminal,공격형-2종료위치,1.000,0.150,0.000,1.7,1,62F6E9F8D1F2129D,5,1,"Attack>DashForward>Attack>MoveLeft>Attack>DashForward>LungeStrike(17)>DashLeft>Lunge(9)>Attack>MoveLeft>Lunge(10)",1,29.000,9,17,18,9,3.440,3,0.000,True,10.880,10.087,3,180,3499969.000,922.200,0.000,3500891.000,411.170,84AF7D16C319FC53,True,2,False,True,""
A4,A-v2-complex,2-terminal,공격형-2종료위치,1.000,0.150,0.000,1.7,1,62F6E9F8D1F2129D,5,2,"Attack>DashForward>Attack>MoveLeft>Attack>DashForward>LungeStrike(17)>DashLeft>Lunge(9)>Attack>MoveLeft>Attack",1,29.000,9,17,18,9,3.476,3,0.000,False,2.952,9.355,3,180,3499967.000,922.200,0.000,3500890.000,411.170,EE9534D8EAD61921,True,3,False,True,""
A4,A-v2-complex,2-terminal,공격형-2종료위치,1.000,0.150,0.000,1.7,1,62F6E9F8D1F2129D,5,3,"Attack>DashForward>Attack>MoveLeft>Attack>DashForward>LungeStrike(17)>DashLeft>Lunge(9)>Attack>DashBackward>Lunge(10)",1,29.000,9,17,18,9,5.410,0,0.000,True,21.819,10.805,3,180,3499953.000,922.200,0.000,3500875.000,411.170,FB646DB73DF7B674,True,1,True,True,"종료 위치 품질 우세"
A4,A-v2-complex,2-terminal,공격형-2종료위치,1.000,0.150,0.000,1.7,1,62F6E9F8D1F2129D,6,1,"Attack>DashForward>Attack>MoveLeft>Attack>DashForward>LungeStrike(17)>DashLeft>Lunge(9)>Attack>MoveLeft>Lunge(10)",1,29.000,9,17,18,9,3.440,3,0.000,True,10.880,10.087,3,180,3499969.000,922.200,0.000,3500891.000,411.757,84AF7D16C319FC53,True,2,False,True,""
A4,A-v2-complex,2-terminal,공격형-2종료위치,1.000,0.150,0.000,1.7,1,62F6E9F8D1F2129D,6,2,"Attack>DashForward>Attack>MoveLeft>Attack>DashForward>LungeStrike(17)>DashLeft>Lunge(9)>Attack>MoveLeft>Attack",1,29.000,9,17,18,9,3.476,3,0.000,False,2.952,9.355,3,180,3499967.000,922.200,0.000,3500890.000,411.757,EE9534D8EAD61921,True,3,False,True,""
A4,A-v2-complex,2-terminal,공격형-2종료위치,1.000,0.150,0.000,1.7,1,62F6E9F8D1F2129D,6,3,"Attack>DashForward>Attack>MoveLeft>Attack>DashForward>LungeStrike(17)>DashLeft>Lunge(9)>Attack>DashBackward>Lunge(10)",1,29.000,9,17,18,9,5.410,0,0.000,True,21.819,10.805,3,180,3499953.000,922.200,0.000,3500875.000,411.757,FB646DB73DF7B674,True,1,True,True,"종료 위치 품질 우세"
A4,A-v2-complex,2-terminal,공격형-2종료위치,1.000,0.150,0.000,1.7,1,62F6E9F8D1F2129D,7,1,"Attack>DashForward>Attack>MoveLeft>Attack>DashForward>LungeStrike(17)>DashLeft>Lunge(9)>Attack>MoveLeft>Lunge(10)",1,29.000,9,17,18,9,3.440,3,0.000,True,10.880,10.087,3,180,3499969.000,922.200,0.000,3500891.000,387.013,84AF7D16C319FC53,True,2,False,True,""
A4,A-v2-complex,2-terminal,공격형-2종료위치,1.000,0.150,0.000,1.7,1,62F6E9F8D1F2129D,7,2,"Attack>DashForward>Attack>MoveLeft>Attack>DashForward>LungeStrike(17)>DashLeft>Lunge(9)>Attack>MoveLeft>Attack",1,29.000,9,17,18,9,3.476,3,0.000,False,2.952,9.355,3,180,3499967.000,922.200,0.000,3500890.000,387.013,EE9534D8EAD61921,True,3,False,True,""
A4,A-v2-complex,2-terminal,공격형-2종료위치,1.000,0.150,0.000,1.7,1,62F6E9F8D1F2129D,7,3,"Attack>DashForward>Attack>MoveLeft>Attack>DashForward>LungeStrike(17)>DashLeft>Lunge(9)>Attack>DashBackward>Lunge(10)",1,29.000,9,17,18,9,5.410,0,0.000,True,21.819,10.805,3,180,3499953.000,922.200,0.000,3500875.000,387.013,FB646DB73DF7B674,True,1,True,True,"종료 위치 품질 우세"
A4,A-v2-complex,2-terminal,공격형-2종료위치,1.000,0.150,0.000,1.7,1,62F6E9F8D1F2129D,8,1,"Attack>DashForward>Attack>MoveLeft>Attack>DashForward>LungeStrike(17)>DashLeft>Lunge(9)>Attack>MoveLeft>Lunge(10)",1,29.000,9,17,18,9,3.440,3,0.000,True,10.880,10.087,3,180,3499969.000,922.200,0.000,3500891.000,403.332,84AF7D16C319FC53,True,2,False,True,""
A4,A-v2-complex,2-terminal,공격형-2종료위치,1.000,0.150,0.000,1.7,1,62F6E9F8D1F2129D,8,2,"Attack>DashForward>Attack>MoveLeft>Attack>DashForward>LungeStrike(17)>DashLeft>Lunge(9)>Attack>MoveLeft>Attack",1,29.000,9,17,18,9,3.476,3,0.000,False,2.952,9.355,3,180,3499967.000,922.200,0.000,3500890.000,403.332,EE9534D8EAD61921,True,3,False,True,""
A4,A-v2-complex,2-terminal,공격형-2종료위치,1.000,0.150,0.000,1.7,1,62F6E9F8D1F2129D,8,3,"Attack>DashForward>Attack>MoveLeft>Attack>DashForward>LungeStrike(17)>DashLeft>Lunge(9)>Attack>DashBackward>Lunge(10)",1,29.000,9,17,18,9,5.410,0,0.000,True,21.819,10.805,3,180,3499953.000,922.200,0.000,3500875.000,403.332,FB646DB73DF7B674,True,1,True,True,"종료 위치 품질 우세"
A4,A-v2-complex,2-terminal,공격형-2종료위치,1.000,0.150,0.000,1.7,1,62F6E9F8D1F2129D,9,1,"Attack>DashForward>Attack>MoveLeft>Attack>DashForward>LungeStrike(17)>DashLeft>Lunge(9)>Attack>MoveLeft>Lunge(10)",1,29.000,9,17,18,9,3.440,3,0.000,True,10.880,10.087,3,180,3499969.000,922.200,0.000,3500891.000,411.638,84AF7D16C319FC53,True,2,False,True,""
A4,A-v2-complex,2-terminal,공격형-2종료위치,1.000,0.150,0.000,1.7,1,62F6E9F8D1F2129D,9,2,"Attack>DashForward>Attack>MoveLeft>Attack>DashForward>LungeStrike(17)>DashLeft>Lunge(9)>Attack>MoveLeft>Attack",1,29.000,9,17,18,9,3.476,3,0.000,False,2.952,9.355,3,180,3499967.000,922.200,0.000,3500890.000,411.638,EE9534D8EAD61921,True,3,False,True,""
A4,A-v2-complex,2-terminal,공격형-2종료위치,1.000,0.150,0.000,1.7,1,62F6E9F8D1F2129D,9,3,"Attack>DashForward>Attack>MoveLeft>Attack>DashForward>LungeStrike(17)>DashLeft>Lunge(9)>Attack>DashBackward>Lunge(10)",1,29.000,9,17,18,9,5.410,0,0.000,True,21.819,10.805,3,180,3499953.000,922.200,0.000,3500875.000,411.638,FB646DB73DF7B674,True,1,True,True,"종료 위치 품질 우세"
A4,A-v2-complex,2-terminal,공격형-2종료위치,1.000,0.150,0.000,1.7,1,62F6E9F8D1F2129D,10,1,"Attack>DashForward>Attack>MoveLeft>Attack>DashForward>LungeStrike(17)>DashLeft>Lunge(9)>Attack>MoveLeft>Lunge(10)",1,29.000,9,17,18,9,3.440,3,0.000,True,10.880,10.087,3,180,3499969.000,922.200,0.000,3500891.000,421.805,84AF7D16C319FC53,True,2,False,True,""
A4,A-v2-complex,2-terminal,공격형-2종료위치,1.000,0.150,0.000,1.7,1,62F6E9F8D1F2129D,10,2,"Attack>DashForward>Attack>MoveLeft>Attack>DashForward>LungeStrike(17)>DashLeft>Lunge(9)>Attack>MoveLeft>Attack",1,29.000,9,17,18,9,3.476,3,0.000,False,2.952,9.355,3,180,3499967.000,922.200,0.000,3500890.000,421.805,EE9534D8EAD61921,True,3,False,True,""
A4,A-v2-complex,2-terminal,공격형-2종료위치,1.000,0.150,0.000,1.7,1,62F6E9F8D1F2129D,10,3,"Attack>DashForward>Attack>MoveLeft>Attack>DashForward>LungeStrike(17)>DashLeft>Lunge(9)>Attack>DashBackward>Lunge(10)",1,29.000,9,17,18,9,5.410,0,0.000,True,21.819,10.805,3,180,3499953.000,922.200,0.000,3500875.000,421.805,FB646DB73DF7B674,True,1,True,True,"종료 위치 품질 우세"
A1,A-v2-complex,3-difficulty-final,공격형,1.000,0.150,0.100,1.7,1,50DEB425210D7347,1,1,"Lunge(0)>Attack>Retreat>Attack>DashForward>Attack>MoveLeft>Attack>MoveForward>MoveRight>Attack>DashBackward",0,34.000,6,20,16,10,0.695,2,0.000,True,12.389,6.700,5,180,3499985.000,782.000,-0.670,3500766.000,417.092,5D81B03F1D5861F6,True,1,True,False,"Beam 1위와 관측축 추천 일치"
A1,A-v2-complex,3-difficulty-final,공격형,1.000,0.150,0.100,1.7,1,50DEB425210D7347,1,2,"Lunge(0)>Attack>Retreat>Attack>DashForward>Attack>MoveLeft>Attack>MoveForward>MoveRight>Attack>DashLeft",0,34.000,6,20,16,10,2.881,4,0.000,True,2.763,6.700,5,180,3499984.000,782.000,-0.670,3500765.000,417.092,259FBE0481F42388,True,2,False,False,""
A1,A-v2-complex,3-difficulty-final,공격형,1.000,0.150,0.100,1.7,1,50DEB425210D7347,1,3,"Lunge(0)>Attack>Retreat>Attack>DashForward>Attack>MoveLeft>Attack>MoveForward>MoveRight>Attack>DashRight",0,34.000,6,20,16,10,0.822,4,0.000,True,-1.356,6.700,6,180,3499979.000,782.000,-0.670,3500760.000,417.092,B2541417EC70E39E,True,3,False,False,""
A1,A-v2-complex,3-difficulty-final,공격형,1.000,0.150,0.100,1.7,1,50DEB425210D7347,2,1,"Lunge(0)>Attack>Retreat>Attack>DashForward>Attack>MoveLeft>Attack>MoveForward>MoveRight>Attack>DashBackward",0,34.000,6,20,16,10,0.695,2,0.000,True,12.389,6.700,5,180,3499985.000,782.000,-0.670,3500766.000,414.504,5D81B03F1D5861F6,True,1,True,False,"Beam 1위와 관측축 추천 일치"
A1,A-v2-complex,3-difficulty-final,공격형,1.000,0.150,0.100,1.7,1,50DEB425210D7347,2,2,"Lunge(0)>Attack>Retreat>Attack>DashForward>Attack>MoveLeft>Attack>MoveForward>MoveRight>Attack>DashLeft",0,34.000,6,20,16,10,2.881,4,0.000,True,2.763,6.700,5,180,3499984.000,782.000,-0.670,3500765.000,414.504,259FBE0481F42388,True,2,False,False,""
A1,A-v2-complex,3-difficulty-final,공격형,1.000,0.150,0.100,1.7,1,50DEB425210D7347,2,3,"Lunge(0)>Attack>Retreat>Attack>DashForward>Attack>MoveLeft>Attack>MoveForward>MoveRight>Attack>DashRight",0,34.000,6,20,16,10,0.822,4,0.000,True,-1.356,6.700,6,180,3499979.000,782.000,-0.670,3500760.000,414.504,B2541417EC70E39E,True,3,False,False,""
A1,A-v2-complex,3-difficulty-final,공격형,1.000,0.150,0.100,1.7,1,50DEB425210D7347,3,1,"Lunge(0)>Attack>Retreat>Attack>DashForward>Attack>MoveLeft>Attack>MoveForward>MoveRight>Attack>DashBackward",0,34.000,6,20,16,10,0.695,2,0.000,True,12.389,6.700,5,180,3499985.000,782.000,-0.670,3500766.000,396.514,5D81B03F1D5861F6,True,1,True,False,"Beam 1위와 관측축 추천 일치"
A1,A-v2-complex,3-difficulty-final,공격형,1.000,0.150,0.100,1.7,1,50DEB425210D7347,3,2,"Lunge(0)>Attack>Retreat>Attack>DashForward>Attack>MoveLeft>Attack>MoveForward>MoveRight>Attack>DashLeft",0,34.000,6,20,16,10,2.881,4,0.000,True,2.763,6.700,5,180,3499984.000,782.000,-0.670,3500765.000,396.514,259FBE0481F42388,True,2,False,False,""
A1,A-v2-complex,3-difficulty-final,공격형,1.000,0.150,0.100,1.7,1,50DEB425210D7347,3,3,"Lunge(0)>Attack>Retreat>Attack>DashForward>Attack>MoveLeft>Attack>MoveForward>MoveRight>Attack>DashRight",0,34.000,6,20,16,10,0.822,4,0.000,True,-1.356,6.700,6,180,3499979.000,782.000,-0.670,3500760.000,396.514,B2541417EC70E39E,True,3,False,False,""
A1,A-v2-complex,3-difficulty-final,공격형,1.000,0.150,0.100,1.7,1,50DEB425210D7347,4,1,"Lunge(0)>Attack>Retreat>Attack>DashForward>Attack>MoveLeft>Attack>MoveForward>MoveRight>Attack>DashBackward",0,34.000,6,20,16,10,0.695,2,0.000,True,12.389,6.700,5,180,3499985.000,782.000,-0.670,3500766.000,408.369,5D81B03F1D5861F6,True,1,True,False,"Beam 1위와 관측축 추천 일치"
A1,A-v2-complex,3-difficulty-final,공격형,1.000,0.150,0.100,1.7,1,50DEB425210D7347,4,2,"Lunge(0)>Attack>Retreat>Attack>DashForward>Attack>MoveLeft>Attack>MoveForward>MoveRight>Attack>DashLeft",0,34.000,6,20,16,10,2.881,4,0.000,True,2.763,6.700,5,180,3499984.000,782.000,-0.670,3500765.000,408.369,259FBE0481F42388,True,2,False,False,""
A1,A-v2-complex,3-difficulty-final,공격형,1.000,0.150,0.100,1.7,1,50DEB425210D7347,4,3,"Lunge(0)>Attack>Retreat>Attack>DashForward>Attack>MoveLeft>Attack>MoveForward>MoveRight>Attack>DashRight",0,34.000,6,20,16,10,0.822,4,0.000,True,-1.356,6.700,6,180,3499979.000,782.000,-0.670,3500760.000,408.369,B2541417EC70E39E,True,3,False,False,""
A1,A-v2-complex,3-difficulty-final,공격형,1.000,0.150,0.100,1.7,1,50DEB425210D7347,5,1,"Lunge(0)>Attack>Retreat>Attack>DashForward>Attack>MoveLeft>Attack>MoveForward>MoveRight>Attack>DashBackward",0,34.000,6,20,16,10,0.695,2,0.000,True,12.389,6.700,5,180,3499985.000,782.000,-0.670,3500766.000,419.233,5D81B03F1D5861F6,True,1,True,False,"Beam 1위와 관측축 추천 일치"
A1,A-v2-complex,3-difficulty-final,공격형,1.000,0.150,0.100,1.7,1,50DEB425210D7347,5,2,"Lunge(0)>Attack>Retreat>Attack>DashForward>Attack>MoveLeft>Attack>MoveForward>MoveRight>Attack>DashLeft",0,34.000,6,20,16,10,2.881,4,0.000,True,2.763,6.700,5,180,3499984.000,782.000,-0.670,3500765.000,419.233,259FBE0481F42388,True,2,False,False,""
A1,A-v2-complex,3-difficulty-final,공격형,1.000,0.150,0.100,1.7,1,50DEB425210D7347,5,3,"Lunge(0)>Attack>Retreat>Attack>DashForward>Attack>MoveLeft>Attack>MoveForward>MoveRight>Attack>DashRight",0,34.000,6,20,16,10,0.822,4,0.000,True,-1.356,6.700,6,180,3499979.000,782.000,-0.670,3500760.000,419.233,B2541417EC70E39E,True,3,False,False,""
A1,A-v2-complex,3-difficulty-final,공격형,1.000,0.150,0.100,1.7,1,50DEB425210D7347,6,1,"Lunge(0)>Attack>Retreat>Attack>DashForward>Attack>MoveLeft>Attack>MoveForward>MoveRight>Attack>DashBackward",0,34.000,6,20,16,10,0.695,2,0.000,True,12.389,6.700,5,180,3499985.000,782.000,-0.670,3500766.000,406.808,5D81B03F1D5861F6,True,1,True,False,"Beam 1위와 관측축 추천 일치"
A1,A-v2-complex,3-difficulty-final,공격형,1.000,0.150,0.100,1.7,1,50DEB425210D7347,6,2,"Lunge(0)>Attack>Retreat>Attack>DashForward>Attack>MoveLeft>Attack>MoveForward>MoveRight>Attack>DashLeft",0,34.000,6,20,16,10,2.881,4,0.000,True,2.763,6.700,5,180,3499984.000,782.000,-0.670,3500765.000,406.808,259FBE0481F42388,True,2,False,False,""
A1,A-v2-complex,3-difficulty-final,공격형,1.000,0.150,0.100,1.7,1,50DEB425210D7347,6,3,"Lunge(0)>Attack>Retreat>Attack>DashForward>Attack>MoveLeft>Attack>MoveForward>MoveRight>Attack>DashRight",0,34.000,6,20,16,10,0.822,4,0.000,True,-1.356,6.700,6,180,3499979.000,782.000,-0.670,3500760.000,406.808,B2541417EC70E39E,True,3,False,False,""
A1,A-v2-complex,3-difficulty-final,공격형,1.000,0.150,0.100,1.7,1,50DEB425210D7347,7,1,"Lunge(0)>Attack>Retreat>Attack>DashForward>Attack>MoveLeft>Attack>MoveForward>MoveRight>Attack>DashBackward",0,34.000,6,20,16,10,0.695,2,0.000,True,12.389,6.700,5,180,3499985.000,782.000,-0.670,3500766.000,407.851,5D81B03F1D5861F6,True,1,True,False,"Beam 1위와 관측축 추천 일치"
A1,A-v2-complex,3-difficulty-final,공격형,1.000,0.150,0.100,1.7,1,50DEB425210D7347,7,2,"Lunge(0)>Attack>Retreat>Attack>DashForward>Attack>MoveLeft>Attack>MoveForward>MoveRight>Attack>DashLeft",0,34.000,6,20,16,10,2.881,4,0.000,True,2.763,6.700,5,180,3499984.000,782.000,-0.670,3500765.000,407.851,259FBE0481F42388,True,2,False,False,""
A1,A-v2-complex,3-difficulty-final,공격형,1.000,0.150,0.100,1.7,1,50DEB425210D7347,7,3,"Lunge(0)>Attack>Retreat>Attack>DashForward>Attack>MoveLeft>Attack>MoveForward>MoveRight>Attack>DashRight",0,34.000,6,20,16,10,0.822,4,0.000,True,-1.356,6.700,6,180,3499979.000,782.000,-0.670,3500760.000,407.851,B2541417EC70E39E,True,3,False,False,""
A1,A-v2-complex,3-difficulty-final,공격형,1.000,0.150,0.100,1.7,1,50DEB425210D7347,8,1,"Lunge(0)>Attack>Retreat>Attack>DashForward>Attack>MoveLeft>Attack>MoveForward>MoveRight>Attack>DashBackward",0,34.000,6,20,16,10,0.695,2,0.000,True,12.389,6.700,5,180,3499985.000,782.000,-0.670,3500766.000,401.543,5D81B03F1D5861F6,True,1,True,False,"Beam 1위와 관측축 추천 일치"
A1,A-v2-complex,3-difficulty-final,공격형,1.000,0.150,0.100,1.7,1,50DEB425210D7347,8,2,"Lunge(0)>Attack>Retreat>Attack>DashForward>Attack>MoveLeft>Attack>MoveForward>MoveRight>Attack>DashLeft",0,34.000,6,20,16,10,2.881,4,0.000,True,2.763,6.700,5,180,3499984.000,782.000,-0.670,3500765.000,401.543,259FBE0481F42388,True,2,False,False,""
A1,A-v2-complex,3-difficulty-final,공격형,1.000,0.150,0.100,1.7,1,50DEB425210D7347,8,3,"Lunge(0)>Attack>Retreat>Attack>DashForward>Attack>MoveLeft>Attack>MoveForward>MoveRight>Attack>DashRight",0,34.000,6,20,16,10,0.822,4,0.000,True,-1.356,6.700,6,180,3499979.000,782.000,-0.670,3500760.000,401.543,B2541417EC70E39E,True,3,False,False,""
A1,A-v2-complex,3-difficulty-final,공격형,1.000,0.150,0.100,1.7,1,50DEB425210D7347,9,1,"Lunge(0)>Attack>Retreat>Attack>DashForward>Attack>MoveLeft>Attack>MoveForward>MoveRight>Attack>DashBackward",0,34.000,6,20,16,10,0.695,2,0.000,True,12.389,6.700,5,180,3499985.000,782.000,-0.670,3500766.000,417.472,5D81B03F1D5861F6,True,1,True,False,"Beam 1위와 관측축 추천 일치"
A1,A-v2-complex,3-difficulty-final,공격형,1.000,0.150,0.100,1.7,1,50DEB425210D7347,9,2,"Lunge(0)>Attack>Retreat>Attack>DashForward>Attack>MoveLeft>Attack>MoveForward>MoveRight>Attack>DashLeft",0,34.000,6,20,16,10,2.881,4,0.000,True,2.763,6.700,5,180,3499984.000,782.000,-0.670,3500765.000,417.472,259FBE0481F42388,True,2,False,False,""
A1,A-v2-complex,3-difficulty-final,공격형,1.000,0.150,0.100,1.7,1,50DEB425210D7347,9,3,"Lunge(0)>Attack>Retreat>Attack>DashForward>Attack>MoveLeft>Attack>MoveForward>MoveRight>Attack>DashRight",0,34.000,6,20,16,10,0.822,4,0.000,True,-1.356,6.700,6,180,3499979.000,782.000,-0.670,3500760.000,417.472,B2541417EC70E39E,True,3,False,False,""
A1,A-v2-complex,3-difficulty-final,공격형,1.000,0.150,0.100,1.7,1,50DEB425210D7347,10,1,"Lunge(0)>Attack>Retreat>Attack>DashForward>Attack>MoveLeft>Attack>MoveForward>MoveRight>Attack>DashBackward",0,34.000,6,20,16,10,0.695,2,0.000,True,12.389,6.700,5,180,3499985.000,782.000,-0.670,3500766.000,412.766,5D81B03F1D5861F6,True,1,True,False,"Beam 1위와 관측축 추천 일치"
A1,A-v2-complex,3-difficulty-final,공격형,1.000,0.150,0.100,1.7,1,50DEB425210D7347,10,2,"Lunge(0)>Attack>Retreat>Attack>DashForward>Attack>MoveLeft>Attack>MoveForward>MoveRight>Attack>DashLeft",0,34.000,6,20,16,10,2.881,4,0.000,True,2.763,6.700,5,180,3499984.000,782.000,-0.670,3500765.000,412.766,259FBE0481F42388,True,2,False,False,""
A1,A-v2-complex,3-difficulty-final,공격형,1.000,0.150,0.100,1.7,1,50DEB425210D7347,10,3,"Lunge(0)>Attack>Retreat>Attack>DashForward>Attack>MoveLeft>Attack>MoveForward>MoveRight>Attack>DashRight",0,34.000,6,20,16,10,0.822,4,0.000,True,-1.356,6.700,6,180,3499979.000,782.000,-0.670,3500760.000,412.766,B2541417EC70E39E,True,3,False,False,""
A2,A-v2-complex,3-difficulty-final,공격형,1.000,0.150,0.100,1.7,1,3F5F709DA48265EF,1,1,"LungeStrike(0)>DashRight>Lunge(5)>Attack>MoveLeft>Attack>MoveRight>Attack>Jump>LungeStrike(3)>DashForward>LungeStrike(1)",0,34.000,7,15,12,5,4.492,1,2.371,False,16.097,12.060,0,180,3500004.000,768.800,-1.206,3500771.000,224.414,BD17176102D6F0C7,True,1,True,False,"Beam 1위와 관측축 추천 일치"
A2,A-v2-complex,3-difficulty-final,공격형,1.000,0.150,0.100,1.7,1,3F5F709DA48265EF,1,2,"LungeStrike(0)>DashRight>Lunge(5)>Attack>MoveLeft>Attack>Retreat>Attack>DashLeft>LungeStrike(3)>DashBackward>LungeStrike(2)",0,34.000,7,15,12,5,4.373,1,1.942,False,14.570,12.235,0,180,3500004.000,768.800,-1.223,3500771.000,224.414,8595C84EEFCE8815,True,3,False,False,""
A2,A-v2-complex,3-difficulty-final,공격형,1.000,0.150,0.100,1.7,1,3F5F709DA48265EF,1,3,"LungeStrike(0)>DashRight>Lunge(5)>Attack>MoveLeft>Attack>MoveRight>Attack>Jump>LungeStrike(3)>DashBackward>LungeStrike(2)",0,34.000,7,15,12,5,4.263,1,2.408,False,15.750,12.053,0,180,3500004.000,768.800,-1.205,3500771.000,224.414,B53DFA90FBF6657F,True,2,False,False,""
A2,A-v2-complex,3-difficulty-final,공격형,1.000,0.150,0.100,1.7,1,3F5F709DA48265EF,2,1,"LungeStrike(0)>DashRight>Lunge(5)>Attack>MoveLeft>Attack>MoveRight>Attack>Jump>LungeStrike(3)>DashForward>LungeStrike(1)",0,34.000,7,15,12,5,4.492,1,2.371,False,16.097,12.060,0,180,3500004.000,768.800,-1.206,3500771.000,218.510,BD17176102D6F0C7,True,1,True,False,"Beam 1위와 관측축 추천 일치"
A2,A-v2-complex,3-difficulty-final,공격형,1.000,0.150,0.100,1.7,1,3F5F709DA48265EF,2,2,"LungeStrike(0)>DashRight>Lunge(5)>Attack>MoveLeft>Attack>Retreat>Attack>DashLeft>LungeStrike(3)>DashBackward>LungeStrike(2)",0,34.000,7,15,12,5,4.373,1,1.942,False,14.570,12.235,0,180,3500004.000,768.800,-1.223,3500771.000,218.510,8595C84EEFCE8815,True,3,False,False,""
A2,A-v2-complex,3-difficulty-final,공격형,1.000,0.150,0.100,1.7,1,3F5F709DA48265EF,2,3,"LungeStrike(0)>DashRight>Lunge(5)>Attack>MoveLeft>Attack>MoveRight>Attack>Jump>LungeStrike(3)>DashBackward>LungeStrike(2)",0,34.000,7,15,12,5,4.263,1,2.408,False,15.750,12.053,0,180,3500004.000,768.800,-1.205,3500771.000,218.510,B53DFA90FBF6657F,True,2,False,False,""
A2,A-v2-complex,3-difficulty-final,공격형,1.000,0.150,0.100,1.7,1,3F5F709DA48265EF,3,1,"LungeStrike(0)>DashRight>Lunge(5)>Attack>MoveLeft>Attack>MoveRight>Attack>Jump>LungeStrike(3)>DashForward>LungeStrike(1)",0,34.000,7,15,12,5,4.492,1,2.371,False,16.097,12.060,0,180,3500004.000,768.800,-1.206,3500771.000,215.963,BD17176102D6F0C7,True,1,True,False,"Beam 1위와 관측축 추천 일치"
A2,A-v2-complex,3-difficulty-final,공격형,1.000,0.150,0.100,1.7,1,3F5F709DA48265EF,3,2,"LungeStrike(0)>DashRight>Lunge(5)>Attack>MoveLeft>Attack>Retreat>Attack>DashLeft>LungeStrike(3)>DashBackward>LungeStrike(2)",0,34.000,7,15,12,5,4.373,1,1.942,False,14.570,12.235,0,180,3500004.000,768.800,-1.223,3500771.000,215.963,8595C84EEFCE8815,True,3,False,False,""
A2,A-v2-complex,3-difficulty-final,공격형,1.000,0.150,0.100,1.7,1,3F5F709DA48265EF,3,3,"LungeStrike(0)>DashRight>Lunge(5)>Attack>MoveLeft>Attack>MoveRight>Attack>Jump>LungeStrike(3)>DashBackward>LungeStrike(2)",0,34.000,7,15,12,5,4.263,1,2.408,False,15.750,12.053,0,180,3500004.000,768.800,-1.205,3500771.000,215.963,B53DFA90FBF6657F,True,2,False,False,""
A2,A-v2-complex,3-difficulty-final,공격형,1.000,0.150,0.100,1.7,1,3F5F709DA48265EF,4,1,"LungeStrike(0)>DashRight>Lunge(5)>Attack>MoveLeft>Attack>MoveRight>Attack>Jump>LungeStrike(3)>DashForward>LungeStrike(1)",0,34.000,7,15,12,5,4.492,1,2.371,False,16.097,12.060,0,180,3500004.000,768.800,-1.206,3500771.000,204.968,BD17176102D6F0C7,True,1,True,False,"Beam 1위와 관측축 추천 일치"
A2,A-v2-complex,3-difficulty-final,공격형,1.000,0.150,0.100,1.7,1,3F5F709DA48265EF,4,2,"LungeStrike(0)>DashRight>Lunge(5)>Attack>MoveLeft>Attack>Retreat>Attack>DashLeft>LungeStrike(3)>DashBackward>LungeStrike(2)",0,34.000,7,15,12,5,4.373,1,1.942,False,14.570,12.235,0,180,3500004.000,768.800,-1.223,3500771.000,204.968,8595C84EEFCE8815,True,3,False,False,""
A2,A-v2-complex,3-difficulty-final,공격형,1.000,0.150,0.100,1.7,1,3F5F709DA48265EF,4,3,"LungeStrike(0)>DashRight>Lunge(5)>Attack>MoveLeft>Attack>MoveRight>Attack>Jump>LungeStrike(3)>DashBackward>LungeStrike(2)",0,34.000,7,15,12,5,4.263,1,2.408,False,15.750,12.053,0,180,3500004.000,768.800,-1.205,3500771.000,204.968,B53DFA90FBF6657F,True,2,False,False,""
A2,A-v2-complex,3-difficulty-final,공격형,1.000,0.150,0.100,1.7,1,3F5F709DA48265EF,5,1,"LungeStrike(0)>DashRight>Lunge(5)>Attack>MoveLeft>Attack>MoveRight>Attack>Jump>LungeStrike(3)>DashForward>LungeStrike(1)",0,34.000,7,15,12,5,4.492,1,2.371,False,16.097,12.060,0,180,3500004.000,768.800,-1.206,3500771.000,218.786,BD17176102D6F0C7,True,1,True,False,"Beam 1위와 관측축 추천 일치"
A2,A-v2-complex,3-difficulty-final,공격형,1.000,0.150,0.100,1.7,1,3F5F709DA48265EF,5,2,"LungeStrike(0)>DashRight>Lunge(5)>Attack>MoveLeft>Attack>Retreat>Attack>DashLeft>LungeStrike(3)>DashBackward>LungeStrike(2)",0,34.000,7,15,12,5,4.373,1,1.942,False,14.570,12.235,0,180,3500004.000,768.800,-1.223,3500771.000,218.786,8595C84EEFCE8815,True,3,False,False,""
A2,A-v2-complex,3-difficulty-final,공격형,1.000,0.150,0.100,1.7,1,3F5F709DA48265EF,5,3,"LungeStrike(0)>DashRight>Lunge(5)>Attack>MoveLeft>Attack>MoveRight>Attack>Jump>LungeStrike(3)>DashBackward>LungeStrike(2)",0,34.000,7,15,12,5,4.263,1,2.408,False,15.750,12.053,0,180,3500004.000,768.800,-1.205,3500771.000,218.786,B53DFA90FBF6657F,True,2,False,False,""
A2,A-v2-complex,3-difficulty-final,공격형,1.000,0.150,0.100,1.7,1,3F5F709DA48265EF,6,1,"LungeStrike(0)>DashRight>Lunge(5)>Attack>MoveLeft>Attack>MoveRight>Attack>Jump>LungeStrike(3)>DashForward>LungeStrike(1)",0,34.000,7,15,12,5,4.492,1,2.371,False,16.097,12.060,0,180,3500004.000,768.800,-1.206,3500771.000,205.824,BD17176102D6F0C7,True,1,True,False,"Beam 1위와 관측축 추천 일치"
A2,A-v2-complex,3-difficulty-final,공격형,1.000,0.150,0.100,1.7,1,3F5F709DA48265EF,6,2,"LungeStrike(0)>DashRight>Lunge(5)>Attack>MoveLeft>Attack>Retreat>Attack>DashLeft>LungeStrike(3)>DashBackward>LungeStrike(2)",0,34.000,7,15,12,5,4.373,1,1.942,False,14.570,12.235,0,180,3500004.000,768.800,-1.223,3500771.000,205.824,8595C84EEFCE8815,True,3,False,False,""
A2,A-v2-complex,3-difficulty-final,공격형,1.000,0.150,0.100,1.7,1,3F5F709DA48265EF,6,3,"LungeStrike(0)>DashRight>Lunge(5)>Attack>MoveLeft>Attack>MoveRight>Attack>Jump>LungeStrike(3)>DashBackward>LungeStrike(2)",0,34.000,7,15,12,5,4.263,1,2.408,False,15.750,12.053,0,180,3500004.000,768.800,-1.205,3500771.000,205.824,B53DFA90FBF6657F,True,2,False,False,""
A2,A-v2-complex,3-difficulty-final,공격형,1.000,0.150,0.100,1.7,1,3F5F709DA48265EF,7,1,"LungeStrike(0)>DashRight>Lunge(5)>Attack>MoveLeft>Attack>MoveRight>Attack>Jump>LungeStrike(3)>DashForward>LungeStrike(1)",0,34.000,7,15,12,5,4.492,1,2.371,False,16.097,12.060,0,180,3500004.000,768.800,-1.206,3500771.000,239.846,BD17176102D6F0C7,True,1,True,False,"Beam 1위와 관측축 추천 일치"
A2,A-v2-complex,3-difficulty-final,공격형,1.000,0.150,0.100,1.7,1,3F5F709DA48265EF,7,2,"LungeStrike(0)>DashRight>Lunge(5)>Attack>MoveLeft>Attack>Retreat>Attack>DashLeft>LungeStrike(3)>DashBackward>LungeStrike(2)",0,34.000,7,15,12,5,4.373,1,1.942,False,14.570,12.235,0,180,3500004.000,768.800,-1.223,3500771.000,239.846,8595C84EEFCE8815,True,3,False,False,""
A2,A-v2-complex,3-difficulty-final,공격형,1.000,0.150,0.100,1.7,1,3F5F709DA48265EF,7,3,"LungeStrike(0)>DashRight>Lunge(5)>Attack>MoveLeft>Attack>MoveRight>Attack>Jump>LungeStrike(3)>DashBackward>LungeStrike(2)",0,34.000,7,15,12,5,4.263,1,2.408,False,15.750,12.053,0,180,3500004.000,768.800,-1.205,3500771.000,239.846,B53DFA90FBF6657F,True,2,False,False,""
A2,A-v2-complex,3-difficulty-final,공격형,1.000,0.150,0.100,1.7,1,3F5F709DA48265EF,8,1,"LungeStrike(0)>DashRight>Lunge(5)>Attack>MoveLeft>Attack>MoveRight>Attack>Jump>LungeStrike(3)>DashForward>LungeStrike(1)",0,34.000,7,15,12,5,4.492,1,2.371,False,16.097,12.060,0,180,3500004.000,768.800,-1.206,3500771.000,212.638,BD17176102D6F0C7,True,1,True,False,"Beam 1위와 관측축 추천 일치"
A2,A-v2-complex,3-difficulty-final,공격형,1.000,0.150,0.100,1.7,1,3F5F709DA48265EF,8,2,"LungeStrike(0)>DashRight>Lunge(5)>Attack>MoveLeft>Attack>Retreat>Attack>DashLeft>LungeStrike(3)>DashBackward>LungeStrike(2)",0,34.000,7,15,12,5,4.373,1,1.942,False,14.570,12.235,0,180,3500004.000,768.800,-1.223,3500771.000,212.638,8595C84EEFCE8815,True,3,False,False,""
A2,A-v2-complex,3-difficulty-final,공격형,1.000,0.150,0.100,1.7,1,3F5F709DA48265EF,8,3,"LungeStrike(0)>DashRight>Lunge(5)>Attack>MoveLeft>Attack>MoveRight>Attack>Jump>LungeStrike(3)>DashBackward>LungeStrike(2)",0,34.000,7,15,12,5,4.263,1,2.408,False,15.750,12.053,0,180,3500004.000,768.800,-1.205,3500771.000,212.638,B53DFA90FBF6657F,True,2,False,False,""
A2,A-v2-complex,3-difficulty-final,공격형,1.000,0.150,0.100,1.7,1,3F5F709DA48265EF,9,1,"LungeStrike(0)>DashRight>Lunge(5)>Attack>MoveLeft>Attack>MoveRight>Attack>Jump>LungeStrike(3)>DashForward>LungeStrike(1)",0,34.000,7,15,12,5,4.492,1,2.371,False,16.097,12.060,0,180,3500004.000,768.800,-1.206,3500771.000,215.181,BD17176102D6F0C7,True,1,True,False,"Beam 1위와 관측축 추천 일치"
A2,A-v2-complex,3-difficulty-final,공격형,1.000,0.150,0.100,1.7,1,3F5F709DA48265EF,9,2,"LungeStrike(0)>DashRight>Lunge(5)>Attack>MoveLeft>Attack>Retreat>Attack>DashLeft>LungeStrike(3)>DashBackward>LungeStrike(2)",0,34.000,7,15,12,5,4.373,1,1.942,False,14.570,12.235,0,180,3500004.000,768.800,-1.223,3500771.000,215.181,8595C84EEFCE8815,True,3,False,False,""
A2,A-v2-complex,3-difficulty-final,공격형,1.000,0.150,0.100,1.7,1,3F5F709DA48265EF,9,3,"LungeStrike(0)>DashRight>Lunge(5)>Attack>MoveLeft>Attack>MoveRight>Attack>Jump>LungeStrike(3)>DashBackward>LungeStrike(2)",0,34.000,7,15,12,5,4.263,1,2.408,False,15.750,12.053,0,180,3500004.000,768.800,-1.205,3500771.000,215.181,B53DFA90FBF6657F,True,2,False,False,""
A2,A-v2-complex,3-difficulty-final,공격형,1.000,0.150,0.100,1.7,1,3F5F709DA48265EF,10,1,"LungeStrike(0)>DashRight>Lunge(5)>Attack>MoveLeft>Attack>MoveRight>Attack>Jump>LungeStrike(3)>DashForward>LungeStrike(1)",0,34.000,7,15,12,5,4.492,1,2.371,False,16.097,12.060,0,180,3500004.000,768.800,-1.206,3500771.000,212.691,BD17176102D6F0C7,True,1,True,False,"Beam 1위와 관측축 추천 일치"
A2,A-v2-complex,3-difficulty-final,공격형,1.000,0.150,0.100,1.7,1,3F5F709DA48265EF,10,2,"LungeStrike(0)>DashRight>Lunge(5)>Attack>MoveLeft>Attack>Retreat>Attack>DashLeft>LungeStrike(3)>DashBackward>LungeStrike(2)",0,34.000,7,15,12,5,4.373,1,1.942,False,14.570,12.235,0,180,3500004.000,768.800,-1.223,3500771.000,212.691,8595C84EEFCE8815,True,3,False,False,""
A2,A-v2-complex,3-difficulty-final,공격형,1.000,0.150,0.100,1.7,1,3F5F709DA48265EF,10,3,"LungeStrike(0)>DashRight>Lunge(5)>Attack>MoveLeft>Attack>MoveRight>Attack>Jump>LungeStrike(3)>DashBackward>LungeStrike(2)",0,34.000,7,15,12,5,4.263,1,2.408,False,15.750,12.053,0,180,3500004.000,768.800,-1.205,3500771.000,212.691,B53DFA90FBF6657F,True,2,False,False,""
A3,A-v2-complex,3-difficulty-final,공격형,1.000,0.150,0.100,1.7,1,01880BEA0D35E61C,1,1,"Attack>DashForward>Attack>MoveLeft>Attack>MoveForward>Lunge(2)>Attack>MoveRight>Attack>Retreat>Attack",0,29.000,9,16,14,6,3.663,2,0.000,False,10.327,6.215,1,180,3499999.000,904.600,-0.621,3500903.000,239.287,A0CA6604C4776456,True,1,True,False,"Beam 1위와 관측축 추천 일치"
A3,A-v2-complex,3-difficulty-final,공격형,1.000,0.150,0.100,1.7,1,01880BEA0D35E61C,1,2,"Attack>DashForward>Attack>MoveLeft>Attack>MoveForward>Lunge(2)>Attack>MoveRight>Attack>DashBackward>Lunge(6)",0,29.000,9,16,14,6,3.481,2,0.000,False,9.961,7.922,1,180,3499999.000,904.600,-0.792,3500903.000,239.287,B3AA95B991B533C7,True,2,False,False,""
A3,A-v2-complex,3-difficulty-final,공격형,1.000,0.150,0.100,1.7,1,01880BEA0D35E61C,1,3,"Attack>DashForward>Attack>MoveLeft>Attack>MoveForward>Lunge(2)>Attack>MoveRight>Attack>DashRight>Lunge(6)",0,29.000,9,16,14,6,3.460,1,0.000,False,9.919,7.668,1,180,3499999.000,904.600,-0.767,3500903.000,239.287,233E281119EBE4C4,True,3,False,False,""
A3,A-v2-complex,3-difficulty-final,공격형,1.000,0.150,0.100,1.7,1,01880BEA0D35E61C,2,1,"Attack>DashForward>Attack>MoveLeft>Attack>MoveForward>Lunge(2)>Attack>MoveRight>Attack>Retreat>Attack",0,29.000,9,16,14,6,3.663,2,0.000,False,10.327,6.215,1,180,3499999.000,904.600,-0.621,3500903.000,322.608,A0CA6604C4776456,True,1,True,False,"Beam 1위와 관측축 추천 일치"
A3,A-v2-complex,3-difficulty-final,공격형,1.000,0.150,0.100,1.7,1,01880BEA0D35E61C,2,2,"Attack>DashForward>Attack>MoveLeft>Attack>MoveForward>Lunge(2)>Attack>MoveRight>Attack>DashBackward>Lunge(6)",0,29.000,9,16,14,6,3.481,2,0.000,False,9.961,7.922,1,180,3499999.000,904.600,-0.792,3500903.000,322.608,B3AA95B991B533C7,True,2,False,False,""
A3,A-v2-complex,3-difficulty-final,공격형,1.000,0.150,0.100,1.7,1,01880BEA0D35E61C,2,3,"Attack>DashForward>Attack>MoveLeft>Attack>MoveForward>Lunge(2)>Attack>MoveRight>Attack>DashRight>Lunge(6)",0,29.000,9,16,14,6,3.460,1,0.000,False,9.919,7.668,1,180,3499999.000,904.600,-0.767,3500903.000,322.608,233E281119EBE4C4,True,3,False,False,""
A3,A-v2-complex,3-difficulty-final,공격형,1.000,0.150,0.100,1.7,1,01880BEA0D35E61C,3,1,"Attack>DashForward>Attack>MoveLeft>Attack>MoveForward>Lunge(2)>Attack>MoveRight>Attack>Retreat>Attack",0,29.000,9,16,14,6,3.663,2,0.000,False,10.327,6.215,1,180,3499999.000,904.600,-0.621,3500903.000,239.142,A0CA6604C4776456,True,1,True,False,"Beam 1위와 관측축 추천 일치"
A3,A-v2-complex,3-difficulty-final,공격형,1.000,0.150,0.100,1.7,1,01880BEA0D35E61C,3,2,"Attack>DashForward>Attack>MoveLeft>Attack>MoveForward>Lunge(2)>Attack>MoveRight>Attack>DashBackward>Lunge(6)",0,29.000,9,16,14,6,3.481,2,0.000,False,9.961,7.922,1,180,3499999.000,904.600,-0.792,3500903.000,239.142,B3AA95B991B533C7,True,2,False,False,""
A3,A-v2-complex,3-difficulty-final,공격형,1.000,0.150,0.100,1.7,1,01880BEA0D35E61C,3,3,"Attack>DashForward>Attack>MoveLeft>Attack>MoveForward>Lunge(2)>Attack>MoveRight>Attack>DashRight>Lunge(6)",0,29.000,9,16,14,6,3.460,1,0.000,False,9.919,7.668,1,180,3499999.000,904.600,-0.767,3500903.000,239.142,233E281119EBE4C4,True,3,False,False,""
A3,A-v2-complex,3-difficulty-final,공격형,1.000,0.150,0.100,1.7,1,01880BEA0D35E61C,4,1,"Attack>DashForward>Attack>MoveLeft>Attack>MoveForward>Lunge(2)>Attack>MoveRight>Attack>Retreat>Attack",0,29.000,9,16,14,6,3.663,2,0.000,False,10.327,6.215,1,180,3499999.000,904.600,-0.621,3500903.000,240.714,A0CA6604C4776456,True,1,True,False,"Beam 1위와 관측축 추천 일치"
A3,A-v2-complex,3-difficulty-final,공격형,1.000,0.150,0.100,1.7,1,01880BEA0D35E61C,4,2,"Attack>DashForward>Attack>MoveLeft>Attack>MoveForward>Lunge(2)>Attack>MoveRight>Attack>DashBackward>Lunge(6)",0,29.000,9,16,14,6,3.481,2,0.000,False,9.961,7.922,1,180,3499999.000,904.600,-0.792,3500903.000,240.714,B3AA95B991B533C7,True,2,False,False,""
A3,A-v2-complex,3-difficulty-final,공격형,1.000,0.150,0.100,1.7,1,01880BEA0D35E61C,4,3,"Attack>DashForward>Attack>MoveLeft>Attack>MoveForward>Lunge(2)>Attack>MoveRight>Attack>DashRight>Lunge(6)",0,29.000,9,16,14,6,3.460,1,0.000,False,9.919,7.668,1,180,3499999.000,904.600,-0.767,3500903.000,240.714,233E281119EBE4C4,True,3,False,False,""
A3,A-v2-complex,3-difficulty-final,공격형,1.000,0.150,0.100,1.7,1,01880BEA0D35E61C,5,1,"Attack>DashForward>Attack>MoveLeft>Attack>MoveForward>Lunge(2)>Attack>MoveRight>Attack>Retreat>Attack",0,29.000,9,16,14,6,3.663,2,0.000,False,10.327,6.215,1,180,3499999.000,904.600,-0.621,3500903.000,236.371,A0CA6604C4776456,True,1,True,False,"Beam 1위와 관측축 추천 일치"
A3,A-v2-complex,3-difficulty-final,공격형,1.000,0.150,0.100,1.7,1,01880BEA0D35E61C,5,2,"Attack>DashForward>Attack>MoveLeft>Attack>MoveForward>Lunge(2)>Attack>MoveRight>Attack>DashBackward>Lunge(6)",0,29.000,9,16,14,6,3.481,2,0.000,False,9.961,7.922,1,180,3499999.000,904.600,-0.792,3500903.000,236.371,B3AA95B991B533C7,True,2,False,False,""
A3,A-v2-complex,3-difficulty-final,공격형,1.000,0.150,0.100,1.7,1,01880BEA0D35E61C,5,3,"Attack>DashForward>Attack>MoveLeft>Attack>MoveForward>Lunge(2)>Attack>MoveRight>Attack>DashRight>Lunge(6)",0,29.000,9,16,14,6,3.460,1,0.000,False,9.919,7.668,1,180,3499999.000,904.600,-0.767,3500903.000,236.371,233E281119EBE4C4,True,3,False,False,""
A3,A-v2-complex,3-difficulty-final,공격형,1.000,0.150,0.100,1.7,1,01880BEA0D35E61C,6,1,"Attack>DashForward>Attack>MoveLeft>Attack>MoveForward>Lunge(2)>Attack>MoveRight>Attack>Retreat>Attack",0,29.000,9,16,14,6,3.663,2,0.000,False,10.327,6.215,1,180,3499999.000,904.600,-0.621,3500903.000,259.896,A0CA6604C4776456,True,1,True,False,"Beam 1위와 관측축 추천 일치"
A3,A-v2-complex,3-difficulty-final,공격형,1.000,0.150,0.100,1.7,1,01880BEA0D35E61C,6,2,"Attack>DashForward>Attack>MoveLeft>Attack>MoveForward>Lunge(2)>Attack>MoveRight>Attack>DashBackward>Lunge(6)",0,29.000,9,16,14,6,3.481,2,0.000,False,9.961,7.922,1,180,3499999.000,904.600,-0.792,3500903.000,259.896,B3AA95B991B533C7,True,2,False,False,""
A3,A-v2-complex,3-difficulty-final,공격형,1.000,0.150,0.100,1.7,1,01880BEA0D35E61C,6,3,"Attack>DashForward>Attack>MoveLeft>Attack>MoveForward>Lunge(2)>Attack>MoveRight>Attack>DashRight>Lunge(6)",0,29.000,9,16,14,6,3.460,1,0.000,False,9.919,7.668,1,180,3499999.000,904.600,-0.767,3500903.000,259.896,233E281119EBE4C4,True,3,False,False,""
A3,A-v2-complex,3-difficulty-final,공격형,1.000,0.150,0.100,1.7,1,01880BEA0D35E61C,7,1,"Attack>DashForward>Attack>MoveLeft>Attack>MoveForward>Lunge(2)>Attack>MoveRight>Attack>Retreat>Attack",0,29.000,9,16,14,6,3.663,2,0.000,False,10.327,6.215,1,180,3499999.000,904.600,-0.621,3500903.000,243.532,A0CA6604C4776456,True,1,True,False,"Beam 1위와 관측축 추천 일치"
A3,A-v2-complex,3-difficulty-final,공격형,1.000,0.150,0.100,1.7,1,01880BEA0D35E61C,7,2,"Attack>DashForward>Attack>MoveLeft>Attack>MoveForward>Lunge(2)>Attack>MoveRight>Attack>DashBackward>Lunge(6)",0,29.000,9,16,14,6,3.481,2,0.000,False,9.961,7.922,1,180,3499999.000,904.600,-0.792,3500903.000,243.532,B3AA95B991B533C7,True,2,False,False,""
A3,A-v2-complex,3-difficulty-final,공격형,1.000,0.150,0.100,1.7,1,01880BEA0D35E61C,7,3,"Attack>DashForward>Attack>MoveLeft>Attack>MoveForward>Lunge(2)>Attack>MoveRight>Attack>DashRight>Lunge(6)",0,29.000,9,16,14,6,3.460,1,0.000,False,9.919,7.668,1,180,3499999.000,904.600,-0.767,3500903.000,243.532,233E281119EBE4C4,True,3,False,False,""
A3,A-v2-complex,3-difficulty-final,공격형,1.000,0.150,0.100,1.7,1,01880BEA0D35E61C,8,1,"Attack>DashForward>Attack>MoveLeft>Attack>MoveForward>Lunge(2)>Attack>MoveRight>Attack>Retreat>Attack",0,29.000,9,16,14,6,3.663,2,0.000,False,10.327,6.215,1,180,3499999.000,904.600,-0.621,3500903.000,237.852,A0CA6604C4776456,True,1,True,False,"Beam 1위와 관측축 추천 일치"
A3,A-v2-complex,3-difficulty-final,공격형,1.000,0.150,0.100,1.7,1,01880BEA0D35E61C,8,2,"Attack>DashForward>Attack>MoveLeft>Attack>MoveForward>Lunge(2)>Attack>MoveRight>Attack>DashBackward>Lunge(6)",0,29.000,9,16,14,6,3.481,2,0.000,False,9.961,7.922,1,180,3499999.000,904.600,-0.792,3500903.000,237.852,B3AA95B991B533C7,True,2,False,False,""
A3,A-v2-complex,3-difficulty-final,공격형,1.000,0.150,0.100,1.7,1,01880BEA0D35E61C,8,3,"Attack>DashForward>Attack>MoveLeft>Attack>MoveForward>Lunge(2)>Attack>MoveRight>Attack>DashRight>Lunge(6)",0,29.000,9,16,14,6,3.460,1,0.000,False,9.919,7.668,1,180,3499999.000,904.600,-0.767,3500903.000,237.852,233E281119EBE4C4,True,3,False,False,""
A3,A-v2-complex,3-difficulty-final,공격형,1.000,0.150,0.100,1.7,1,01880BEA0D35E61C,9,1,"Attack>DashForward>Attack>MoveLeft>Attack>MoveForward>Lunge(2)>Attack>MoveRight>Attack>Retreat>Attack",0,29.000,9,16,14,6,3.663,2,0.000,False,10.327,6.215,1,180,3499999.000,904.600,-0.621,3500903.000,259.418,A0CA6604C4776456,True,1,True,False,"Beam 1위와 관측축 추천 일치"
A3,A-v2-complex,3-difficulty-final,공격형,1.000,0.150,0.100,1.7,1,01880BEA0D35E61C,9,2,"Attack>DashForward>Attack>MoveLeft>Attack>MoveForward>Lunge(2)>Attack>MoveRight>Attack>DashBackward>Lunge(6)",0,29.000,9,16,14,6,3.481,2,0.000,False,9.961,7.922,1,180,3499999.000,904.600,-0.792,3500903.000,259.418,B3AA95B991B533C7,True,2,False,False,""
A3,A-v2-complex,3-difficulty-final,공격형,1.000,0.150,0.100,1.7,1,01880BEA0D35E61C,9,3,"Attack>DashForward>Attack>MoveLeft>Attack>MoveForward>Lunge(2)>Attack>MoveRight>Attack>DashRight>Lunge(6)",0,29.000,9,16,14,6,3.460,1,0.000,False,9.919,7.668,1,180,3499999.000,904.600,-0.767,3500903.000,259.418,233E281119EBE4C4,True,3,False,False,""
A3,A-v2-complex,3-difficulty-final,공격형,1.000,0.150,0.100,1.7,1,01880BEA0D35E61C,10,1,"Attack>DashForward>Attack>MoveLeft>Attack>MoveForward>Lunge(2)>Attack>MoveRight>Attack>Retreat>Attack",0,29.000,9,16,14,6,3.663,2,0.000,False,10.327,6.215,1,180,3499999.000,904.600,-0.621,3500903.000,232.186,A0CA6604C4776456,True,1,True,False,"Beam 1위와 관측축 추천 일치"
A3,A-v2-complex,3-difficulty-final,공격형,1.000,0.150,0.100,1.7,1,01880BEA0D35E61C,10,2,"Attack>DashForward>Attack>MoveLeft>Attack>MoveForward>Lunge(2)>Attack>MoveRight>Attack>DashBackward>Lunge(6)",0,29.000,9,16,14,6,3.481,2,0.000,False,9.961,7.922,1,180,3499999.000,904.600,-0.792,3500903.000,232.186,B3AA95B991B533C7,True,2,False,False,""
A3,A-v2-complex,3-difficulty-final,공격형,1.000,0.150,0.100,1.7,1,01880BEA0D35E61C,10,3,"Attack>DashForward>Attack>MoveLeft>Attack>MoveForward>Lunge(2)>Attack>MoveRight>Attack>DashRight>Lunge(6)",0,29.000,9,16,14,6,3.460,1,0.000,False,9.919,7.668,1,180,3499999.000,904.600,-0.767,3500903.000,232.186,233E281119EBE4C4,True,3,False,False,""
A4,A-v2-complex,3-difficulty-final,공격형,1.000,0.150,0.100,1.7,1,62F6E9F8D1F2129D,1,1,"Attack>DashForward>Attack>MoveLeft>Attack>DashForward>LungeStrike(17)>DashLeft>Lunge(9)>Attack>MoveLeft>Lunge(10)",1,29.000,9,17,18,9,3.440,3,0.000,True,10.880,10.087,3,180,3499969.000,922.200,-1.009,3500890.000,402.106,84AF7D16C319FC53,True,2,False,True,""
A4,A-v2-complex,3-difficulty-final,공격형,1.000,0.150,0.100,1.7,1,62F6E9F8D1F2129D,1,2,"Attack>DashForward>Attack>MoveLeft>Attack>DashForward>LungeStrike(17)>DashLeft>Lunge(9)>Attack>MoveLeft>Attack",1,29.000,9,17,18,9,3.476,3,0.000,False,2.952,9.355,3,180,3499967.000,922.200,-0.935,3500889.000,402.106,EE9534D8EAD61921,True,3,False,True,""
A4,A-v2-complex,3-difficulty-final,공격형,1.000,0.150,0.100,1.7,1,62F6E9F8D1F2129D,1,3,"Attack>DashForward>Attack>MoveLeft>Attack>DashForward>LungeStrike(17)>DashLeft>Lunge(9)>Attack>DashBackward>Lunge(10)",1,29.000,9,17,18,9,5.410,0,0.000,True,21.819,10.805,3,180,3499953.000,922.200,-1.080,3500874.000,402.106,FB646DB73DF7B674,True,1,True,True,"종료 위치 품질 우세"
A4,A-v2-complex,3-difficulty-final,공격형,1.000,0.150,0.100,1.7,1,62F6E9F8D1F2129D,2,1,"Attack>DashForward>Attack>MoveLeft>Attack>DashForward>LungeStrike(17)>DashLeft>Lunge(9)>Attack>MoveLeft>Lunge(10)",1,29.000,9,17,18,9,3.440,3,0.000,True,10.880,10.087,3,180,3499969.000,922.200,-1.009,3500890.000,412.908,84AF7D16C319FC53,True,2,False,True,""
A4,A-v2-complex,3-difficulty-final,공격형,1.000,0.150,0.100,1.7,1,62F6E9F8D1F2129D,2,2,"Attack>DashForward>Attack>MoveLeft>Attack>DashForward>LungeStrike(17)>DashLeft>Lunge(9)>Attack>MoveLeft>Attack",1,29.000,9,17,18,9,3.476,3,0.000,False,2.952,9.355,3,180,3499967.000,922.200,-0.935,3500889.000,412.908,EE9534D8EAD61921,True,3,False,True,""
A4,A-v2-complex,3-difficulty-final,공격형,1.000,0.150,0.100,1.7,1,62F6E9F8D1F2129D,2,3,"Attack>DashForward>Attack>MoveLeft>Attack>DashForward>LungeStrike(17)>DashLeft>Lunge(9)>Attack>DashBackward>Lunge(10)",1,29.000,9,17,18,9,5.410,0,0.000,True,21.819,10.805,3,180,3499953.000,922.200,-1.080,3500874.000,412.908,FB646DB73DF7B674,True,1,True,True,"종료 위치 품질 우세"
A4,A-v2-complex,3-difficulty-final,공격형,1.000,0.150,0.100,1.7,1,62F6E9F8D1F2129D,3,1,"Attack>DashForward>Attack>MoveLeft>Attack>DashForward>LungeStrike(17)>DashLeft>Lunge(9)>Attack>MoveLeft>Lunge(10)",1,29.000,9,17,18,9,3.440,3,0.000,True,10.880,10.087,3,180,3499969.000,922.200,-1.009,3500890.000,405.647,84AF7D16C319FC53,True,2,False,True,""
A4,A-v2-complex,3-difficulty-final,공격형,1.000,0.150,0.100,1.7,1,62F6E9F8D1F2129D,3,2,"Attack>DashForward>Attack>MoveLeft>Attack>DashForward>LungeStrike(17)>DashLeft>Lunge(9)>Attack>MoveLeft>Attack",1,29.000,9,17,18,9,3.476,3,0.000,False,2.952,9.355,3,180,3499967.000,922.200,-0.935,3500889.000,405.647,EE9534D8EAD61921,True,3,False,True,""
A4,A-v2-complex,3-difficulty-final,공격형,1.000,0.150,0.100,1.7,1,62F6E9F8D1F2129D,3,3,"Attack>DashForward>Attack>MoveLeft>Attack>DashForward>LungeStrike(17)>DashLeft>Lunge(9)>Attack>DashBackward>Lunge(10)",1,29.000,9,17,18,9,5.410,0,0.000,True,21.819,10.805,3,180,3499953.000,922.200,-1.080,3500874.000,405.647,FB646DB73DF7B674,True,1,True,True,"종료 위치 품질 우세"
A4,A-v2-complex,3-difficulty-final,공격형,1.000,0.150,0.100,1.7,1,62F6E9F8D1F2129D,4,1,"Attack>DashForward>Attack>MoveLeft>Attack>DashForward>LungeStrike(17)>DashLeft>Lunge(9)>Attack>MoveLeft>Lunge(10)",1,29.000,9,17,18,9,3.440,3,0.000,True,10.880,10.087,3,180,3499969.000,922.200,-1.009,3500890.000,418.480,84AF7D16C319FC53,True,2,False,True,""
A4,A-v2-complex,3-difficulty-final,공격형,1.000,0.150,0.100,1.7,1,62F6E9F8D1F2129D,4,2,"Attack>DashForward>Attack>MoveLeft>Attack>DashForward>LungeStrike(17)>DashLeft>Lunge(9)>Attack>MoveLeft>Attack",1,29.000,9,17,18,9,3.476,3,0.000,False,2.952,9.355,3,180,3499967.000,922.200,-0.935,3500889.000,418.480,EE9534D8EAD61921,True,3,False,True,""
A4,A-v2-complex,3-difficulty-final,공격형,1.000,0.150,0.100,1.7,1,62F6E9F8D1F2129D,4,3,"Attack>DashForward>Attack>MoveLeft>Attack>DashForward>LungeStrike(17)>DashLeft>Lunge(9)>Attack>DashBackward>Lunge(10)",1,29.000,9,17,18,9,5.410,0,0.000,True,21.819,10.805,3,180,3499953.000,922.200,-1.080,3500874.000,418.480,FB646DB73DF7B674,True,1,True,True,"종료 위치 품질 우세"
A4,A-v2-complex,3-difficulty-final,공격형,1.000,0.150,0.100,1.7,1,62F6E9F8D1F2129D,5,1,"Attack>DashForward>Attack>MoveLeft>Attack>DashForward>LungeStrike(17)>DashLeft>Lunge(9)>Attack>MoveLeft>Lunge(10)",1,29.000,9,17,18,9,3.440,3,0.000,True,10.880,10.087,3,180,3499969.000,922.200,-1.009,3500890.000,405.606,84AF7D16C319FC53,True,2,False,True,""
A4,A-v2-complex,3-difficulty-final,공격형,1.000,0.150,0.100,1.7,1,62F6E9F8D1F2129D,5,2,"Attack>DashForward>Attack>MoveLeft>Attack>DashForward>LungeStrike(17)>DashLeft>Lunge(9)>Attack>MoveLeft>Attack",1,29.000,9,17,18,9,3.476,3,0.000,False,2.952,9.355,3,180,3499967.000,922.200,-0.935,3500889.000,405.606,EE9534D8EAD61921,True,3,False,True,""
A4,A-v2-complex,3-difficulty-final,공격형,1.000,0.150,0.100,1.7,1,62F6E9F8D1F2129D,5,3,"Attack>DashForward>Attack>MoveLeft>Attack>DashForward>LungeStrike(17)>DashLeft>Lunge(9)>Attack>DashBackward>Lunge(10)",1,29.000,9,17,18,9,5.410,0,0.000,True,21.819,10.805,3,180,3499953.000,922.200,-1.080,3500874.000,405.606,FB646DB73DF7B674,True,1,True,True,"종료 위치 품질 우세"
A4,A-v2-complex,3-difficulty-final,공격형,1.000,0.150,0.100,1.7,1,62F6E9F8D1F2129D,6,1,"Attack>DashForward>Attack>MoveLeft>Attack>DashForward>LungeStrike(17)>DashLeft>Lunge(9)>Attack>MoveLeft>Lunge(10)",1,29.000,9,17,18,9,3.440,3,0.000,True,10.880,10.087,3,180,3499969.000,922.200,-1.009,3500890.000,383.180,84AF7D16C319FC53,True,2,False,True,""
A4,A-v2-complex,3-difficulty-final,공격형,1.000,0.150,0.100,1.7,1,62F6E9F8D1F2129D,6,2,"Attack>DashForward>Attack>MoveLeft>Attack>DashForward>LungeStrike(17)>DashLeft>Lunge(9)>Attack>MoveLeft>Attack",1,29.000,9,17,18,9,3.476,3,0.000,False,2.952,9.355,3,180,3499967.000,922.200,-0.935,3500889.000,383.180,EE9534D8EAD61921,True,3,False,True,""
A4,A-v2-complex,3-difficulty-final,공격형,1.000,0.150,0.100,1.7,1,62F6E9F8D1F2129D,6,3,"Attack>DashForward>Attack>MoveLeft>Attack>DashForward>LungeStrike(17)>DashLeft>Lunge(9)>Attack>DashBackward>Lunge(10)",1,29.000,9,17,18,9,5.410,0,0.000,True,21.819,10.805,3,180,3499953.000,922.200,-1.080,3500874.000,383.180,FB646DB73DF7B674,True,1,True,True,"종료 위치 품질 우세"
A4,A-v2-complex,3-difficulty-final,공격형,1.000,0.150,0.100,1.7,1,62F6E9F8D1F2129D,7,1,"Attack>DashForward>Attack>MoveLeft>Attack>DashForward>LungeStrike(17)>DashLeft>Lunge(9)>Attack>MoveLeft>Lunge(10)",1,29.000,9,17,18,9,3.440,3,0.000,True,10.880,10.087,3,180,3499969.000,922.200,-1.009,3500890.000,394.707,84AF7D16C319FC53,True,2,False,True,""
A4,A-v2-complex,3-difficulty-final,공격형,1.000,0.150,0.100,1.7,1,62F6E9F8D1F2129D,7,2,"Attack>DashForward>Attack>MoveLeft>Attack>DashForward>LungeStrike(17)>DashLeft>Lunge(9)>Attack>MoveLeft>Attack",1,29.000,9,17,18,9,3.476,3,0.000,False,2.952,9.355,3,180,3499967.000,922.200,-0.935,3500889.000,394.707,EE9534D8EAD61921,True,3,False,True,""
A4,A-v2-complex,3-difficulty-final,공격형,1.000,0.150,0.100,1.7,1,62F6E9F8D1F2129D,7,3,"Attack>DashForward>Attack>MoveLeft>Attack>DashForward>LungeStrike(17)>DashLeft>Lunge(9)>Attack>DashBackward>Lunge(10)",1,29.000,9,17,18,9,5.410,0,0.000,True,21.819,10.805,3,180,3499953.000,922.200,-1.080,3500874.000,394.707,FB646DB73DF7B674,True,1,True,True,"종료 위치 품질 우세"
A4,A-v2-complex,3-difficulty-final,공격형,1.000,0.150,0.100,1.7,1,62F6E9F8D1F2129D,8,1,"Attack>DashForward>Attack>MoveLeft>Attack>DashForward>LungeStrike(17)>DashLeft>Lunge(9)>Attack>MoveLeft>Lunge(10)",1,29.000,9,17,18,9,3.440,3,0.000,True,10.880,10.087,3,180,3499969.000,922.200,-1.009,3500890.000,388.375,84AF7D16C319FC53,True,2,False,True,""
A4,A-v2-complex,3-difficulty-final,공격형,1.000,0.150,0.100,1.7,1,62F6E9F8D1F2129D,8,2,"Attack>DashForward>Attack>MoveLeft>Attack>DashForward>LungeStrike(17)>DashLeft>Lunge(9)>Attack>MoveLeft>Attack",1,29.000,9,17,18,9,3.476,3,0.000,False,2.952,9.355,3,180,3499967.000,922.200,-0.935,3500889.000,388.375,EE9534D8EAD61921,True,3,False,True,""
A4,A-v2-complex,3-difficulty-final,공격형,1.000,0.150,0.100,1.7,1,62F6E9F8D1F2129D,8,3,"Attack>DashForward>Attack>MoveLeft>Attack>DashForward>LungeStrike(17)>DashLeft>Lunge(9)>Attack>DashBackward>Lunge(10)",1,29.000,9,17,18,9,5.410,0,0.000,True,21.819,10.805,3,180,3499953.000,922.200,-1.080,3500874.000,388.375,FB646DB73DF7B674,True,1,True,True,"종료 위치 품질 우세"
A4,A-v2-complex,3-difficulty-final,공격형,1.000,0.150,0.100,1.7,1,62F6E9F8D1F2129D,9,1,"Attack>DashForward>Attack>MoveLeft>Attack>DashForward>LungeStrike(17)>DashLeft>Lunge(9)>Attack>MoveLeft>Lunge(10)",1,29.000,9,17,18,9,3.440,3,0.000,True,10.880,10.087,3,180,3499969.000,922.200,-1.009,3500890.000,381.334,84AF7D16C319FC53,True,2,False,True,""
A4,A-v2-complex,3-difficulty-final,공격형,1.000,0.150,0.100,1.7,1,62F6E9F8D1F2129D,9,2,"Attack>DashForward>Attack>MoveLeft>Attack>DashForward>LungeStrike(17)>DashLeft>Lunge(9)>Attack>MoveLeft>Attack",1,29.000,9,17,18,9,3.476,3,0.000,False,2.952,9.355,3,180,3499967.000,922.200,-0.935,3500889.000,381.334,EE9534D8EAD61921,True,3,False,True,""
A4,A-v2-complex,3-difficulty-final,공격형,1.000,0.150,0.100,1.7,1,62F6E9F8D1F2129D,9,3,"Attack>DashForward>Attack>MoveLeft>Attack>DashForward>LungeStrike(17)>DashLeft>Lunge(9)>Attack>DashBackward>Lunge(10)",1,29.000,9,17,18,9,5.410,0,0.000,True,21.819,10.805,3,180,3499953.000,922.200,-1.080,3500874.000,381.334,FB646DB73DF7B674,True,1,True,True,"종료 위치 품질 우세"
A4,A-v2-complex,3-difficulty-final,공격형,1.000,0.150,0.100,1.7,1,62F6E9F8D1F2129D,10,1,"Attack>DashForward>Attack>MoveLeft>Attack>DashForward>LungeStrike(17)>DashLeft>Lunge(9)>Attack>MoveLeft>Lunge(10)",1,29.000,9,17,18,9,3.440,3,0.000,True,10.880,10.087,3,180,3499969.000,922.200,-1.009,3500890.000,389.872,84AF7D16C319FC53,True,2,False,True,""
A4,A-v2-complex,3-difficulty-final,공격형,1.000,0.150,0.100,1.7,1,62F6E9F8D1F2129D,10,2,"Attack>DashForward>Attack>MoveLeft>Attack>DashForward>LungeStrike(17)>DashLeft>Lunge(9)>Attack>MoveLeft>Attack",1,29.000,9,17,18,9,3.476,3,0.000,False,2.952,9.355,3,180,3499967.000,922.200,-0.935,3500889.000,389.872,EE9534D8EAD61921,True,3,False,True,""
A4,A-v2-complex,3-difficulty-final,공격형,1.000,0.150,0.100,1.7,1,62F6E9F8D1F2129D,10,3,"Attack>DashForward>Attack>MoveLeft>Attack>DashForward>LungeStrike(17)>DashLeft>Lunge(9)>Attack>DashBackward>Lunge(10)",1,29.000,9,17,18,9,5.410,0,0.000,True,21.819,10.805,3,180,3499953.000,922.200,-1.080,3500874.000,389.872,FB646DB73DF7B674,True,1,True,True,"종료 위치 품질 우세"
