scenarioId,fixtureVersion,weightStage,profile,salientTargetMul,terminalPositionMul,difficultyPenaltyMul,difficultyTerminalOnly,contractVersion,mapVersion,initialSnapshotHash,repetition,candidateRank,actionSequence,salientEnemyId,salientTargetProgress,killCount,damageDealt,initialEnemyCount,finalAliveEnemyCount,terminalNearestEnemyDistance,terminalNearbyEnemyCount,terminalHeightDelta,terminalActionable,terminalPositionQuality,executionDifficulty,expectedHits,durationTicks,safetyScore,killScore,difficultyScore,totalScore,elapsedMs,worldHashAfterReplay,replayValid,auditRank,auditRecommended,auditDiffersFromBeamWinner,auditReason
A1,A-v2-complex,0-baseline,공격형-무가중진단,0.000,0.000,0.000,False,1.9,1,50DEB425210D7347,1,1,"Lunge(0)>Attack>DashForward>Lunge(7)>Attack>DashBackward>Lunge(3)>Attack>MoveRight>Attack>DashForward>Attack",0,34.000,8,20,16,8,1.211,7,0.000,False,-29.577,9.427,0,180,3499998.000,880.000,0.000,3500878.000,482.078,174E838DC2F18B2B,True,1,True,False,"Beam 1위와 관측축 추천 일치"
A1,A-v2-complex,0-baseline,공격형-무가중진단,0.000,0.000,0.000,False,1.9,1,50DEB425210D7347,1,2,"Lunge(0)>Attack>DashForward>Lunge(7)>Attack>DashBackward>Lunge(3)>Attack>MoveRight>Attack>DashLeft>Attack",0,34.000,7,21,16,9,2.186,5,0.000,False,-13.628,9.427,0,180,3500000.000,831.600,0.000,3500832.000,482.078,0E0BAA0CC0A1ACC0,True,2,False,False,""
A1,A-v2-complex,0-baseline,공격형-무가중진단,0.000,0.000,0.000,False,1.9,1,50DEB425210D7347,1,3,"Lunge(0)>Attack>DashForward>Lunge(7)>Attack>DashBackward>Lunge(3)>Attack>MoveRight>Attack>MoveForward>Attack",0,34.000,7,21,16,9,1.271,8,0.000,False,-36.458,8.677,0,180,3499998.000,831.600,0.000,3500829.000,482.078,1456CDCDEF8C4CBA,True,3,False,False,""
A1,A-v2-complex,0-baseline,공격형-무가중진단,0.000,0.000,0.000,False,1.9,1,50DEB425210D7347,2,1,"Lunge(0)>Attack>DashForward>Lunge(7)>Attack>DashBackward>Lunge(3)>Attack>MoveRight>Attack>DashForward>Attack",0,34.000,8,20,16,8,1.211,7,0.000,False,-29.577,9.427,0,180,3499998.000,880.000,0.000,3500878.000,455.578,174E838DC2F18B2B,True,1,True,False,"Beam 1위와 관측축 추천 일치"
A1,A-v2-complex,0-baseline,공격형-무가중진단,0.000,0.000,0.000,False,1.9,1,50DEB425210D7347,2,2,"Lunge(0)>Attack>DashForward>Lunge(7)>Attack>DashBackward>Lunge(3)>Attack>MoveRight>Attack>DashLeft>Attack",0,34.000,7,21,16,9,2.186,5,0.000,False,-13.628,9.427,0,180,3500000.000,831.600,0.000,3500832.000,455.578,0E0BAA0CC0A1ACC0,True,2,False,False,""
A1,A-v2-complex,0-baseline,공격형-무가중진단,0.000,0.000,0.000,False,1.9,1,50DEB425210D7347,2,3,"Lunge(0)>Attack>DashForward>Lunge(7)>Attack>DashBackward>Lunge(3)>Attack>MoveRight>Attack>MoveForward>Attack",0,34.000,7,21,16,9,1.271,8,0.000,False,-36.458,8.677,0,180,3499998.000,831.600,0.000,3500829.000,455.578,1456CDCDEF8C4CBA,True,3,False,False,""
A1,A-v2-complex,0-baseline,공격형-무가중진단,0.000,0.000,0.000,False,1.9,1,50DEB425210D7347,3,1,"Lunge(0)>Attack>DashForward>Lunge(7)>Attack>DashBackward>Lunge(3)>Attack>MoveRight>Attack>DashForward>Attack",0,34.000,8,20,16,8,1.211,7,0.000,False,-29.577,9.427,0,180,3499998.000,880.000,0.000,3500878.000,465.092,174E838DC2F18B2B,True,1,True,False,"Beam 1위와 관측축 추천 일치"
A1,A-v2-complex,0-baseline,공격형-무가중진단,0.000,0.000,0.000,False,1.9,1,50DEB425210D7347,3,2,"Lunge(0)>Attack>DashForward>Lunge(7)>Attack>DashBackward>Lunge(3)>Attack>MoveRight>Attack>DashLeft>Attack",0,34.000,7,21,16,9,2.186,5,0.000,False,-13.628,9.427,0,180,3500000.000,831.600,0.000,3500832.000,465.092,0E0BAA0CC0A1ACC0,True,2,False,False,""
A1,A-v2-complex,0-baseline,공격형-무가중진단,0.000,0.000,0.000,False,1.9,1,50DEB425210D7347,3,3,"Lunge(0)>Attack>DashForward>Lunge(7)>Attack>DashBackward>Lunge(3)>Attack>MoveRight>Attack>MoveForward>Attack",0,34.000,7,21,16,9,1.271,8,0.000,False,-36.458,8.677,0,180,3499998.000,831.600,0.000,3500829.000,465.092,1456CDCDEF8C4CBA,True,3,False,False,""
A1,A-v2-complex,0-baseline,공격형-무가중진단,0.000,0.000,0.000,False,1.9,1,50DEB425210D7347,4,1,"Lunge(0)>Attack>DashForward>Lunge(7)>Attack>DashBackward>Lunge(3)>Attack>MoveRight>Attack>DashForward>Attack",0,34.000,8,20,16,8,1.211,7,0.000,False,-29.577,9.427,0,180,3499998.000,880.000,0.000,3500878.000,447.610,174E838DC2F18B2B,True,1,True,False,"Beam 1위와 관측축 추천 일치"
A1,A-v2-complex,0-baseline,공격형-무가중진단,0.000,0.000,0.000,False,1.9,1,50DEB425210D7347,4,2,"Lunge(0)>Attack>DashForward>Lunge(7)>Attack>DashBackward>Lunge(3)>Attack>MoveRight>Attack>DashLeft>Attack",0,34.000,7,21,16,9,2.186,5,0.000,False,-13.628,9.427,0,180,3500000.000,831.600,0.000,3500832.000,447.610,0E0BAA0CC0A1ACC0,True,2,False,False,""
A1,A-v2-complex,0-baseline,공격형-무가중진단,0.000,0.000,0.000,False,1.9,1,50DEB425210D7347,4,3,"Lunge(0)>Attack>DashForward>Lunge(7)>Attack>DashBackward>Lunge(3)>Attack>MoveRight>Attack>MoveForward>Attack",0,34.000,7,21,16,9,1.271,8,0.000,False,-36.458,8.677,0,180,3499998.000,831.600,0.000,3500829.000,447.610,1456CDCDEF8C4CBA,True,3,False,False,""
A1,A-v2-complex,0-baseline,공격형-무가중진단,0.000,0.000,0.000,False,1.9,1,50DEB425210D7347,5,1,"Lunge(0)>Attack>DashForward>Lunge(7)>Attack>DashBackward>Lunge(3)>Attack>MoveRight>Attack>DashForward>Attack",0,34.000,8,20,16,8,1.211,7,0.000,False,-29.577,9.427,0,180,3499998.000,880.000,0.000,3500878.000,454.978,174E838DC2F18B2B,True,1,True,False,"Beam 1위와 관측축 추천 일치"
A1,A-v2-complex,0-baseline,공격형-무가중진단,0.000,0.000,0.000,False,1.9,1,50DEB425210D7347,5,2,"Lunge(0)>Attack>DashForward>Lunge(7)>Attack>DashBackward>Lunge(3)>Attack>MoveRight>Attack>DashLeft>Attack",0,34.000,7,21,16,9,2.186,5,0.000,False,-13.628,9.427,0,180,3500000.000,831.600,0.000,3500832.000,454.978,0E0BAA0CC0A1ACC0,True,2,False,False,""
A1,A-v2-complex,0-baseline,공격형-무가중진단,0.000,0.000,0.000,False,1.9,1,50DEB425210D7347,5,3,"Lunge(0)>Attack>DashForward>Lunge(7)>Attack>DashBackward>Lunge(3)>Attack>MoveRight>Attack>MoveForward>Attack",0,34.000,7,21,16,9,1.271,8,0.000,False,-36.458,8.677,0,180,3499998.000,831.600,0.000,3500829.000,454.978,1456CDCDEF8C4CBA,True,3,False,False,""
A1,A-v2-complex,0-baseline,공격형-무가중진단,0.000,0.000,0.000,False,1.9,1,50DEB425210D7347,6,1,"Lunge(0)>Attack>DashForward>Lunge(7)>Attack>DashBackward>Lunge(3)>Attack>MoveRight>Attack>DashForward>Attack",0,34.000,8,20,16,8,1.211,7,0.000,False,-29.577,9.427,0,180,3499998.000,880.000,0.000,3500878.000,475.665,174E838DC2F18B2B,True,1,True,False,"Beam 1위와 관측축 추천 일치"
A1,A-v2-complex,0-baseline,공격형-무가중진단,0.000,0.000,0.000,False,1.9,1,50DEB425210D7347,6,2,"Lunge(0)>Attack>DashForward>Lunge(7)>Attack>DashBackward>Lunge(3)>Attack>MoveRight>Attack>DashLeft>Attack",0,34.000,7,21,16,9,2.186,5,0.000,False,-13.628,9.427,0,180,3500000.000,831.600,0.000,3500832.000,475.665,0E0BAA0CC0A1ACC0,True,2,False,False,""
A1,A-v2-complex,0-baseline,공격형-무가중진단,0.000,0.000,0.000,False,1.9,1,50DEB425210D7347,6,3,"Lunge(0)>Attack>DashForward>Lunge(7)>Attack>DashBackward>Lunge(3)>Attack>MoveRight>Attack>MoveForward>Attack",0,34.000,7,21,16,9,1.271,8,0.000,False,-36.458,8.677,0,180,3499998.000,831.600,0.000,3500829.000,475.665,1456CDCDEF8C4CBA,True,3,False,False,""
A1,A-v2-complex,0-baseline,공격형-무가중진단,0.000,0.000,0.000,False,1.9,1,50DEB425210D7347,7,1,"Lunge(0)>Attack>DashForward>Lunge(7)>Attack>DashBackward>Lunge(3)>Attack>MoveRight>Attack>DashForward>Attack",0,34.000,8,20,16,8,1.211,7,0.000,False,-29.577,9.427,0,180,3499998.000,880.000,0.000,3500878.000,473.182,174E838DC2F18B2B,True,1,True,False,"Beam 1위와 관측축 추천 일치"
A1,A-v2-complex,0-baseline,공격형-무가중진단,0.000,0.000,0.000,False,1.9,1,50DEB425210D7347,7,2,"Lunge(0)>Attack>DashForward>Lunge(7)>Attack>DashBackward>Lunge(3)>Attack>MoveRight>Attack>DashLeft>Attack",0,34.000,7,21,16,9,2.186,5,0.000,False,-13.628,9.427,0,180,3500000.000,831.600,0.000,3500832.000,473.182,0E0BAA0CC0A1ACC0,True,2,False,False,""
A1,A-v2-complex,0-baseline,공격형-무가중진단,0.000,0.000,0.000,False,1.9,1,50DEB425210D7347,7,3,"Lunge(0)>Attack>DashForward>Lunge(7)>Attack>DashBackward>Lunge(3)>Attack>MoveRight>Attack>MoveForward>Attack",0,34.000,7,21,16,9,1.271,8,0.000,False,-36.458,8.677,0,180,3499998.000,831.600,0.000,3500829.000,473.182,1456CDCDEF8C4CBA,True,3,False,False,""
A1,A-v2-complex,0-baseline,공격형-무가중진단,0.000,0.000,0.000,False,1.9,1,50DEB425210D7347,8,1,"Lunge(0)>Attack>DashForward>Lunge(7)>Attack>DashBackward>Lunge(3)>Attack>MoveRight>Attack>DashForward>Attack",0,34.000,8,20,16,8,1.211,7,0.000,False,-29.577,9.427,0,180,3499998.000,880.000,0.000,3500878.000,456.958,174E838DC2F18B2B,True,1,True,False,"Beam 1위와 관측축 추천 일치"
A1,A-v2-complex,0-baseline,공격형-무가중진단,0.000,0.000,0.000,False,1.9,1,50DEB425210D7347,8,2,"Lunge(0)>Attack>DashForward>Lunge(7)>Attack>DashBackward>Lunge(3)>Attack>MoveRight>Attack>DashLeft>Attack",0,34.000,7,21,16,9,2.186,5,0.000,False,-13.628,9.427,0,180,3500000.000,831.600,0.000,3500832.000,456.958,0E0BAA0CC0A1ACC0,True,2,False,False,""
A1,A-v2-complex,0-baseline,공격형-무가중진단,0.000,0.000,0.000,False,1.9,1,50DEB425210D7347,8,3,"Lunge(0)>Attack>DashForward>Lunge(7)>Attack>DashBackward>Lunge(3)>Attack>MoveRight>Attack>MoveForward>Attack",0,34.000,7,21,16,9,1.271,8,0.000,False,-36.458,8.677,0,180,3499998.000,831.600,0.000,3500829.000,456.958,1456CDCDEF8C4CBA,True,3,False,False,""
A1,A-v2-complex,0-baseline,공격형-무가중진단,0.000,0.000,0.000,False,1.9,1,50DEB425210D7347,9,1,"Lunge(0)>Attack>DashForward>Lunge(7)>Attack>DashBackward>Lunge(3)>Attack>MoveRight>Attack>DashForward>Attack",0,34.000,8,20,16,8,1.211,7,0.000,False,-29.577,9.427,0,180,3499998.000,880.000,0.000,3500878.000,456.551,174E838DC2F18B2B,True,1,True,False,"Beam 1위와 관측축 추천 일치"
A1,A-v2-complex,0-baseline,공격형-무가중진단,0.000,0.000,0.000,False,1.9,1,50DEB425210D7347,9,2,"Lunge(0)>Attack>DashForward>Lunge(7)>Attack>DashBackward>Lunge(3)>Attack>MoveRight>Attack>DashLeft>Attack",0,34.000,7,21,16,9,2.186,5,0.000,False,-13.628,9.427,0,180,3500000.000,831.600,0.000,3500832.000,456.551,0E0BAA0CC0A1ACC0,True,2,False,False,""
A1,A-v2-complex,0-baseline,공격형-무가중진단,0.000,0.000,0.000,False,1.9,1,50DEB425210D7347,9,3,"Lunge(0)>Attack>DashForward>Lunge(7)>Attack>DashBackward>Lunge(3)>Attack>MoveRight>Attack>MoveForward>Attack",0,34.000,7,21,16,9,1.271,8,0.000,False,-36.458,8.677,0,180,3499998.000,831.600,0.000,3500829.000,456.551,1456CDCDEF8C4CBA,True,3,False,False,""
A1,A-v2-complex,0-baseline,공격형-무가중진단,0.000,0.000,0.000,False,1.9,1,50DEB425210D7347,10,1,"Lunge(0)>Attack>DashForward>Lunge(7)>Attack>DashBackward>Lunge(3)>Attack>MoveRight>Attack>DashForward>Attack",0,34.000,8,20,16,8,1.211,7,0.000,False,-29.577,9.427,0,180,3499998.000,880.000,0.000,3500878.000,454.621,174E838DC2F18B2B,True,1,True,False,"Beam 1위와 관측축 추천 일치"
A1,A-v2-complex,0-baseline,공격형-무가중진단,0.000,0.000,0.000,False,1.9,1,50DEB425210D7347,10,2,"Lunge(0)>Attack>DashForward>Lunge(7)>Attack>DashBackward>Lunge(3)>Attack>MoveRight>Attack>DashLeft>Attack",0,34.000,7,21,16,9,2.186,5,0.000,False,-13.628,9.427,0,180,3500000.000,831.600,0.000,3500832.000,454.621,0E0BAA0CC0A1ACC0,True,2,False,False,""
A1,A-v2-complex,0-baseline,공격형-무가중진단,0.000,0.000,0.000,False,1.9,1,50DEB425210D7347,10,3,"Lunge(0)>Attack>DashForward>Lunge(7)>Attack>DashBackward>Lunge(3)>Attack>MoveRight>Attack>MoveForward>Attack",0,34.000,7,21,16,9,1.271,8,0.000,False,-36.458,8.677,0,180,3499998.000,831.600,0.000,3500829.000,454.621,1456CDCDEF8C4CBA,True,3,False,False,""
A2,A-v2-complex,0-baseline,공격형-무가중진단,0.000,0.000,0.000,False,1.9,1,3F5F709DA48265EF,1,1,"LungeStrike(0)>DashRight>Lunge(5)>Attack>MoveLeft>Attack>Retreat>Attack>DashLeft>LungeStrike(3)>DashBackward>LungeStrike(2)",0,34.000,7,15,12,5,4.373,1,1.942,False,14.570,12.235,0,180,3500001.000,734.800,0.000,3500736.000,245.530,8595C84EEFCE8815,True,2,False,True,""
A2,A-v2-complex,0-baseline,공격형-무가중진단,0.000,0.000,0.000,False,1.9,1,3F5F709DA48265EF,1,2,"LungeStrike(0)>DashRight>Lunge(5)>Attack>MoveLeft>Attack>Retreat>Attack>DashLeft>LungeStrike(3)>DashRight>LungeStrike(2)",0,34.000,7,15,12,5,3.744,2,1.942,False,13.313,12.219,0,180,3500001.000,734.800,0.000,3500736.000,245.530,443AD4995992E909,True,3,False,True,""
A2,A-v2-complex,0-baseline,공격형-무가중진단,0.000,0.000,0.000,False,1.9,1,3F5F709DA48265EF,1,3,"LungeStrike(0)>DashRight>Lunge(5)>Attack>MoveLeft>Attack>MoveRight>Attack>Jump>LungeStrike(3)>DashForward>LungeStrike(1)",0,34.000,7,15,12,5,4.492,1,2.371,False,16.097,12.060,0,180,3500001.000,734.800,0.000,3500736.000,245.530,BD17176102D6F0C7,True,1,True,True,"종료 위치 품질 우세"
A2,A-v2-complex,0-baseline,공격형-무가중진단,0.000,0.000,0.000,False,1.9,1,3F5F709DA48265EF,2,1,"LungeStrike(0)>DashRight>Lunge(5)>Attack>MoveLeft>Attack>Retreat>Attack>DashLeft>LungeStrike(3)>DashBackward>LungeStrike(2)",0,34.000,7,15,12,5,4.373,1,1.942,False,14.570,12.235,0,180,3500001.000,734.800,0.000,3500736.000,236.148,8595C84EEFCE8815,True,2,False,True,""
A2,A-v2-complex,0-baseline,공격형-무가중진단,0.000,0.000,0.000,False,1.9,1,3F5F709DA48265EF,2,2,"LungeStrike(0)>DashRight>Lunge(5)>Attack>MoveLeft>Attack>Retreat>Attack>DashLeft>LungeStrike(3)>DashRight>LungeStrike(2)",0,34.000,7,15,12,5,3.744,2,1.942,False,13.313,12.219,0,180,3500001.000,734.800,0.000,3500736.000,236.148,443AD4995992E909,True,3,False,True,""
A2,A-v2-complex,0-baseline,공격형-무가중진단,0.000,0.000,0.000,False,1.9,1,3F5F709DA48265EF,2,3,"LungeStrike(0)>DashRight>Lunge(5)>Attack>MoveLeft>Attack>MoveRight>Attack>Jump>LungeStrike(3)>DashForward>LungeStrike(1)",0,34.000,7,15,12,5,4.492,1,2.371,False,16.097,12.060,0,180,3500001.000,734.800,0.000,3500736.000,236.148,BD17176102D6F0C7,True,1,True,True,"종료 위치 품질 우세"
A2,A-v2-complex,0-baseline,공격형-무가중진단,0.000,0.000,0.000,False,1.9,1,3F5F709DA48265EF,3,1,"LungeStrike(0)>DashRight>Lunge(5)>Attack>MoveLeft>Attack>Retreat>Attack>DashLeft>LungeStrike(3)>DashBackward>LungeStrike(2)",0,34.000,7,15,12,5,4.373,1,1.942,False,14.570,12.235,0,180,3500001.000,734.800,0.000,3500736.000,248.327,8595C84EEFCE8815,True,2,False,True,""
A2,A-v2-complex,0-baseline,공격형-무가중진단,0.000,0.000,0.000,False,1.9,1,3F5F709DA48265EF,3,2,"LungeStrike(0)>DashRight>Lunge(5)>Attack>MoveLeft>Attack>Retreat>Attack>DashLeft>LungeStrike(3)>DashRight>LungeStrike(2)",0,34.000,7,15,12,5,3.744,2,1.942,False,13.313,12.219,0,180,3500001.000,734.800,0.000,3500736.000,248.327,443AD4995992E909,True,3,False,True,""
A2,A-v2-complex,0-baseline,공격형-무가중진단,0.000,0.000,0.000,False,1.9,1,3F5F709DA48265EF,3,3,"LungeStrike(0)>DashRight>Lunge(5)>Attack>MoveLeft>Attack>MoveRight>Attack>Jump>LungeStrike(3)>DashForward>LungeStrike(1)",0,34.000,7,15,12,5,4.492,1,2.371,False,16.097,12.060,0,180,3500001.000,734.800,0.000,3500736.000,248.327,BD17176102D6F0C7,True,1,True,True,"종료 위치 품질 우세"
A2,A-v2-complex,0-baseline,공격형-무가중진단,0.000,0.000,0.000,False,1.9,1,3F5F709DA48265EF,4,1,"LungeStrike(0)>DashRight>Lunge(5)>Attack>MoveLeft>Attack>Retreat>Attack>DashLeft>LungeStrike(3)>DashBackward>LungeStrike(2)",0,34.000,7,15,12,5,4.373,1,1.942,False,14.570,12.235,0,180,3500001.000,734.800,0.000,3500736.000,215.609,8595C84EEFCE8815,True,2,False,True,""
A2,A-v2-complex,0-baseline,공격형-무가중진단,0.000,0.000,0.000,False,1.9,1,3F5F709DA48265EF,4,2,"LungeStrike(0)>DashRight>Lunge(5)>Attack>MoveLeft>Attack>Retreat>Attack>DashLeft>LungeStrike(3)>DashRight>LungeStrike(2)",0,34.000,7,15,12,5,3.744,2,1.942,False,13.313,12.219,0,180,3500001.000,734.800,0.000,3500736.000,215.609,443AD4995992E909,True,3,False,True,""
A2,A-v2-complex,0-baseline,공격형-무가중진단,0.000,0.000,0.000,False,1.9,1,3F5F709DA48265EF,4,3,"LungeStrike(0)>DashRight>Lunge(5)>Attack>MoveLeft>Attack>MoveRight>Attack>Jump>LungeStrike(3)>DashForward>LungeStrike(1)",0,34.000,7,15,12,5,4.492,1,2.371,False,16.097,12.060,0,180,3500001.000,734.800,0.000,3500736.000,215.609,BD17176102D6F0C7,True,1,True,True,"종료 위치 품질 우세"
A2,A-v2-complex,0-baseline,공격형-무가중진단,0.000,0.000,0.000,False,1.9,1,3F5F709DA48265EF,5,1,"LungeStrike(0)>DashRight>Lunge(5)>Attack>MoveLeft>Attack>Retreat>Attack>DashLeft>LungeStrike(3)>DashBackward>LungeStrike(2)",0,34.000,7,15,12,5,4.373,1,1.942,False,14.570,12.235,0,180,3500001.000,734.800,0.000,3500736.000,215.001,8595C84EEFCE8815,True,2,False,True,""
A2,A-v2-complex,0-baseline,공격형-무가중진단,0.000,0.000,0.000,False,1.9,1,3F5F709DA48265EF,5,2,"LungeStrike(0)>DashRight>Lunge(5)>Attack>MoveLeft>Attack>Retreat>Attack>DashLeft>LungeStrike(3)>DashRight>LungeStrike(2)",0,34.000,7,15,12,5,3.744,2,1.942,False,13.313,12.219,0,180,3500001.000,734.800,0.000,3500736.000,215.001,443AD4995992E909,True,3,False,True,""
A2,A-v2-complex,0-baseline,공격형-무가중진단,0.000,0.000,0.000,False,1.9,1,3F5F709DA48265EF,5,3,"LungeStrike(0)>DashRight>Lunge(5)>Attack>MoveLeft>Attack>MoveRight>Attack>Jump>LungeStrike(3)>DashForward>LungeStrike(1)",0,34.000,7,15,12,5,4.492,1,2.371,False,16.097,12.060,0,180,3500001.000,734.800,0.000,3500736.000,215.001,BD17176102D6F0C7,True,1,True,True,"종료 위치 품질 우세"
A2,A-v2-complex,0-baseline,공격형-무가중진단,0.000,0.000,0.000,False,1.9,1,3F5F709DA48265EF,6,1,"LungeStrike(0)>DashRight>Lunge(5)>Attack>MoveLeft>Attack>Retreat>Attack>DashLeft>LungeStrike(3)>DashBackward>LungeStrike(2)",0,34.000,7,15,12,5,4.373,1,1.942,False,14.570,12.235,0,180,3500001.000,734.800,0.000,3500736.000,207.887,8595C84EEFCE8815,True,2,False,True,""
A2,A-v2-complex,0-baseline,공격형-무가중진단,0.000,0.000,0.000,False,1.9,1,3F5F709DA48265EF,6,2,"LungeStrike(0)>DashRight>Lunge(5)>Attack>MoveLeft>Attack>Retreat>Attack>DashLeft>LungeStrike(3)>DashRight>LungeStrike(2)",0,34.000,7,15,12,5,3.744,2,1.942,False,13.313,12.219,0,180,3500001.000,734.800,0.000,3500736.000,207.887,443AD4995992E909,True,3,False,True,""
A2,A-v2-complex,0-baseline,공격형-무가중진단,0.000,0.000,0.000,False,1.9,1,3F5F709DA48265EF,6,3,"LungeStrike(0)>DashRight>Lunge(5)>Attack>MoveLeft>Attack>MoveRight>Attack>Jump>LungeStrike(3)>DashForward>LungeStrike(1)",0,34.000,7,15,12,5,4.492,1,2.371,False,16.097,12.060,0,180,3500001.000,734.800,0.000,3500736.000,207.887,BD17176102D6F0C7,True,1,True,True,"종료 위치 품질 우세"
A2,A-v2-complex,0-baseline,공격형-무가중진단,0.000,0.000,0.000,False,1.9,1,3F5F709DA48265EF,7,1,"LungeStrike(0)>DashRight>Lunge(5)>Attack>MoveLeft>Attack>Retreat>Attack>DashLeft>LungeStrike(3)>DashBackward>LungeStrike(2)",0,34.000,7,15,12,5,4.373,1,1.942,False,14.570,12.235,0,180,3500001.000,734.800,0.000,3500736.000,219.856,8595C84EEFCE8815,True,2,False,True,""
A2,A-v2-complex,0-baseline,공격형-무가중진단,0.000,0.000,0.000,False,1.9,1,3F5F709DA48265EF,7,2,"LungeStrike(0)>DashRight>Lunge(5)>Attack>MoveLeft>Attack>Retreat>Attack>DashLeft>LungeStrike(3)>DashRight>LungeStrike(2)",0,34.000,7,15,12,5,3.744,2,1.942,False,13.313,12.219,0,180,3500001.000,734.800,0.000,3500736.000,219.856,443AD4995992E909,True,3,False,True,""
A2,A-v2-complex,0-baseline,공격형-무가중진단,0.000,0.000,0.000,False,1.9,1,3F5F709DA48265EF,7,3,"LungeStrike(0)>DashRight>Lunge(5)>Attack>MoveLeft>Attack>MoveRight>Attack>Jump>LungeStrike(3)>DashForward>LungeStrike(1)",0,34.000,7,15,12,5,4.492,1,2.371,False,16.097,12.060,0,180,3500001.000,734.800,0.000,3500736.000,219.856,BD17176102D6F0C7,True,1,True,True,"종료 위치 품질 우세"
A2,A-v2-complex,0-baseline,공격형-무가중진단,0.000,0.000,0.000,False,1.9,1,3F5F709DA48265EF,8,1,"LungeStrike(0)>DashRight>Lunge(5)>Attack>MoveLeft>Attack>Retreat>Attack>DashLeft>LungeStrike(3)>DashBackward>LungeStrike(2)",0,34.000,7,15,12,5,4.373,1,1.942,False,14.570,12.235,0,180,3500001.000,734.800,0.000,3500736.000,223.245,8595C84EEFCE8815,True,2,False,True,""
A2,A-v2-complex,0-baseline,공격형-무가중진단,0.000,0.000,0.000,False,1.9,1,3F5F709DA48265EF,8,2,"LungeStrike(0)>DashRight>Lunge(5)>Attack>MoveLeft>Attack>Retreat>Attack>DashLeft>LungeStrike(3)>DashRight>LungeStrike(2)",0,34.000,7,15,12,5,3.744,2,1.942,False,13.313,12.219,0,180,3500001.000,734.800,0.000,3500736.000,223.245,443AD4995992E909,True,3,False,True,""
A2,A-v2-complex,0-baseline,공격형-무가중진단,0.000,0.000,0.000,False,1.9,1,3F5F709DA48265EF,8,3,"LungeStrike(0)>DashRight>Lunge(5)>Attack>MoveLeft>Attack>MoveRight>Attack>Jump>LungeStrike(3)>DashForward>LungeStrike(1)",0,34.000,7,15,12,5,4.492,1,2.371,False,16.097,12.060,0,180,3500001.000,734.800,0.000,3500736.000,223.245,BD17176102D6F0C7,True,1,True,True,"종료 위치 품질 우세"
A2,A-v2-complex,0-baseline,공격형-무가중진단,0.000,0.000,0.000,False,1.9,1,3F5F709DA48265EF,9,1,"LungeStrike(0)>DashRight>Lunge(5)>Attack>MoveLeft>Attack>Retreat>Attack>DashLeft>LungeStrike(3)>DashBackward>LungeStrike(2)",0,34.000,7,15,12,5,4.373,1,1.942,False,14.570,12.235,0,180,3500001.000,734.800,0.000,3500736.000,219.371,8595C84EEFCE8815,True,2,False,True,""
A2,A-v2-complex,0-baseline,공격형-무가중진단,0.000,0.000,0.000,False,1.9,1,3F5F709DA48265EF,9,2,"LungeStrike(0)>DashRight>Lunge(5)>Attack>MoveLeft>Attack>Retreat>Attack>DashLeft>LungeStrike(3)>DashRight>LungeStrike(2)",0,34.000,7,15,12,5,3.744,2,1.942,False,13.313,12.219,0,180,3500001.000,734.800,0.000,3500736.000,219.371,443AD4995992E909,True,3,False,True,""
A2,A-v2-complex,0-baseline,공격형-무가중진단,0.000,0.000,0.000,False,1.9,1,3F5F709DA48265EF,9,3,"LungeStrike(0)>DashRight>Lunge(5)>Attack>MoveLeft>Attack>MoveRight>Attack>Jump>LungeStrike(3)>DashForward>LungeStrike(1)",0,34.000,7,15,12,5,4.492,1,2.371,False,16.097,12.060,0,180,3500001.000,734.800,0.000,3500736.000,219.371,BD17176102D6F0C7,True,1,True,True,"종료 위치 품질 우세"
A2,A-v2-complex,0-baseline,공격형-무가중진단,0.000,0.000,0.000,False,1.9,1,3F5F709DA48265EF,10,1,"LungeStrike(0)>DashRight>Lunge(5)>Attack>MoveLeft>Attack>Retreat>Attack>DashLeft>LungeStrike(3)>DashBackward>LungeStrike(2)",0,34.000,7,15,12,5,4.373,1,1.942,False,14.570,12.235,0,180,3500001.000,734.800,0.000,3500736.000,221.246,8595C84EEFCE8815,True,2,False,True,""
A2,A-v2-complex,0-baseline,공격형-무가중진단,0.000,0.000,0.000,False,1.9,1,3F5F709DA48265EF,10,2,"LungeStrike(0)>DashRight>Lunge(5)>Attack>MoveLeft>Attack>Retreat>Attack>DashLeft>LungeStrike(3)>DashRight>LungeStrike(2)",0,34.000,7,15,12,5,3.744,2,1.942,False,13.313,12.219,0,180,3500001.000,734.800,0.000,3500736.000,221.246,443AD4995992E909,True,3,False,True,""
A2,A-v2-complex,0-baseline,공격형-무가중진단,0.000,0.000,0.000,False,1.9,1,3F5F709DA48265EF,10,3,"LungeStrike(0)>DashRight>Lunge(5)>Attack>MoveLeft>Attack>MoveRight>Attack>Jump>LungeStrike(3)>DashForward>LungeStrike(1)",0,34.000,7,15,12,5,4.492,1,2.371,False,16.097,12.060,0,180,3500001.000,734.800,0.000,3500736.000,221.246,BD17176102D6F0C7,True,1,True,True,"종료 위치 품질 우세"
A3,A-v2-complex,0-baseline,공격형-무가중진단,0.000,0.000,0.000,False,1.9,1,01880BEA0D35E61C,1,1,"Attack>DashForward>Attack>MoveLeft>Attack>MoveForward>Lunge(2)>Attack>MoveRight>Attack>Retreat>Attack",0,29.000,9,16,14,6,3.663,2,0.000,False,10.327,6.215,1,180,3499998.000,875.600,0.000,3500873.000,245.430,A0CA6604C4776456,True,1,True,False,"Beam 1위와 관측축 추천 일치"
A3,A-v2-complex,0-baseline,공격형-무가중진단,0.000,0.000,0.000,False,1.9,1,01880BEA0D35E61C,1,2,"Attack>DashForward>Attack>MoveLeft>Attack>MoveForward>Lunge(2)>Attack>MoveRight>Attack>DashBackward>Lunge(6)",0,29.000,9,16,14,6,3.481,2,0.000,False,9.961,7.922,1,180,3499998.000,875.600,0.000,3500873.000,245.430,B3AA95B991B533C7,True,2,False,False,""
A3,A-v2-complex,0-baseline,공격형-무가중진단,0.000,0.000,0.000,False,1.9,1,01880BEA0D35E61C,1,3,"Attack>DashForward>Attack>MoveLeft>Attack>MoveForward>Lunge(2)>Attack>MoveRight>Attack>DashRight>Lunge(6)",0,29.000,9,16,14,6,3.460,1,0.000,False,9.919,7.668,1,180,3499998.000,875.600,0.000,3500873.000,245.430,233E281119EBE4C4,True,3,False,False,""
A3,A-v2-complex,0-baseline,공격형-무가중진단,0.000,0.000,0.000,False,1.9,1,01880BEA0D35E61C,2,1,"Attack>DashForward>Attack>MoveLeft>Attack>MoveForward>Lunge(2)>Attack>MoveRight>Attack>Retreat>Attack",0,29.000,9,16,14,6,3.663,2,0.000,False,10.327,6.215,1,180,3499998.000,875.600,0.000,3500873.000,245.269,A0CA6604C4776456,True,1,True,False,"Beam 1위와 관측축 추천 일치"
A3,A-v2-complex,0-baseline,공격형-무가중진단,0.000,0.000,0.000,False,1.9,1,01880BEA0D35E61C,2,2,"Attack>DashForward>Attack>MoveLeft>Attack>MoveForward>Lunge(2)>Attack>MoveRight>Attack>DashBackward>Lunge(6)",0,29.000,9,16,14,6,3.481,2,0.000,False,9.961,7.922,1,180,3499998.000,875.600,0.000,3500873.000,245.269,B3AA95B991B533C7,True,2,False,False,""
A3,A-v2-complex,0-baseline,공격형-무가중진단,0.000,0.000,0.000,False,1.9,1,01880BEA0D35E61C,2,3,"Attack>DashForward>Attack>MoveLeft>Attack>MoveForward>Lunge(2)>Attack>MoveRight>Attack>DashRight>Lunge(6)",0,29.000,9,16,14,6,3.460,1,0.000,False,9.919,7.668,1,180,3499998.000,875.600,0.000,3500873.000,245.269,233E281119EBE4C4,True,3,False,False,""
A3,A-v2-complex,0-baseline,공격형-무가중진단,0.000,0.000,0.000,False,1.9,1,01880BEA0D35E61C,3,1,"Attack>DashForward>Attack>MoveLeft>Attack>MoveForward>Lunge(2)>Attack>MoveRight>Attack>Retreat>Attack",0,29.000,9,16,14,6,3.663,2,0.000,False,10.327,6.215,1,180,3499998.000,875.600,0.000,3500873.000,243.524,A0CA6604C4776456,True,1,True,False,"Beam 1위와 관측축 추천 일치"
A3,A-v2-complex,0-baseline,공격형-무가중진단,0.000,0.000,0.000,False,1.9,1,01880BEA0D35E61C,3,2,"Attack>DashForward>Attack>MoveLeft>Attack>MoveForward>Lunge(2)>Attack>MoveRight>Attack>DashBackward>Lunge(6)",0,29.000,9,16,14,6,3.481,2,0.000,False,9.961,7.922,1,180,3499998.000,875.600,0.000,3500873.000,243.524,B3AA95B991B533C7,True,2,False,False,""
A3,A-v2-complex,0-baseline,공격형-무가중진단,0.000,0.000,0.000,False,1.9,1,01880BEA0D35E61C,3,3,"Attack>DashForward>Attack>MoveLeft>Attack>MoveForward>Lunge(2)>Attack>MoveRight>Attack>DashRight>Lunge(6)",0,29.000,9,16,14,6,3.460,1,0.000,False,9.919,7.668,1,180,3499998.000,875.600,0.000,3500873.000,243.524,233E281119EBE4C4,True,3,False,False,""
A3,A-v2-complex,0-baseline,공격형-무가중진단,0.000,0.000,0.000,False,1.9,1,01880BEA0D35E61C,4,1,"Attack>DashForward>Attack>MoveLeft>Attack>MoveForward>Lunge(2)>Attack>MoveRight>Attack>Retreat>Attack",0,29.000,9,16,14,6,3.663,2,0.000,False,10.327,6.215,1,180,3499998.000,875.600,0.000,3500873.000,241.068,A0CA6604C4776456,True,1,True,False,"Beam 1위와 관측축 추천 일치"
A3,A-v2-complex,0-baseline,공격형-무가중진단,0.000,0.000,0.000,False,1.9,1,01880BEA0D35E61C,4,2,"Attack>DashForward>Attack>MoveLeft>Attack>MoveForward>Lunge(2)>Attack>MoveRight>Attack>DashBackward>Lunge(6)",0,29.000,9,16,14,6,3.481,2,0.000,False,9.961,7.922,1,180,3499998.000,875.600,0.000,3500873.000,241.068,B3AA95B991B533C7,True,2,False,False,""
A3,A-v2-complex,0-baseline,공격형-무가중진단,0.000,0.000,0.000,False,1.9,1,01880BEA0D35E61C,4,3,"Attack>DashForward>Attack>MoveLeft>Attack>MoveForward>Lunge(2)>Attack>MoveRight>Attack>DashRight>Lunge(6)",0,29.000,9,16,14,6,3.460,1,0.000,False,9.919,7.668,1,180,3499998.000,875.600,0.000,3500873.000,241.068,233E281119EBE4C4,True,3,False,False,""
A3,A-v2-complex,0-baseline,공격형-무가중진단,0.000,0.000,0.000,False,1.9,1,01880BEA0D35E61C,5,1,"Attack>DashForward>Attack>MoveLeft>Attack>MoveForward>Lunge(2)>Attack>MoveRight>Attack>Retreat>Attack",0,29.000,9,16,14,6,3.663,2,0.000,False,10.327,6.215,1,180,3499998.000,875.600,0.000,3500873.000,250.257,A0CA6604C4776456,True,1,True,False,"Beam 1위와 관측축 추천 일치"
A3,A-v2-complex,0-baseline,공격형-무가중진단,0.000,0.000,0.000,False,1.9,1,01880BEA0D35E61C,5,2,"Attack>DashForward>Attack>MoveLeft>Attack>MoveForward>Lunge(2)>Attack>MoveRight>Attack>DashBackward>Lunge(6)",0,29.000,9,16,14,6,3.481,2,0.000,False,9.961,7.922,1,180,3499998.000,875.600,0.000,3500873.000,250.257,B3AA95B991B533C7,True,2,False,False,""
A3,A-v2-complex,0-baseline,공격형-무가중진단,0.000,0.000,0.000,False,1.9,1,01880BEA0D35E61C,5,3,"Attack>DashForward>Attack>MoveLeft>Attack>MoveForward>Lunge(2)>Attack>MoveRight>Attack>DashRight>Lunge(6)",0,29.000,9,16,14,6,3.460,1,0.000,False,9.919,7.668,1,180,3499998.000,875.600,0.000,3500873.000,250.257,233E281119EBE4C4,True,3,False,False,""
A3,A-v2-complex,0-baseline,공격형-무가중진단,0.000,0.000,0.000,False,1.9,1,01880BEA0D35E61C,6,1,"Attack>DashForward>Attack>MoveLeft>Attack>MoveForward>Lunge(2)>Attack>MoveRight>Attack>Retreat>Attack",0,29.000,9,16,14,6,3.663,2,0.000,False,10.327,6.215,1,180,3499998.000,875.600,0.000,3500873.000,238.975,A0CA6604C4776456,True,1,True,False,"Beam 1위와 관측축 추천 일치"
A3,A-v2-complex,0-baseline,공격형-무가중진단,0.000,0.000,0.000,False,1.9,1,01880BEA0D35E61C,6,2,"Attack>DashForward>Attack>MoveLeft>Attack>MoveForward>Lunge(2)>Attack>MoveRight>Attack>DashBackward>Lunge(6)",0,29.000,9,16,14,6,3.481,2,0.000,False,9.961,7.922,1,180,3499998.000,875.600,0.000,3500873.000,238.975,B3AA95B991B533C7,True,2,False,False,""
A3,A-v2-complex,0-baseline,공격형-무가중진단,0.000,0.000,0.000,False,1.9,1,01880BEA0D35E61C,6,3,"Attack>DashForward>Attack>MoveLeft>Attack>MoveForward>Lunge(2)>Attack>MoveRight>Attack>DashRight>Lunge(6)",0,29.000,9,16,14,6,3.460,1,0.000,False,9.919,7.668,1,180,3499998.000,875.600,0.000,3500873.000,238.975,233E281119EBE4C4,True,3,False,False,""
A3,A-v2-complex,0-baseline,공격형-무가중진단,0.000,0.000,0.000,False,1.9,1,01880BEA0D35E61C,7,1,"Attack>DashForward>Attack>MoveLeft>Attack>MoveForward>Lunge(2)>Attack>MoveRight>Attack>Retreat>Attack",0,29.000,9,16,14,6,3.663,2,0.000,False,10.327,6.215,1,180,3499998.000,875.600,0.000,3500873.000,244.297,A0CA6604C4776456,True,1,True,False,"Beam 1위와 관측축 추천 일치"
A3,A-v2-complex,0-baseline,공격형-무가중진단,0.000,0.000,0.000,False,1.9,1,01880BEA0D35E61C,7,2,"Attack>DashForward>Attack>MoveLeft>Attack>MoveForward>Lunge(2)>Attack>MoveRight>Attack>DashBackward>Lunge(6)",0,29.000,9,16,14,6,3.481,2,0.000,False,9.961,7.922,1,180,3499998.000,875.600,0.000,3500873.000,244.297,B3AA95B991B533C7,True,2,False,False,""
A3,A-v2-complex,0-baseline,공격형-무가중진단,0.000,0.000,0.000,False,1.9,1,01880BEA0D35E61C,7,3,"Attack>DashForward>Attack>MoveLeft>Attack>MoveForward>Lunge(2)>Attack>MoveRight>Attack>DashRight>Lunge(6)",0,29.000,9,16,14,6,3.460,1,0.000,False,9.919,7.668,1,180,3499998.000,875.600,0.000,3500873.000,244.297,233E281119EBE4C4,True,3,False,False,""
A3,A-v2-complex,0-baseline,공격형-무가중진단,0.000,0.000,0.000,False,1.9,1,01880BEA0D35E61C,8,1,"Attack>DashForward>Attack>MoveLeft>Attack>MoveForward>Lunge(2)>Attack>MoveRight>Attack>Retreat>Attack",0,29.000,9,16,14,6,3.663,2,0.000,False,10.327,6.215,1,180,3499998.000,875.600,0.000,3500873.000,234.254,A0CA6604C4776456,True,1,True,False,"Beam 1위와 관측축 추천 일치"
A3,A-v2-complex,0-baseline,공격형-무가중진단,0.000,0.000,0.000,False,1.9,1,01880BEA0D35E61C,8,2,"Attack>DashForward>Attack>MoveLeft>Attack>MoveForward>Lunge(2)>Attack>MoveRight>Attack>DashBackward>Lunge(6)",0,29.000,9,16,14,6,3.481,2,0.000,False,9.961,7.922,1,180,3499998.000,875.600,0.000,3500873.000,234.254,B3AA95B991B533C7,True,2,False,False,""
A3,A-v2-complex,0-baseline,공격형-무가중진단,0.000,0.000,0.000,False,1.9,1,01880BEA0D35E61C,8,3,"Attack>DashForward>Attack>MoveLeft>Attack>MoveForward>Lunge(2)>Attack>MoveRight>Attack>DashRight>Lunge(6)",0,29.000,9,16,14,6,3.460,1,0.000,False,9.919,7.668,1,180,3499998.000,875.600,0.000,3500873.000,234.254,233E281119EBE4C4,True,3,False,False,""
A3,A-v2-complex,0-baseline,공격형-무가중진단,0.000,0.000,0.000,False,1.9,1,01880BEA0D35E61C,9,1,"Attack>DashForward>Attack>MoveLeft>Attack>MoveForward>Lunge(2)>Attack>MoveRight>Attack>Retreat>Attack",0,29.000,9,16,14,6,3.663,2,0.000,False,10.327,6.215,1,180,3499998.000,875.600,0.000,3500873.000,235.498,A0CA6604C4776456,True,1,True,False,"Beam 1위와 관측축 추천 일치"
A3,A-v2-complex,0-baseline,공격형-무가중진단,0.000,0.000,0.000,False,1.9,1,01880BEA0D35E61C,9,2,"Attack>DashForward>Attack>MoveLeft>Attack>MoveForward>Lunge(2)>Attack>MoveRight>Attack>DashBackward>Lunge(6)",0,29.000,9,16,14,6,3.481,2,0.000,False,9.961,7.922,1,180,3499998.000,875.600,0.000,3500873.000,235.498,B3AA95B991B533C7,True,2,False,False,""
A3,A-v2-complex,0-baseline,공격형-무가중진단,0.000,0.000,0.000,False,1.9,1,01880BEA0D35E61C,9,3,"Attack>DashForward>Attack>MoveLeft>Attack>MoveForward>Lunge(2)>Attack>MoveRight>Attack>DashRight>Lunge(6)",0,29.000,9,16,14,6,3.460,1,0.000,False,9.919,7.668,1,180,3499998.000,875.600,0.000,3500873.000,235.498,233E281119EBE4C4,True,3,False,False,""
A3,A-v2-complex,0-baseline,공격형-무가중진단,0.000,0.000,0.000,False,1.9,1,01880BEA0D35E61C,10,1,"Attack>DashForward>Attack>MoveLeft>Attack>MoveForward>Lunge(2)>Attack>MoveRight>Attack>Retreat>Attack",0,29.000,9,16,14,6,3.663,2,0.000,False,10.327,6.215,1,180,3499998.000,875.600,0.000,3500873.000,238.602,A0CA6604C4776456,True,1,True,False,"Beam 1위와 관측축 추천 일치"
A3,A-v2-complex,0-baseline,공격형-무가중진단,0.000,0.000,0.000,False,1.9,1,01880BEA0D35E61C,10,2,"Attack>DashForward>Attack>MoveLeft>Attack>MoveForward>Lunge(2)>Attack>MoveRight>Attack>DashBackward>Lunge(6)",0,29.000,9,16,14,6,3.481,2,0.000,False,9.961,7.922,1,180,3499998.000,875.600,0.000,3500873.000,238.602,B3AA95B991B533C7,True,2,False,False,""
A3,A-v2-complex,0-baseline,공격형-무가중진단,0.000,0.000,0.000,False,1.9,1,01880BEA0D35E61C,10,3,"Attack>DashForward>Attack>MoveLeft>Attack>MoveForward>Lunge(2)>Attack>MoveRight>Attack>DashRight>Lunge(6)",0,29.000,9,16,14,6,3.460,1,0.000,False,9.919,7.668,1,180,3499998.000,875.600,0.000,3500873.000,238.602,233E281119EBE4C4,True,3,False,False,""
A4,A-v2-complex,0-baseline,공격형-무가중진단,0.000,0.000,0.000,False,1.9,1,62F6E9F8D1F2129D,1,1,"Attack>DashForward>Attack>MoveLeft>Attack>DashForward>LungeStrike(17)>DashLeft>Lunge(9)>Attack>MoveLeft>Attack",1,29.000,9,17,18,9,3.476,3,0.000,False,2.952,9.355,3,180,3499967.000,893.200,0.000,3500860.000,387.421,EE9534D8EAD61921,True,3,False,True,""
A4,A-v2-complex,0-baseline,공격형-무가중진단,0.000,0.000,0.000,False,1.9,1,62F6E9F8D1F2129D,1,2,"Attack>DashForward>Attack>MoveLeft>Attack>DashForward>LungeStrike(17)>DashLeft>Lunge(9)>Attack>MoveLeft>Lunge(10)",1,29.000,9,17,18,9,3.440,3,0.000,True,10.880,10.087,3,180,3499967.000,893.200,0.000,3500860.000,387.421,84AF7D16C319FC53,True,2,False,True,""
A4,A-v2-complex,0-baseline,공격형-무가중진단,0.000,0.000,0.000,False,1.9,1,62F6E9F8D1F2129D,1,3,"Attack>DashForward>Attack>MoveLeft>Attack>DashForward>LungeStrike(17)>DashLeft>Lunge(9)>Attack>DashBackward>Lunge(10)",1,29.000,9,17,18,9,5.410,0,0.000,True,21.819,10.805,3,180,3499949.000,893.200,0.000,3500843.000,387.421,FB646DB73DF7B674,True,1,True,True,"종료 즉시 행동 가능"
A4,A-v2-complex,0-baseline,공격형-무가중진단,0.000,0.000,0.000,False,1.9,1,62F6E9F8D1F2129D,2,1,"Attack>DashForward>Attack>MoveLeft>Attack>DashForward>LungeStrike(17)>DashLeft>Lunge(9)>Attack>MoveLeft>Attack",1,29.000,9,17,18,9,3.476,3,0.000,False,2.952,9.355,3,180,3499967.000,893.200,0.000,3500860.000,400.530,EE9534D8EAD61921,True,3,False,True,""
A4,A-v2-complex,0-baseline,공격형-무가중진단,0.000,0.000,0.000,False,1.9,1,62F6E9F8D1F2129D,2,2,"Attack>DashForward>Attack>MoveLeft>Attack>DashForward>LungeStrike(17)>DashLeft>Lunge(9)>Attack>MoveLeft>Lunge(10)",1,29.000,9,17,18,9,3.440,3,0.000,True,10.880,10.087,3,180,3499967.000,893.200,0.000,3500860.000,400.530,84AF7D16C319FC53,True,2,False,True,""
A4,A-v2-complex,0-baseline,공격형-무가중진단,0.000,0.000,0.000,False,1.9,1,62F6E9F8D1F2129D,2,3,"Attack>DashForward>Attack>MoveLeft>Attack>DashForward>LungeStrike(17)>DashLeft>Lunge(9)>Attack>DashBackward>Lunge(10)",1,29.000,9,17,18,9,5.410,0,0.000,True,21.819,10.805,3,180,3499949.000,893.200,0.000,3500843.000,400.530,FB646DB73DF7B674,True,1,True,True,"종료 즉시 행동 가능"
A4,A-v2-complex,0-baseline,공격형-무가중진단,0.000,0.000,0.000,False,1.9,1,62F6E9F8D1F2129D,3,1,"Attack>DashForward>Attack>MoveLeft>Attack>DashForward>LungeStrike(17)>DashLeft>Lunge(9)>Attack>MoveLeft>Attack",1,29.000,9,17,18,9,3.476,3,0.000,False,2.952,9.355,3,180,3499967.000,893.200,0.000,3500860.000,389.289,EE9534D8EAD61921,True,3,False,True,""
A4,A-v2-complex,0-baseline,공격형-무가중진단,0.000,0.000,0.000,False,1.9,1,62F6E9F8D1F2129D,3,2,"Attack>DashForward>Attack>MoveLeft>Attack>DashForward>LungeStrike(17)>DashLeft>Lunge(9)>Attack>MoveLeft>Lunge(10)",1,29.000,9,17,18,9,3.440,3,0.000,True,10.880,10.087,3,180,3499967.000,893.200,0.000,3500860.000,389.289,84AF7D16C319FC53,True,2,False,True,""
A4,A-v2-complex,0-baseline,공격형-무가중진단,0.000,0.000,0.000,False,1.9,1,62F6E9F8D1F2129D,3,3,"Attack>DashForward>Attack>MoveLeft>Attack>DashForward>LungeStrike(17)>DashLeft>Lunge(9)>Attack>DashBackward>Lunge(10)",1,29.000,9,17,18,9,5.410,0,0.000,True,21.819,10.805,3,180,3499949.000,893.200,0.000,3500843.000,389.289,FB646DB73DF7B674,True,1,True,True,"종료 즉시 행동 가능"
A4,A-v2-complex,0-baseline,공격형-무가중진단,0.000,0.000,0.000,False,1.9,1,62F6E9F8D1F2129D,4,1,"Attack>DashForward>Attack>MoveLeft>Attack>DashForward>LungeStrike(17)>DashLeft>Lunge(9)>Attack>MoveLeft>Attack",1,29.000,9,17,18,9,3.476,3,0.000,False,2.952,9.355,3,180,3499967.000,893.200,0.000,3500860.000,425.896,EE9534D8EAD61921,True,3,False,True,""
A4,A-v2-complex,0-baseline,공격형-무가중진단,0.000,0.000,0.000,False,1.9,1,62F6E9F8D1F2129D,4,2,"Attack>DashForward>Attack>MoveLeft>Attack>DashForward>LungeStrike(17)>DashLeft>Lunge(9)>Attack>MoveLeft>Lunge(10)",1,29.000,9,17,18,9,3.440,3,0.000,True,10.880,10.087,3,180,3499967.000,893.200,0.000,3500860.000,425.896,84AF7D16C319FC53,True,2,False,True,""
A4,A-v2-complex,0-baseline,공격형-무가중진단,0.000,0.000,0.000,False,1.9,1,62F6E9F8D1F2129D,4,3,"Attack>DashForward>Attack>MoveLeft>Attack>DashForward>LungeStrike(17)>DashLeft>Lunge(9)>Attack>DashBackward>Lunge(10)",1,29.000,9,17,18,9,5.410,0,0.000,True,21.819,10.805,3,180,3499949.000,893.200,0.000,3500843.000,425.896,FB646DB73DF7B674,True,1,True,True,"종료 즉시 행동 가능"
A4,A-v2-complex,0-baseline,공격형-무가중진단,0.000,0.000,0.000,False,1.9,1,62F6E9F8D1F2129D,5,1,"Attack>DashForward>Attack>MoveLeft>Attack>DashForward>LungeStrike(17)>DashLeft>Lunge(9)>Attack>MoveLeft>Attack",1,29.000,9,17,18,9,3.476,3,0.000,False,2.952,9.355,3,180,3499967.000,893.200,0.000,3500860.000,392.330,EE9534D8EAD61921,True,3,False,True,""
A4,A-v2-complex,0-baseline,공격형-무가중진단,0.000,0.000,0.000,False,1.9,1,62F6E9F8D1F2129D,5,2,"Attack>DashForward>Attack>MoveLeft>Attack>DashForward>LungeStrike(17)>DashLeft>Lunge(9)>Attack>MoveLeft>Lunge(10)",1,29.000,9,17,18,9,3.440,3,0.000,True,10.880,10.087,3,180,3499967.000,893.200,0.000,3500860.000,392.330,84AF7D16C319FC53,True,2,False,True,""
A4,A-v2-complex,0-baseline,공격형-무가중진단,0.000,0.000,0.000,False,1.9,1,62F6E9F8D1F2129D,5,3,"Attack>DashForward>Attack>MoveLeft>Attack>DashForward>LungeStrike(17)>DashLeft>Lunge(9)>Attack>DashBackward>Lunge(10)",1,29.000,9,17,18,9,5.410,0,0.000,True,21.819,10.805,3,180,3499949.000,893.200,0.000,3500843.000,392.330,FB646DB73DF7B674,True,1,True,True,"종료 즉시 행동 가능"
A4,A-v2-complex,0-baseline,공격형-무가중진단,0.000,0.000,0.000,False,1.9,1,62F6E9F8D1F2129D,6,1,"Attack>DashForward>Attack>MoveLeft>Attack>DashForward>LungeStrike(17)>DashLeft>Lunge(9)>Attack>MoveLeft>Attack",1,29.000,9,17,18,9,3.476,3,0.000,False,2.952,9.355,3,180,3499967.000,893.200,0.000,3500860.000,392.919,EE9534D8EAD61921,True,3,False,True,""
A4,A-v2-complex,0-baseline,공격형-무가중진단,0.000,0.000,0.000,False,1.9,1,62F6E9F8D1F2129D,6,2,"Attack>DashForward>Attack>MoveLeft>Attack>DashForward>LungeStrike(17)>DashLeft>Lunge(9)>Attack>MoveLeft>Lunge(10)",1,29.000,9,17,18,9,3.440,3,0.000,True,10.880,10.087,3,180,3499967.000,893.200,0.000,3500860.000,392.919,84AF7D16C319FC53,True,2,False,True,""
A4,A-v2-complex,0-baseline,공격형-무가중진단,0.000,0.000,0.000,False,1.9,1,62F6E9F8D1F2129D,6,3,"Attack>DashForward>Attack>MoveLeft>Attack>DashForward>LungeStrike(17)>DashLeft>Lunge(9)>Attack>DashBackward>Lunge(10)",1,29.000,9,17,18,9,5.410,0,0.000,True,21.819,10.805,3,180,3499949.000,893.200,0.000,3500843.000,392.919,FB646DB73DF7B674,True,1,True,True,"종료 즉시 행동 가능"
A4,A-v2-complex,0-baseline,공격형-무가중진단,0.000,0.000,0.000,False,1.9,1,62F6E9F8D1F2129D,7,1,"Attack>DashForward>Attack>MoveLeft>Attack>DashForward>LungeStrike(17)>DashLeft>Lunge(9)>Attack>MoveLeft>Attack",1,29.000,9,17,18,9,3.476,3,0.000,False,2.952,9.355,3,180,3499967.000,893.200,0.000,3500860.000,386.571,EE9534D8EAD61921,True,3,False,True,""
A4,A-v2-complex,0-baseline,공격형-무가중진단,0.000,0.000,0.000,False,1.9,1,62F6E9F8D1F2129D,7,2,"Attack>DashForward>Attack>MoveLeft>Attack>DashForward>LungeStrike(17)>DashLeft>Lunge(9)>Attack>MoveLeft>Lunge(10)",1,29.000,9,17,18,9,3.440,3,0.000,True,10.880,10.087,3,180,3499967.000,893.200,0.000,3500860.000,386.571,84AF7D16C319FC53,True,2,False,True,""
A4,A-v2-complex,0-baseline,공격형-무가중진단,0.000,0.000,0.000,False,1.9,1,62F6E9F8D1F2129D,7,3,"Attack>DashForward>Attack>MoveLeft>Attack>DashForward>LungeStrike(17)>DashLeft>Lunge(9)>Attack>DashBackward>Lunge(10)",1,29.000,9,17,18,9,5.410,0,0.000,True,21.819,10.805,3,180,3499949.000,893.200,0.000,3500843.000,386.571,FB646DB73DF7B674,True,1,True,True,"종료 즉시 행동 가능"
A4,A-v2-complex,0-baseline,공격형-무가중진단,0.000,0.000,0.000,False,1.9,1,62F6E9F8D1F2129D,8,1,"Attack>DashForward>Attack>MoveLeft>Attack>DashForward>LungeStrike(17)>DashLeft>Lunge(9)>Attack>MoveLeft>Attack",1,29.000,9,17,18,9,3.476,3,0.000,False,2.952,9.355,3,180,3499967.000,893.200,0.000,3500860.000,381.170,EE9534D8EAD61921,True,3,False,True,""
A4,A-v2-complex,0-baseline,공격형-무가중진단,0.000,0.000,0.000,False,1.9,1,62F6E9F8D1F2129D,8,2,"Attack>DashForward>Attack>MoveLeft>Attack>DashForward>LungeStrike(17)>DashLeft>Lunge(9)>Attack>MoveLeft>Lunge(10)",1,29.000,9,17,18,9,3.440,3,0.000,True,10.880,10.087,3,180,3499967.000,893.200,0.000,3500860.000,381.170,84AF7D16C319FC53,True,2,False,True,""
A4,A-v2-complex,0-baseline,공격형-무가중진단,0.000,0.000,0.000,False,1.9,1,62F6E9F8D1F2129D,8,3,"Attack>DashForward>Attack>MoveLeft>Attack>DashForward>LungeStrike(17)>DashLeft>Lunge(9)>Attack>DashBackward>Lunge(10)",1,29.000,9,17,18,9,5.410,0,0.000,True,21.819,10.805,3,180,3499949.000,893.200,0.000,3500843.000,381.170,FB646DB73DF7B674,True,1,True,True,"종료 즉시 행동 가능"
A4,A-v2-complex,0-baseline,공격형-무가중진단,0.000,0.000,0.000,False,1.9,1,62F6E9F8D1F2129D,9,1,"Attack>DashForward>Attack>MoveLeft>Attack>DashForward>LungeStrike(17)>DashLeft>Lunge(9)>Attack>MoveLeft>Attack",1,29.000,9,17,18,9,3.476,3,0.000,False,2.952,9.355,3,180,3499967.000,893.200,0.000,3500860.000,415.354,EE9534D8EAD61921,True,3,False,True,""
A4,A-v2-complex,0-baseline,공격형-무가중진단,0.000,0.000,0.000,False,1.9,1,62F6E9F8D1F2129D,9,2,"Attack>DashForward>Attack>MoveLeft>Attack>DashForward>LungeStrike(17)>DashLeft>Lunge(9)>Attack>MoveLeft>Lunge(10)",1,29.000,9,17,18,9,3.440,3,0.000,True,10.880,10.087,3,180,3499967.000,893.200,0.000,3500860.000,415.354,84AF7D16C319FC53,True,2,False,True,""
A4,A-v2-complex,0-baseline,공격형-무가중진단,0.000,0.000,0.000,False,1.9,1,62F6E9F8D1F2129D,9,3,"Attack>DashForward>Attack>MoveLeft>Attack>DashForward>LungeStrike(17)>DashLeft>Lunge(9)>Attack>DashBackward>Lunge(10)",1,29.000,9,17,18,9,5.410,0,0.000,True,21.819,10.805,3,180,3499949.000,893.200,0.000,3500843.000,415.354,FB646DB73DF7B674,True,1,True,True,"종료 즉시 행동 가능"
A4,A-v2-complex,0-baseline,공격형-무가중진단,0.000,0.000,0.000,False,1.9,1,62F6E9F8D1F2129D,10,1,"Attack>DashForward>Attack>MoveLeft>Attack>DashForward>LungeStrike(17)>DashLeft>Lunge(9)>Attack>MoveLeft>Attack",1,29.000,9,17,18,9,3.476,3,0.000,False,2.952,9.355,3,180,3499967.000,893.200,0.000,3500860.000,483.811,EE9534D8EAD61921,True,3,False,True,""
A4,A-v2-complex,0-baseline,공격형-무가중진단,0.000,0.000,0.000,False,1.9,1,62F6E9F8D1F2129D,10,2,"Attack>DashForward>Attack>MoveLeft>Attack>DashForward>LungeStrike(17)>DashLeft>Lunge(9)>Attack>MoveLeft>Lunge(10)",1,29.000,9,17,18,9,3.440,3,0.000,True,10.880,10.087,3,180,3499967.000,893.200,0.000,3500860.000,483.811,84AF7D16C319FC53,True,2,False,True,""
A4,A-v2-complex,0-baseline,공격형-무가중진단,0.000,0.000,0.000,False,1.9,1,62F6E9F8D1F2129D,10,3,"Attack>DashForward>Attack>MoveLeft>Attack>DashForward>LungeStrike(17)>DashLeft>Lunge(9)>Attack>DashBackward>Lunge(10)",1,29.000,9,17,18,9,5.410,0,0.000,True,21.819,10.805,3,180,3499949.000,893.200,0.000,3500843.000,483.811,FB646DB73DF7B674,True,1,True,True,"종료 즉시 행동 가능"
A1,A-v2-complex,1-target,공격형-1타깃,0.100,0.000,0.000,False,1.9,1,50DEB425210D7347,1,1,"Lunge(0)>Attack>DashForward>Lunge(7)>Attack>DashBackward>Lunge(3)>Attack>MoveRight>Attack>DashForward>Attack",0,34.000,8,20,16,8,1.211,7,0.000,False,-29.577,9.427,0,180,3499998.000,883.400,0.000,3500882.000,403.544,174E838DC2F18B2B,True,1,True,False,"Beam 1위와 관측축 추천 일치"
A1,A-v2-complex,1-target,공격형-1타깃,0.100,0.000,0.000,False,1.9,1,50DEB425210D7347,1,2,"Lunge(0)>Attack>DashForward>Lunge(7)>Attack>DashBackward>Lunge(3)>Attack>MoveRight>Attack>DashLeft>Attack",0,34.000,7,21,16,9,2.186,5,0.000,False,-13.628,9.427,0,180,3500000.000,835.000,0.000,3500835.000,403.544,0E0BAA0CC0A1ACC0,True,2,False,False,""
A1,A-v2-complex,1-target,공격형-1타깃,0.100,0.000,0.000,False,1.9,1,50DEB425210D7347,1,3,"Lunge(0)>Attack>DashForward>Lunge(7)>Attack>DashBackward>Lunge(3)>Attack>MoveRight>Attack>MoveForward>Attack",0,34.000,7,21,16,9,1.271,8,0.000,False,-36.458,8.677,0,180,3499998.000,835.000,0.000,3500833.000,403.544,1456CDCDEF8C4CBA,True,3,False,False,""
A1,A-v2-complex,1-target,공격형-1타깃,0.100,0.000,0.000,False,1.9,1,50DEB425210D7347,2,1,"Lunge(0)>Attack>DashForward>Lunge(7)>Attack>DashBackward>Lunge(3)>Attack>MoveRight>Attack>DashForward>Attack",0,34.000,8,20,16,8,1.211,7,0.000,False,-29.577,9.427,0,180,3499998.000,883.400,0.000,3500882.000,418.402,174E838DC2F18B2B,True,1,True,False,"Beam 1위와 관측축 추천 일치"
A1,A-v2-complex,1-target,공격형-1타깃,0.100,0.000,0.000,False,1.9,1,50DEB425210D7347,2,2,"Lunge(0)>Attack>DashForward>Lunge(7)>Attack>DashBackward>Lunge(3)>Attack>MoveRight>Attack>DashLeft>Attack",0,34.000,7,21,16,9,2.186,5,0.000,False,-13.628,9.427,0,180,3500000.000,835.000,0.000,3500835.000,418.402,0E0BAA0CC0A1ACC0,True,2,False,False,""
A1,A-v2-complex,1-target,공격형-1타깃,0.100,0.000,0.000,False,1.9,1,50DEB425210D7347,2,3,"Lunge(0)>Attack>DashForward>Lunge(7)>Attack>DashBackward>Lunge(3)>Attack>MoveRight>Attack>MoveForward>Attack",0,34.000,7,21,16,9,1.271,8,0.000,False,-36.458,8.677,0,180,3499998.000,835.000,0.000,3500833.000,418.402,1456CDCDEF8C4CBA,True,3,False,False,""
A1,A-v2-complex,1-target,공격형-1타깃,0.100,0.000,0.000,False,1.9,1,50DEB425210D7347,3,1,"Lunge(0)>Attack>DashForward>Lunge(7)>Attack>DashBackward>Lunge(3)>Attack>MoveRight>Attack>DashForward>Attack",0,34.000,8,20,16,8,1.211,7,0.000,False,-29.577,9.427,0,180,3499998.000,883.400,0.000,3500882.000,395.597,174E838DC2F18B2B,True,1,True,False,"Beam 1위와 관측축 추천 일치"
A1,A-v2-complex,1-target,공격형-1타깃,0.100,0.000,0.000,False,1.9,1,50DEB425210D7347,3,2,"Lunge(0)>Attack>DashForward>Lunge(7)>Attack>DashBackward>Lunge(3)>Attack>MoveRight>Attack>DashLeft>Attack",0,34.000,7,21,16,9,2.186,5,0.000,False,-13.628,9.427,0,180,3500000.000,835.000,0.000,3500835.000,395.597,0E0BAA0CC0A1ACC0,True,2,False,False,""
A1,A-v2-complex,1-target,공격형-1타깃,0.100,0.000,0.000,False,1.9,1,50DEB425210D7347,3,3,"Lunge(0)>Attack>DashForward>Lunge(7)>Attack>DashBackward>Lunge(3)>Attack>MoveRight>Attack>MoveForward>Attack",0,34.000,7,21,16,9,1.271,8,0.000,False,-36.458,8.677,0,180,3499998.000,835.000,0.000,3500833.000,395.597,1456CDCDEF8C4CBA,True,3,False,False,""
A1,A-v2-complex,1-target,공격형-1타깃,0.100,0.000,0.000,False,1.9,1,50DEB425210D7347,4,1,"Lunge(0)>Attack>DashForward>Lunge(7)>Attack>DashBackward>Lunge(3)>Attack>MoveRight>Attack>DashForward>Attack",0,34.000,8,20,16,8,1.211,7,0.000,False,-29.577,9.427,0,180,3499998.000,883.400,0.000,3500882.000,435.510,174E838DC2F18B2B,True,1,True,False,"Beam 1위와 관측축 추천 일치"
A1,A-v2-complex,1-target,공격형-1타깃,0.100,0.000,0.000,False,1.9,1,50DEB425210D7347,4,2,"Lunge(0)>Attack>DashForward>Lunge(7)>Attack>DashBackward>Lunge(3)>Attack>MoveRight>Attack>DashLeft>Attack",0,34.000,7,21,16,9,2.186,5,0.000,False,-13.628,9.427,0,180,3500000.000,835.000,0.000,3500835.000,435.510,0E0BAA0CC0A1ACC0,True,2,False,False,""
A1,A-v2-complex,1-target,공격형-1타깃,0.100,0.000,0.000,False,1.9,1,50DEB425210D7347,4,3,"Lunge(0)>Attack>DashForward>Lunge(7)>Attack>DashBackward>Lunge(3)>Attack>MoveRight>Attack>MoveForward>Attack",0,34.000,7,21,16,9,1.271,8,0.000,False,-36.458,8.677,0,180,3499998.000,835.000,0.000,3500833.000,435.510,1456CDCDEF8C4CBA,True,3,False,False,""
A1,A-v2-complex,1-target,공격형-1타깃,0.100,0.000,0.000,False,1.9,1,50DEB425210D7347,5,1,"Lunge(0)>Attack>DashForward>Lunge(7)>Attack>DashBackward>Lunge(3)>Attack>MoveRight>Attack>DashForward>Attack",0,34.000,8,20,16,8,1.211,7,0.000,False,-29.577,9.427,0,180,3499998.000,883.400,0.000,3500882.000,419.266,174E838DC2F18B2B,True,1,True,False,"Beam 1위와 관측축 추천 일치"
A1,A-v2-complex,1-target,공격형-1타깃,0.100,0.000,0.000,False,1.9,1,50DEB425210D7347,5,2,"Lunge(0)>Attack>DashForward>Lunge(7)>Attack>DashBackward>Lunge(3)>Attack>MoveRight>Attack>DashLeft>Attack",0,34.000,7,21,16,9,2.186,5,0.000,False,-13.628,9.427,0,180,3500000.000,835.000,0.000,3500835.000,419.266,0E0BAA0CC0A1ACC0,True,2,False,False,""
A1,A-v2-complex,1-target,공격형-1타깃,0.100,0.000,0.000,False,1.9,1,50DEB425210D7347,5,3,"Lunge(0)>Attack>DashForward>Lunge(7)>Attack>DashBackward>Lunge(3)>Attack>MoveRight>Attack>MoveForward>Attack",0,34.000,7,21,16,9,1.271,8,0.000,False,-36.458,8.677,0,180,3499998.000,835.000,0.000,3500833.000,419.266,1456CDCDEF8C4CBA,True,3,False,False,""
A1,A-v2-complex,1-target,공격형-1타깃,0.100,0.000,0.000,False,1.9,1,50DEB425210D7347,6,1,"Lunge(0)>Attack>DashForward>Lunge(7)>Attack>DashBackward>Lunge(3)>Attack>MoveRight>Attack>DashForward>Attack",0,34.000,8,20,16,8,1.211,7,0.000,False,-29.577,9.427,0,180,3499998.000,883.400,0.000,3500882.000,429.160,174E838DC2F18B2B,True,1,True,False,"Beam 1위와 관측축 추천 일치"
A1,A-v2-complex,1-target,공격형-1타깃,0.100,0.000,0.000,False,1.9,1,50DEB425210D7347,6,2,"Lunge(0)>Attack>DashForward>Lunge(7)>Attack>DashBackward>Lunge(3)>Attack>MoveRight>Attack>DashLeft>Attack",0,34.000,7,21,16,9,2.186,5,0.000,False,-13.628,9.427,0,180,3500000.000,835.000,0.000,3500835.000,429.160,0E0BAA0CC0A1ACC0,True,2,False,False,""
A1,A-v2-complex,1-target,공격형-1타깃,0.100,0.000,0.000,False,1.9,1,50DEB425210D7347,6,3,"Lunge(0)>Attack>DashForward>Lunge(7)>Attack>DashBackward>Lunge(3)>Attack>MoveRight>Attack>MoveForward>Attack",0,34.000,7,21,16,9,1.271,8,0.000,False,-36.458,8.677,0,180,3499998.000,835.000,0.000,3500833.000,429.160,1456CDCDEF8C4CBA,True,3,False,False,""
A1,A-v2-complex,1-target,공격형-1타깃,0.100,0.000,0.000,False,1.9,1,50DEB425210D7347,7,1,"Lunge(0)>Attack>DashForward>Lunge(7)>Attack>DashBackward>Lunge(3)>Attack>MoveRight>Attack>DashForward>Attack",0,34.000,8,20,16,8,1.211,7,0.000,False,-29.577,9.427,0,180,3499998.000,883.400,0.000,3500882.000,412.957,174E838DC2F18B2B,True,1,True,False,"Beam 1위와 관측축 추천 일치"
A1,A-v2-complex,1-target,공격형-1타깃,0.100,0.000,0.000,False,1.9,1,50DEB425210D7347,7,2,"Lunge(0)>Attack>DashForward>Lunge(7)>Attack>DashBackward>Lunge(3)>Attack>MoveRight>Attack>DashLeft>Attack",0,34.000,7,21,16,9,2.186,5,0.000,False,-13.628,9.427,0,180,3500000.000,835.000,0.000,3500835.000,412.957,0E0BAA0CC0A1ACC0,True,2,False,False,""
A1,A-v2-complex,1-target,공격형-1타깃,0.100,0.000,0.000,False,1.9,1,50DEB425210D7347,7,3,"Lunge(0)>Attack>DashForward>Lunge(7)>Attack>DashBackward>Lunge(3)>Attack>MoveRight>Attack>MoveForward>Attack",0,34.000,7,21,16,9,1.271,8,0.000,False,-36.458,8.677,0,180,3499998.000,835.000,0.000,3500833.000,412.957,1456CDCDEF8C4CBA,True,3,False,False,""
A1,A-v2-complex,1-target,공격형-1타깃,0.100,0.000,0.000,False,1.9,1,50DEB425210D7347,8,1,"Lunge(0)>Attack>DashForward>Lunge(7)>Attack>DashBackward>Lunge(3)>Attack>MoveRight>Attack>DashForward>Attack",0,34.000,8,20,16,8,1.211,7,0.000,False,-29.577,9.427,0,180,3499998.000,883.400,0.000,3500882.000,418.076,174E838DC2F18B2B,True,1,True,False,"Beam 1위와 관측축 추천 일치"
A1,A-v2-complex,1-target,공격형-1타깃,0.100,0.000,0.000,False,1.9,1,50DEB425210D7347,8,2,"Lunge(0)>Attack>DashForward>Lunge(7)>Attack>DashBackward>Lunge(3)>Attack>MoveRight>Attack>DashLeft>Attack",0,34.000,7,21,16,9,2.186,5,0.000,False,-13.628,9.427,0,180,3500000.000,835.000,0.000,3500835.000,418.076,0E0BAA0CC0A1ACC0,True,2,False,False,""
A1,A-v2-complex,1-target,공격형-1타깃,0.100,0.000,0.000,False,1.9,1,50DEB425210D7347,8,3,"Lunge(0)>Attack>DashForward>Lunge(7)>Attack>DashBackward>Lunge(3)>Attack>MoveRight>Attack>MoveForward>Attack",0,34.000,7,21,16,9,1.271,8,0.000,False,-36.458,8.677,0,180,3499998.000,835.000,0.000,3500833.000,418.076,1456CDCDEF8C4CBA,True,3,False,False,""
A1,A-v2-complex,1-target,공격형-1타깃,0.100,0.000,0.000,False,1.9,1,50DEB425210D7347,9,1,"Lunge(0)>Attack>DashForward>Lunge(7)>Attack>DashBackward>Lunge(3)>Attack>MoveRight>Attack>DashForward>Attack",0,34.000,8,20,16,8,1.211,7,0.000,False,-29.577,9.427,0,180,3499998.000,883.400,0.000,3500882.000,410.525,174E838DC2F18B2B,True,1,True,False,"Beam 1위와 관측축 추천 일치"
A1,A-v2-complex,1-target,공격형-1타깃,0.100,0.000,0.000,False,1.9,1,50DEB425210D7347,9,2,"Lunge(0)>Attack>DashForward>Lunge(7)>Attack>DashBackward>Lunge(3)>Attack>MoveRight>Attack>DashLeft>Attack",0,34.000,7,21,16,9,2.186,5,0.000,False,-13.628,9.427,0,180,3500000.000,835.000,0.000,3500835.000,410.525,0E0BAA0CC0A1ACC0,True,2,False,False,""
A1,A-v2-complex,1-target,공격형-1타깃,0.100,0.000,0.000,False,1.9,1,50DEB425210D7347,9,3,"Lunge(0)>Attack>DashForward>Lunge(7)>Attack>DashBackward>Lunge(3)>Attack>MoveRight>Attack>MoveForward>Attack",0,34.000,7,21,16,9,1.271,8,0.000,False,-36.458,8.677,0,180,3499998.000,835.000,0.000,3500833.000,410.525,1456CDCDEF8C4CBA,True,3,False,False,""
A1,A-v2-complex,1-target,공격형-1타깃,0.100,0.000,0.000,False,1.9,1,50DEB425210D7347,10,1,"Lunge(0)>Attack>DashForward>Lunge(7)>Attack>DashBackward>Lunge(3)>Attack>MoveRight>Attack>DashForward>Attack",0,34.000,8,20,16,8,1.211,7,0.000,False,-29.577,9.427,0,180,3499998.000,883.400,0.000,3500882.000,420.630,174E838DC2F18B2B,True,1,True,False,"Beam 1위와 관측축 추천 일치"
A1,A-v2-complex,1-target,공격형-1타깃,0.100,0.000,0.000,False,1.9,1,50DEB425210D7347,10,2,"Lunge(0)>Attack>DashForward>Lunge(7)>Attack>DashBackward>Lunge(3)>Attack>MoveRight>Attack>DashLeft>Attack",0,34.000,7,21,16,9,2.186,5,0.000,False,-13.628,9.427,0,180,3500000.000,835.000,0.000,3500835.000,420.630,0E0BAA0CC0A1ACC0,True,2,False,False,""
A1,A-v2-complex,1-target,공격형-1타깃,0.100,0.000,0.000,False,1.9,1,50DEB425210D7347,10,3,"Lunge(0)>Attack>DashForward>Lunge(7)>Attack>DashBackward>Lunge(3)>Attack>MoveRight>Attack>MoveForward>Attack",0,34.000,7,21,16,9,1.271,8,0.000,False,-36.458,8.677,0,180,3499998.000,835.000,0.000,3500833.000,420.630,1456CDCDEF8C4CBA,True,3,False,False,""
A2,A-v2-complex,1-target,공격형-1타깃,0.100,0.000,0.000,False,1.9,1,3F5F709DA48265EF,1,1,"LungeStrike(0)>DashRight>Lunge(5)>Attack>MoveLeft>Attack>Retreat>Attack>DashLeft>LungeStrike(3)>DashBackward>LungeStrike(2)",0,34.000,7,15,12,5,4.373,1,1.942,False,14.570,12.235,0,180,3500001.000,738.200,0.000,3500740.000,211.730,8595C84EEFCE8815,True,2,False,True,""
A2,A-v2-complex,1-target,공격형-1타깃,0.100,0.000,0.000,False,1.9,1,3F5F709DA48265EF,1,2,"LungeStrike(0)>DashRight>Lunge(5)>Attack>MoveLeft>Attack>Retreat>Attack>DashLeft>LungeStrike(3)>DashRight>LungeStrike(2)",0,34.000,7,15,12,5,3.744,2,1.942,False,13.313,12.219,0,180,3500001.000,738.200,0.000,3500740.000,211.730,443AD4995992E909,True,3,False,True,""
A2,A-v2-complex,1-target,공격형-1타깃,0.100,0.000,0.000,False,1.9,1,3F5F709DA48265EF,1,3,"LungeStrike(0)>DashRight>Lunge(5)>Attack>MoveLeft>Attack>MoveRight>Attack>Jump>LungeStrike(3)>DashForward>LungeStrike(1)",0,34.000,7,15,12,5,4.492,1,2.371,False,16.097,12.060,0,180,3500001.000,738.200,0.000,3500740.000,211.730,BD17176102D6F0C7,True,1,True,True,"종료 위치 품질 우세"
A2,A-v2-complex,1-target,공격형-1타깃,0.100,0.000,0.000,False,1.9,1,3F5F709DA48265EF,2,1,"LungeStrike(0)>DashRight>Lunge(5)>Attack>MoveLeft>Attack>Retreat>Attack>DashLeft>LungeStrike(3)>DashBackward>LungeStrike(2)",0,34.000,7,15,12,5,4.373,1,1.942,False,14.570,12.235,0,180,3500001.000,738.200,0.000,3500740.000,208.180,8595C84EEFCE8815,True,2,False,True,""
A2,A-v2-complex,1-target,공격형-1타깃,0.100,0.000,0.000,False,1.9,1,3F5F709DA48265EF,2,2,"LungeStrike(0)>DashRight>Lunge(5)>Attack>MoveLeft>Attack>Retreat>Attack>DashLeft>LungeStrike(3)>DashRight>LungeStrike(2)",0,34.000,7,15,12,5,3.744,2,1.942,False,13.313,12.219,0,180,3500001.000,738.200,0.000,3500740.000,208.180,443AD4995992E909,True,3,False,True,""
A2,A-v2-complex,1-target,공격형-1타깃,0.100,0.000,0.000,False,1.9,1,3F5F709DA48265EF,2,3,"LungeStrike(0)>DashRight>Lunge(5)>Attack>MoveLeft>Attack>MoveRight>Attack>Jump>LungeStrike(3)>DashForward>LungeStrike(1)",0,34.000,7,15,12,5,4.492,1,2.371,False,16.097,12.060,0,180,3500001.000,738.200,0.000,3500740.000,208.180,BD17176102D6F0C7,True,1,True,True,"종료 위치 품질 우세"
A2,A-v2-complex,1-target,공격형-1타깃,0.100,0.000,0.000,False,1.9,1,3F5F709DA48265EF,3,1,"LungeStrike(0)>DashRight>Lunge(5)>Attack>MoveLeft>Attack>Retreat>Attack>DashLeft>LungeStrike(3)>DashBackward>LungeStrike(2)",0,34.000,7,15,12,5,4.373,1,1.942,False,14.570,12.235,0,180,3500001.000,738.200,0.000,3500740.000,209.570,8595C84EEFCE8815,True,2,False,True,""
A2,A-v2-complex,1-target,공격형-1타깃,0.100,0.000,0.000,False,1.9,1,3F5F709DA48265EF,3,2,"LungeStrike(0)>DashRight>Lunge(5)>Attack>MoveLeft>Attack>Retreat>Attack>DashLeft>LungeStrike(3)>DashRight>LungeStrike(2)",0,34.000,7,15,12,5,3.744,2,1.942,False,13.313,12.219,0,180,3500001.000,738.200,0.000,3500740.000,209.570,443AD4995992E909,True,3,False,True,""
A2,A-v2-complex,1-target,공격형-1타깃,0.100,0.000,0.000,False,1.9,1,3F5F709DA48265EF,3,3,"LungeStrike(0)>DashRight>Lunge(5)>Attack>MoveLeft>Attack>MoveRight>Attack>Jump>LungeStrike(3)>DashForward>LungeStrike(1)",0,34.000,7,15,12,5,4.492,1,2.371,False,16.097,12.060,0,180,3500001.000,738.200,0.000,3500740.000,209.570,BD17176102D6F0C7,True,1,True,True,"종료 위치 품질 우세"
A2,A-v2-complex,1-target,공격형-1타깃,0.100,0.000,0.000,False,1.9,1,3F5F709DA48265EF,4,1,"LungeStrike(0)>DashRight>Lunge(5)>Attack>MoveLeft>Attack>Retreat>Attack>DashLeft>LungeStrike(3)>DashBackward>LungeStrike(2)",0,34.000,7,15,12,5,4.373,1,1.942,False,14.570,12.235,0,180,3500001.000,738.200,0.000,3500740.000,217.847,8595C84EEFCE8815,True,2,False,True,""
A2,A-v2-complex,1-target,공격형-1타깃,0.100,0.000,0.000,False,1.9,1,3F5F709DA48265EF,4,2,"LungeStrike(0)>DashRight>Lunge(5)>Attack>MoveLeft>Attack>Retreat>Attack>DashLeft>LungeStrike(3)>DashRight>LungeStrike(2)",0,34.000,7,15,12,5,3.744,2,1.942,False,13.313,12.219,0,180,3500001.000,738.200,0.000,3500740.000,217.847,443AD4995992E909,True,3,False,True,""
A2,A-v2-complex,1-target,공격형-1타깃,0.100,0.000,0.000,False,1.9,1,3F5F709DA48265EF,4,3,"LungeStrike(0)>DashRight>Lunge(5)>Attack>MoveLeft>Attack>MoveRight>Attack>Jump>LungeStrike(3)>DashForward>LungeStrike(1)",0,34.000,7,15,12,5,4.492,1,2.371,False,16.097,12.060,0,180,3500001.000,738.200,0.000,3500740.000,217.847,BD17176102D6F0C7,True,1,True,True,"종료 위치 품질 우세"
A2,A-v2-complex,1-target,공격형-1타깃,0.100,0.000,0.000,False,1.9,1,3F5F709DA48265EF,5,1,"LungeStrike(0)>DashRight>Lunge(5)>Attack>MoveLeft>Attack>Retreat>Attack>DashLeft>LungeStrike(3)>DashBackward>LungeStrike(2)",0,34.000,7,15,12,5,4.373,1,1.942,False,14.570,12.235,0,180,3500001.000,738.200,0.000,3500740.000,218.764,8595C84EEFCE8815,True,2,False,True,""
A2,A-v2-complex,1-target,공격형-1타깃,0.100,0.000,0.000,False,1.9,1,3F5F709DA48265EF,5,2,"LungeStrike(0)>DashRight>Lunge(5)>Attack>MoveLeft>Attack>Retreat>Attack>DashLeft>LungeStrike(3)>DashRight>LungeStrike(2)",0,34.000,7,15,12,5,3.744,2,1.942,False,13.313,12.219,0,180,3500001.000,738.200,0.000,3500740.000,218.764,443AD4995992E909,True,3,False,True,""
A2,A-v2-complex,1-target,공격형-1타깃,0.100,0.000,0.000,False,1.9,1,3F5F709DA48265EF,5,3,"LungeStrike(0)>DashRight>Lunge(5)>Attack>MoveLeft>Attack>MoveRight>Attack>Jump>LungeStrike(3)>DashForward>LungeStrike(1)",0,34.000,7,15,12,5,4.492,1,2.371,False,16.097,12.060,0,180,3500001.000,738.200,0.000,3500740.000,218.764,BD17176102D6F0C7,True,1,True,True,"종료 위치 품질 우세"
A2,A-v2-complex,1-target,공격형-1타깃,0.100,0.000,0.000,False,1.9,1,3F5F709DA48265EF,6,1,"LungeStrike(0)>DashRight>Lunge(5)>Attack>MoveLeft>Attack>Retreat>Attack>DashLeft>LungeStrike(3)>DashBackward>LungeStrike(2)",0,34.000,7,15,12,5,4.373,1,1.942,False,14.570,12.235,0,180,3500001.000,738.200,0.000,3500740.000,209.623,8595C84EEFCE8815,True,2,False,True,""
A2,A-v2-complex,1-target,공격형-1타깃,0.100,0.000,0.000,False,1.9,1,3F5F709DA48265EF,6,2,"LungeStrike(0)>DashRight>Lunge(5)>Attack>MoveLeft>Attack>Retreat>Attack>DashLeft>LungeStrike(3)>DashRight>LungeStrike(2)",0,34.000,7,15,12,5,3.744,2,1.942,False,13.313,12.219,0,180,3500001.000,738.200,0.000,3500740.000,209.623,443AD4995992E909,True,3,False,True,""
A2,A-v2-complex,1-target,공격형-1타깃,0.100,0.000,0.000,False,1.9,1,3F5F709DA48265EF,6,3,"LungeStrike(0)>DashRight>Lunge(5)>Attack>MoveLeft>Attack>MoveRight>Attack>Jump>LungeStrike(3)>DashForward>LungeStrike(1)",0,34.000,7,15,12,5,4.492,1,2.371,False,16.097,12.060,0,180,3500001.000,738.200,0.000,3500740.000,209.623,BD17176102D6F0C7,True,1,True,True,"종료 위치 품질 우세"
A2,A-v2-complex,1-target,공격형-1타깃,0.100,0.000,0.000,False,1.9,1,3F5F709DA48265EF,7,1,"LungeStrike(0)>DashRight>Lunge(5)>Attack>MoveLeft>Attack>Retreat>Attack>DashLeft>LungeStrike(3)>DashBackward>LungeStrike(2)",0,34.000,7,15,12,5,4.373,1,1.942,False,14.570,12.235,0,180,3500001.000,738.200,0.000,3500740.000,217.244,8595C84EEFCE8815,True,2,False,True,""
A2,A-v2-complex,1-target,공격형-1타깃,0.100,0.000,0.000,False,1.9,1,3F5F709DA48265EF,7,2,"LungeStrike(0)>DashRight>Lunge(5)>Attack>MoveLeft>Attack>Retreat>Attack>DashLeft>LungeStrike(3)>DashRight>LungeStrike(2)",0,34.000,7,15,12,5,3.744,2,1.942,False,13.313,12.219,0,180,3500001.000,738.200,0.000,3500740.000,217.244,443AD4995992E909,True,3,False,True,""
A2,A-v2-complex,1-target,공격형-1타깃,0.100,0.000,0.000,False,1.9,1,3F5F709DA48265EF,7,3,"LungeStrike(0)>DashRight>Lunge(5)>Attack>MoveLeft>Attack>MoveRight>Attack>Jump>LungeStrike(3)>DashForward>LungeStrike(1)",0,34.000,7,15,12,5,4.492,1,2.371,False,16.097,12.060,0,180,3500001.000,738.200,0.000,3500740.000,217.244,BD17176102D6F0C7,True,1,True,True,"종료 위치 품질 우세"
A2,A-v2-complex,1-target,공격형-1타깃,0.100,0.000,0.000,False,1.9,1,3F5F709DA48265EF,8,1,"LungeStrike(0)>DashRight>Lunge(5)>Attack>MoveLeft>Attack>Retreat>Attack>DashLeft>LungeStrike(3)>DashBackward>LungeStrike(2)",0,34.000,7,15,12,5,4.373,1,1.942,False,14.570,12.235,0,180,3500001.000,738.200,0.000,3500740.000,212.618,8595C84EEFCE8815,True,2,False,True,""
A2,A-v2-complex,1-target,공격형-1타깃,0.100,0.000,0.000,False,1.9,1,3F5F709DA48265EF,8,2,"LungeStrike(0)>DashRight>Lunge(5)>Attack>MoveLeft>Attack>Retreat>Attack>DashLeft>LungeStrike(3)>DashRight>LungeStrike(2)",0,34.000,7,15,12,5,3.744,2,1.942,False,13.313,12.219,0,180,3500001.000,738.200,0.000,3500740.000,212.618,443AD4995992E909,True,3,False,True,""
A2,A-v2-complex,1-target,공격형-1타깃,0.100,0.000,0.000,False,1.9,1,3F5F709DA48265EF,8,3,"LungeStrike(0)>DashRight>Lunge(5)>Attack>MoveLeft>Attack>MoveRight>Attack>Jump>LungeStrike(3)>DashForward>LungeStrike(1)",0,34.000,7,15,12,5,4.492,1,2.371,False,16.097,12.060,0,180,3500001.000,738.200,0.000,3500740.000,212.618,BD17176102D6F0C7,True,1,True,True,"종료 위치 품질 우세"
A2,A-v2-complex,1-target,공격형-1타깃,0.100,0.000,0.000,False,1.9,1,3F5F709DA48265EF,9,1,"LungeStrike(0)>DashRight>Lunge(5)>Attack>MoveLeft>Attack>Retreat>Attack>DashLeft>LungeStrike(3)>DashBackward>LungeStrike(2)",0,34.000,7,15,12,5,4.373,1,1.942,False,14.570,12.235,0,180,3500001.000,738.200,0.000,3500740.000,217.420,8595C84EEFCE8815,True,2,False,True,""
A2,A-v2-complex,1-target,공격형-1타깃,0.100,0.000,0.000,False,1.9,1,3F5F709DA48265EF,9,2,"LungeStrike(0)>DashRight>Lunge(5)>Attack>MoveLeft>Attack>Retreat>Attack>DashLeft>LungeStrike(3)>DashRight>LungeStrike(2)",0,34.000,7,15,12,5,3.744,2,1.942,False,13.313,12.219,0,180,3500001.000,738.200,0.000,3500740.000,217.420,443AD4995992E909,True,3,False,True,""
A2,A-v2-complex,1-target,공격형-1타깃,0.100,0.000,0.000,False,1.9,1,3F5F709DA48265EF,9,3,"LungeStrike(0)>DashRight>Lunge(5)>Attack>MoveLeft>Attack>MoveRight>Attack>Jump>LungeStrike(3)>DashForward>LungeStrike(1)",0,34.000,7,15,12,5,4.492,1,2.371,False,16.097,12.060,0,180,3500001.000,738.200,0.000,3500740.000,217.420,BD17176102D6F0C7,True,1,True,True,"종료 위치 품질 우세"
A2,A-v2-complex,1-target,공격형-1타깃,0.100,0.000,0.000,False,1.9,1,3F5F709DA48265EF,10,1,"LungeStrike(0)>DashRight>Lunge(5)>Attack>MoveLeft>Attack>Retreat>Attack>DashLeft>LungeStrike(3)>DashBackward>LungeStrike(2)",0,34.000,7,15,12,5,4.373,1,1.942,False,14.570,12.235,0,180,3500001.000,738.200,0.000,3500740.000,229.577,8595C84EEFCE8815,True,2,False,True,""
A2,A-v2-complex,1-target,공격형-1타깃,0.100,0.000,0.000,False,1.9,1,3F5F709DA48265EF,10,2,"LungeStrike(0)>DashRight>Lunge(5)>Attack>MoveLeft>Attack>Retreat>Attack>DashLeft>LungeStrike(3)>DashRight>LungeStrike(2)",0,34.000,7,15,12,5,3.744,2,1.942,False,13.313,12.219,0,180,3500001.000,738.200,0.000,3500740.000,229.577,443AD4995992E909,True,3,False,True,""
A2,A-v2-complex,1-target,공격형-1타깃,0.100,0.000,0.000,False,1.9,1,3F5F709DA48265EF,10,3,"LungeStrike(0)>DashRight>Lunge(5)>Attack>MoveLeft>Attack>MoveRight>Attack>Jump>LungeStrike(3)>DashForward>LungeStrike(1)",0,34.000,7,15,12,5,4.492,1,2.371,False,16.097,12.060,0,180,3500001.000,738.200,0.000,3500740.000,229.577,BD17176102D6F0C7,True,1,True,True,"종료 위치 품질 우세"
A3,A-v2-complex,1-target,공격형-1타깃,0.100,0.000,0.000,False,1.9,1,01880BEA0D35E61C,1,1,"Attack>DashForward>Attack>MoveLeft>Attack>MoveForward>Lunge(2)>Attack>MoveRight>Attack>Retreat>Attack",0,29.000,9,16,14,6,3.663,2,0.000,False,10.327,6.215,1,180,3499998.000,878.500,0.000,3500876.000,426.330,A0CA6604C4776456,True,1,True,False,"Beam 1위와 관측축 추천 일치"
A3,A-v2-complex,1-target,공격형-1타깃,0.100,0.000,0.000,False,1.9,1,01880BEA0D35E61C,1,2,"Attack>DashForward>Attack>MoveLeft>Attack>MoveForward>Lunge(2)>Attack>MoveRight>Attack>DashBackward>Lunge(6)",0,29.000,9,16,14,6,3.481,2,0.000,False,9.961,7.922,1,180,3499998.000,878.500,0.000,3500876.000,426.330,B3AA95B991B533C7,True,2,False,False,""
A3,A-v2-complex,1-target,공격형-1타깃,0.100,0.000,0.000,False,1.9,1,01880BEA0D35E61C,1,3,"Attack>DashForward>Attack>MoveLeft>Attack>MoveForward>Lunge(2)>Attack>MoveRight>Attack>DashRight>Lunge(6)",0,29.000,9,16,14,6,3.460,1,0.000,False,9.919,7.668,1,180,3499998.000,878.500,0.000,3500876.000,426.330,233E281119EBE4C4,True,3,False,False,""
A3,A-v2-complex,1-target,공격형-1타깃,0.100,0.000,0.000,False,1.9,1,01880BEA0D35E61C,2,1,"Attack>DashForward>Attack>MoveLeft>Attack>MoveForward>Lunge(2)>Attack>MoveRight>Attack>Retreat>Attack",0,29.000,9,16,14,6,3.663,2,0.000,False,10.327,6.215,1,180,3499998.000,878.500,0.000,3500876.000,531.365,A0CA6604C4776456,True,1,True,False,"Beam 1위와 관측축 추천 일치"
A3,A-v2-complex,1-target,공격형-1타깃,0.100,0.000,0.000,False,1.9,1,01880BEA0D35E61C,2,2,"Attack>DashForward>Attack>MoveLeft>Attack>MoveForward>Lunge(2)>Attack>MoveRight>Attack>DashBackward>Lunge(6)",0,29.000,9,16,14,6,3.481,2,0.000,False,9.961,7.922,1,180,3499998.000,878.500,0.000,3500876.000,531.365,B3AA95B991B533C7,True,2,False,False,""
A3,A-v2-complex,1-target,공격형-1타깃,0.100,0.000,0.000,False,1.9,1,01880BEA0D35E61C,2,3,"Attack>DashForward>Attack>MoveLeft>Attack>MoveForward>Lunge(2)>Attack>MoveRight>Attack>DashRight>Lunge(6)",0,29.000,9,16,14,6,3.460,1,0.000,False,9.919,7.668,1,180,3499998.000,878.500,0.000,3500876.000,531.365,233E281119EBE4C4,True,3,False,False,""
A3,A-v2-complex,1-target,공격형-1타깃,0.100,0.000,0.000,False,1.9,1,01880BEA0D35E61C,3,1,"Attack>DashForward>Attack>MoveLeft>Attack>MoveForward>Lunge(2)>Attack>MoveRight>Attack>Retreat>Attack",0,29.000,9,16,14,6,3.663,2,0.000,False,10.327,6.215,1,180,3499998.000,878.500,0.000,3500876.000,562.411,A0CA6604C4776456,True,1,True,False,"Beam 1위와 관측축 추천 일치"
A3,A-v2-complex,1-target,공격형-1타깃,0.100,0.000,0.000,False,1.9,1,01880BEA0D35E61C,3,2,"Attack>DashForward>Attack>MoveLeft>Attack>MoveForward>Lunge(2)>Attack>MoveRight>Attack>DashBackward>Lunge(6)",0,29.000,9,16,14,6,3.481,2,0.000,False,9.961,7.922,1,180,3499998.000,878.500,0.000,3500876.000,562.411,B3AA95B991B533C7,True,2,False,False,""
A3,A-v2-complex,1-target,공격형-1타깃,0.100,0.000,0.000,False,1.9,1,01880BEA0D35E61C,3,3,"Attack>DashForward>Attack>MoveLeft>Attack>MoveForward>Lunge(2)>Attack>MoveRight>Attack>DashRight>Lunge(6)",0,29.000,9,16,14,6,3.460,1,0.000,False,9.919,7.668,1,180,3499998.000,878.500,0.000,3500876.000,562.411,233E281119EBE4C4,True,3,False,False,""
A3,A-v2-complex,1-target,공격형-1타깃,0.100,0.000,0.000,False,1.9,1,01880BEA0D35E61C,4,1,"Attack>DashForward>Attack>MoveLeft>Attack>MoveForward>Lunge(2)>Attack>MoveRight>Attack>Retreat>Attack",0,29.000,9,16,14,6,3.663,2,0.000,False,10.327,6.215,1,180,3499998.000,878.500,0.000,3500876.000,544.906,A0CA6604C4776456,True,1,True,False,"Beam 1위와 관측축 추천 일치"
A3,A-v2-complex,1-target,공격형-1타깃,0.100,0.000,0.000,False,1.9,1,01880BEA0D35E61C,4,2,"Attack>DashForward>Attack>MoveLeft>Attack>MoveForward>Lunge(2)>Attack>MoveRight>Attack>DashBackward>Lunge(6)",0,29.000,9,16,14,6,3.481,2,0.000,False,9.961,7.922,1,180,3499998.000,878.500,0.000,3500876.000,544.906,B3AA95B991B533C7,True,2,False,False,""
A3,A-v2-complex,1-target,공격형-1타깃,0.100,0.000,0.000,False,1.9,1,01880BEA0D35E61C,4,3,"Attack>DashForward>Attack>MoveLeft>Attack>MoveForward>Lunge(2)>Attack>MoveRight>Attack>DashRight>Lunge(6)",0,29.000,9,16,14,6,3.460,1,0.000,False,9.919,7.668,1,180,3499998.000,878.500,0.000,3500876.000,544.906,233E281119EBE4C4,True,3,False,False,""
A3,A-v2-complex,1-target,공격형-1타깃,0.100,0.000,0.000,False,1.9,1,01880BEA0D35E61C,5,1,"Attack>DashForward>Attack>MoveLeft>Attack>MoveForward>Lunge(2)>Attack>MoveRight>Attack>Retreat>Attack",0,29.000,9,16,14,6,3.663,2,0.000,False,10.327,6.215,1,180,3499998.000,878.500,0.000,3500876.000,523.358,A0CA6604C4776456,True,1,True,False,"Beam 1위와 관측축 추천 일치"
A3,A-v2-complex,1-target,공격형-1타깃,0.100,0.000,0.000,False,1.9,1,01880BEA0D35E61C,5,2,"Attack>DashForward>Attack>MoveLeft>Attack>MoveForward>Lunge(2)>Attack>MoveRight>Attack>DashBackward>Lunge(6)",0,29.000,9,16,14,6,3.481,2,0.000,False,9.961,7.922,1,180,3499998.000,878.500,0.000,3500876.000,523.358,B3AA95B991B533C7,True,2,False,False,""
A3,A-v2-complex,1-target,공격형-1타깃,0.100,0.000,0.000,False,1.9,1,01880BEA0D35E61C,5,3,"Attack>DashForward>Attack>MoveLeft>Attack>MoveForward>Lunge(2)>Attack>MoveRight>Attack>DashRight>Lunge(6)",0,29.000,9,16,14,6,3.460,1,0.000,False,9.919,7.668,1,180,3499998.000,878.500,0.000,3500876.000,523.358,233E281119EBE4C4,True,3,False,False,""
A3,A-v2-complex,1-target,공격형-1타깃,0.100,0.000,0.000,False,1.9,1,01880BEA0D35E61C,6,1,"Attack>DashForward>Attack>MoveLeft>Attack>MoveForward>Lunge(2)>Attack>MoveRight>Attack>Retreat>Attack",0,29.000,9,16,14,6,3.663,2,0.000,False,10.327,6.215,1,180,3499998.000,878.500,0.000,3500876.000,531.266,A0CA6604C4776456,True,1,True,False,"Beam 1위와 관측축 추천 일치"
A3,A-v2-complex,1-target,공격형-1타깃,0.100,0.000,0.000,False,1.9,1,01880BEA0D35E61C,6,2,"Attack>DashForward>Attack>MoveLeft>Attack>MoveForward>Lunge(2)>Attack>MoveRight>Attack>DashBackward>Lunge(6)",0,29.000,9,16,14,6,3.481,2,0.000,False,9.961,7.922,1,180,3499998.000,878.500,0.000,3500876.000,531.266,B3AA95B991B533C7,True,2,False,False,""
A3,A-v2-complex,1-target,공격형-1타깃,0.100,0.000,0.000,False,1.9,1,01880BEA0D35E61C,6,3,"Attack>DashForward>Attack>MoveLeft>Attack>MoveForward>Lunge(2)>Attack>MoveRight>Attack>DashRight>Lunge(6)",0,29.000,9,16,14,6,3.460,1,0.000,False,9.919,7.668,1,180,3499998.000,878.500,0.000,3500876.000,531.266,233E281119EBE4C4,True,3,False,False,""
A3,A-v2-complex,1-target,공격형-1타깃,0.100,0.000,0.000,False,1.9,1,01880BEA0D35E61C,7,1,"Attack>DashForward>Attack>MoveLeft>Attack>MoveForward>Lunge(2)>Attack>MoveRight>Attack>Retreat>Attack",0,29.000,9,16,14,6,3.663,2,0.000,False,10.327,6.215,1,180,3499998.000,878.500,0.000,3500876.000,560.469,A0CA6604C4776456,True,1,True,False,"Beam 1위와 관측축 추천 일치"
A3,A-v2-complex,1-target,공격형-1타깃,0.100,0.000,0.000,False,1.9,1,01880BEA0D35E61C,7,2,"Attack>DashForward>Attack>MoveLeft>Attack>MoveForward>Lunge(2)>Attack>MoveRight>Attack>DashBackward>Lunge(6)",0,29.000,9,16,14,6,3.481,2,0.000,False,9.961,7.922,1,180,3499998.000,878.500,0.000,3500876.000,560.469,B3AA95B991B533C7,True,2,False,False,""
A3,A-v2-complex,1-target,공격형-1타깃,0.100,0.000,0.000,False,1.9,1,01880BEA0D35E61C,7,3,"Attack>DashForward>Attack>MoveLeft>Attack>MoveForward>Lunge(2)>Attack>MoveRight>Attack>DashRight>Lunge(6)",0,29.000,9,16,14,6,3.460,1,0.000,False,9.919,7.668,1,180,3499998.000,878.500,0.000,3500876.000,560.469,233E281119EBE4C4,True,3,False,False,""
A3,A-v2-complex,1-target,공격형-1타깃,0.100,0.000,0.000,False,1.9,1,01880BEA0D35E61C,8,1,"Attack>DashForward>Attack>MoveLeft>Attack>MoveForward>Lunge(2)>Attack>MoveRight>Attack>Retreat>Attack",0,29.000,9,16,14,6,3.663,2,0.000,False,10.327,6.215,1,180,3499998.000,878.500,0.000,3500876.000,539.015,A0CA6604C4776456,True,1,True,False,"Beam 1위와 관측축 추천 일치"
A3,A-v2-complex,1-target,공격형-1타깃,0.100,0.000,0.000,False,1.9,1,01880BEA0D35E61C,8,2,"Attack>DashForward>Attack>MoveLeft>Attack>MoveForward>Lunge(2)>Attack>MoveRight>Attack>DashBackward>Lunge(6)",0,29.000,9,16,14,6,3.481,2,0.000,False,9.961,7.922,1,180,3499998.000,878.500,0.000,3500876.000,539.015,B3AA95B991B533C7,True,2,False,False,""
A3,A-v2-complex,1-target,공격형-1타깃,0.100,0.000,0.000,False,1.9,1,01880BEA0D35E61C,8,3,"Attack>DashForward>Attack>MoveLeft>Attack>MoveForward>Lunge(2)>Attack>MoveRight>Attack>DashRight>Lunge(6)",0,29.000,9,16,14,6,3.460,1,0.000,False,9.919,7.668,1,180,3499998.000,878.500,0.000,3500876.000,539.015,233E281119EBE4C4,True,3,False,False,""
A3,A-v2-complex,1-target,공격형-1타깃,0.100,0.000,0.000,False,1.9,1,01880BEA0D35E61C,9,1,"Attack>DashForward>Attack>MoveLeft>Attack>MoveForward>Lunge(2)>Attack>MoveRight>Attack>Retreat>Attack",0,29.000,9,16,14,6,3.663,2,0.000,False,10.327,6.215,1,180,3499998.000,878.500,0.000,3500876.000,612.902,A0CA6604C4776456,True,1,True,False,"Beam 1위와 관측축 추천 일치"
A3,A-v2-complex,1-target,공격형-1타깃,0.100,0.000,0.000,False,1.9,1,01880BEA0D35E61C,9,2,"Attack>DashForward>Attack>MoveLeft>Attack>MoveForward>Lunge(2)>Attack>MoveRight>Attack>DashBackward>Lunge(6)",0,29.000,9,16,14,6,3.481,2,0.000,False,9.961,7.922,1,180,3499998.000,878.500,0.000,3500876.000,612.902,B3AA95B991B533C7,True,2,False,False,""
A3,A-v2-complex,1-target,공격형-1타깃,0.100,0.000,0.000,False,1.9,1,01880BEA0D35E61C,9,3,"Attack>DashForward>Attack>MoveLeft>Attack>MoveForward>Lunge(2)>Attack>MoveRight>Attack>DashRight>Lunge(6)",0,29.000,9,16,14,6,3.460,1,0.000,False,9.919,7.668,1,180,3499998.000,878.500,0.000,3500876.000,612.902,233E281119EBE4C4,True,3,False,False,""
A3,A-v2-complex,1-target,공격형-1타깃,0.100,0.000,0.000,False,1.9,1,01880BEA0D35E61C,10,1,"Attack>DashForward>Attack>MoveLeft>Attack>MoveForward>Lunge(2)>Attack>MoveRight>Attack>Retreat>Attack",0,29.000,9,16,14,6,3.663,2,0.000,False,10.327,6.215,1,180,3499998.000,878.500,0.000,3500876.000,594.442,A0CA6604C4776456,True,1,True,False,"Beam 1위와 관측축 추천 일치"
A3,A-v2-complex,1-target,공격형-1타깃,0.100,0.000,0.000,False,1.9,1,01880BEA0D35E61C,10,2,"Attack>DashForward>Attack>MoveLeft>Attack>MoveForward>Lunge(2)>Attack>MoveRight>Attack>DashBackward>Lunge(6)",0,29.000,9,16,14,6,3.481,2,0.000,False,9.961,7.922,1,180,3499998.000,878.500,0.000,3500876.000,594.442,B3AA95B991B533C7,True,2,False,False,""
A3,A-v2-complex,1-target,공격형-1타깃,0.100,0.000,0.000,False,1.9,1,01880BEA0D35E61C,10,3,"Attack>DashForward>Attack>MoveLeft>Attack>MoveForward>Lunge(2)>Attack>MoveRight>Attack>DashRight>Lunge(6)",0,29.000,9,16,14,6,3.460,1,0.000,False,9.919,7.668,1,180,3499998.000,878.500,0.000,3500876.000,594.442,233E281119EBE4C4,True,3,False,False,""
A4,A-v2-complex,1-target,공격형-1타깃,0.100,0.000,0.000,False,1.9,1,62F6E9F8D1F2129D,1,1,"Attack>DashForward>Attack>MoveLeft>Attack>DashForward>LungeStrike(17)>DashLeft>Lunge(9)>Attack>MoveLeft>Attack",1,29.000,9,17,18,9,3.476,3,0.000,False,2.952,9.355,3,180,3499967.000,896.100,0.000,3500863.000,807.603,EE9534D8EAD61921,True,3,False,True,""
A4,A-v2-complex,1-target,공격형-1타깃,0.100,0.000,0.000,False,1.9,1,62F6E9F8D1F2129D,1,2,"Attack>DashForward>Attack>MoveLeft>Attack>DashForward>LungeStrike(17)>DashLeft>Lunge(9)>Attack>MoveLeft>Lunge(10)",1,29.000,9,17,18,9,3.440,3,0.000,True,10.880,10.087,3,180,3499967.000,896.100,0.000,3500863.000,807.603,84AF7D16C319FC53,True,2,False,True,""
A4,A-v2-complex,1-target,공격형-1타깃,0.100,0.000,0.000,False,1.9,1,62F6E9F8D1F2129D,1,3,"Attack>DashForward>Attack>MoveLeft>Attack>DashForward>LungeStrike(17)>DashLeft>Lunge(9)>Attack>DashBackward>Lunge(10)",1,29.000,9,17,18,9,5.410,0,0.000,True,21.819,10.805,3,180,3499949.000,896.100,0.000,3500845.000,807.603,FB646DB73DF7B674,True,1,True,True,"종료 즉시 행동 가능"
A4,A-v2-complex,1-target,공격형-1타깃,0.100,0.000,0.000,False,1.9,1,62F6E9F8D1F2129D,2,1,"Attack>DashForward>Attack>MoveLeft>Attack>DashForward>LungeStrike(17)>DashLeft>Lunge(9)>Attack>MoveLeft>Attack",1,29.000,9,17,18,9,3.476,3,0.000,False,2.952,9.355,3,180,3499967.000,896.100,0.000,3500863.000,819.300,EE9534D8EAD61921,True,3,False,True,""
A4,A-v2-complex,1-target,공격형-1타깃,0.100,0.000,0.000,False,1.9,1,62F6E9F8D1F2129D,2,2,"Attack>DashForward>Attack>MoveLeft>Attack>DashForward>LungeStrike(17)>DashLeft>Lunge(9)>Attack>MoveLeft>Lunge(10)",1,29.000,9,17,18,9,3.440,3,0.000,True,10.880,10.087,3,180,3499967.000,896.100,0.000,3500863.000,819.300,84AF7D16C319FC53,True,2,False,True,""
A4,A-v2-complex,1-target,공격형-1타깃,0.100,0.000,0.000,False,1.9,1,62F6E9F8D1F2129D,2,3,"Attack>DashForward>Attack>MoveLeft>Attack>DashForward>LungeStrike(17)>DashLeft>Lunge(9)>Attack>DashBackward>Lunge(10)",1,29.000,9,17,18,9,5.410,0,0.000,True,21.819,10.805,3,180,3499949.000,896.100,0.000,3500845.000,819.300,FB646DB73DF7B674,True,1,True,True,"종료 즉시 행동 가능"
A4,A-v2-complex,1-target,공격형-1타깃,0.100,0.000,0.000,False,1.9,1,62F6E9F8D1F2129D,3,1,"Attack>DashForward>Attack>MoveLeft>Attack>DashForward>LungeStrike(17)>DashLeft>Lunge(9)>Attack>MoveLeft>Attack",1,29.000,9,17,18,9,3.476,3,0.000,False,2.952,9.355,3,180,3499967.000,896.100,0.000,3500863.000,848.663,EE9534D8EAD61921,True,3,False,True,""
A4,A-v2-complex,1-target,공격형-1타깃,0.100,0.000,0.000,False,1.9,1,62F6E9F8D1F2129D,3,2,"Attack>DashForward>Attack>MoveLeft>Attack>DashForward>LungeStrike(17)>DashLeft>Lunge(9)>Attack>MoveLeft>Lunge(10)",1,29.000,9,17,18,9,3.440,3,0.000,True,10.880,10.087,3,180,3499967.000,896.100,0.000,3500863.000,848.663,84AF7D16C319FC53,True,2,False,True,""
A4,A-v2-complex,1-target,공격형-1타깃,0.100,0.000,0.000,False,1.9,1,62F6E9F8D1F2129D,3,3,"Attack>DashForward>Attack>MoveLeft>Attack>DashForward>LungeStrike(17)>DashLeft>Lunge(9)>Attack>DashBackward>Lunge(10)",1,29.000,9,17,18,9,5.410,0,0.000,True,21.819,10.805,3,180,3499949.000,896.100,0.000,3500845.000,848.663,FB646DB73DF7B674,True,1,True,True,"종료 즉시 행동 가능"
A4,A-v2-complex,1-target,공격형-1타깃,0.100,0.000,0.000,False,1.9,1,62F6E9F8D1F2129D,4,1,"Attack>DashForward>Attack>MoveLeft>Attack>DashForward>LungeStrike(17)>DashLeft>Lunge(9)>Attack>MoveLeft>Attack",1,29.000,9,17,18,9,3.476,3,0.000,False,2.952,9.355,3,180,3499967.000,896.100,0.000,3500863.000,813.135,EE9534D8EAD61921,True,3,False,True,""
A4,A-v2-complex,1-target,공격형-1타깃,0.100,0.000,0.000,False,1.9,1,62F6E9F8D1F2129D,4,2,"Attack>DashForward>Attack>MoveLeft>Attack>DashForward>LungeStrike(17)>DashLeft>Lunge(9)>Attack>MoveLeft>Lunge(10)",1,29.000,9,17,18,9,3.440,3,0.000,True,10.880,10.087,3,180,3499967.000,896.100,0.000,3500863.000,813.135,84AF7D16C319FC53,True,2,False,True,""
A4,A-v2-complex,1-target,공격형-1타깃,0.100,0.000,0.000,False,1.9,1,62F6E9F8D1F2129D,4,3,"Attack>DashForward>Attack>MoveLeft>Attack>DashForward>LungeStrike(17)>DashLeft>Lunge(9)>Attack>DashBackward>Lunge(10)",1,29.000,9,17,18,9,5.410,0,0.000,True,21.819,10.805,3,180,3499949.000,896.100,0.000,3500845.000,813.135,FB646DB73DF7B674,True,1,True,True,"종료 즉시 행동 가능"
A4,A-v2-complex,1-target,공격형-1타깃,0.100,0.000,0.000,False,1.9,1,62F6E9F8D1F2129D,5,1,"Attack>DashForward>Attack>MoveLeft>Attack>DashForward>LungeStrike(17)>DashLeft>Lunge(9)>Attack>MoveLeft>Attack",1,29.000,9,17,18,9,3.476,3,0.000,False,2.952,9.355,3,180,3499967.000,896.100,0.000,3500863.000,822.692,EE9534D8EAD61921,True,3,False,True,""
A4,A-v2-complex,1-target,공격형-1타깃,0.100,0.000,0.000,False,1.9,1,62F6E9F8D1F2129D,5,2,"Attack>DashForward>Attack>MoveLeft>Attack>DashForward>LungeStrike(17)>DashLeft>Lunge(9)>Attack>MoveLeft>Lunge(10)",1,29.000,9,17,18,9,3.440,3,0.000,True,10.880,10.087,3,180,3499967.000,896.100,0.000,3500863.000,822.692,84AF7D16C319FC53,True,2,False,True,""
A4,A-v2-complex,1-target,공격형-1타깃,0.100,0.000,0.000,False,1.9,1,62F6E9F8D1F2129D,5,3,"Attack>DashForward>Attack>MoveLeft>Attack>DashForward>LungeStrike(17)>DashLeft>Lunge(9)>Attack>DashBackward>Lunge(10)",1,29.000,9,17,18,9,5.410,0,0.000,True,21.819,10.805,3,180,3499949.000,896.100,0.000,3500845.000,822.692,FB646DB73DF7B674,True,1,True,True,"종료 즉시 행동 가능"
A4,A-v2-complex,1-target,공격형-1타깃,0.100,0.000,0.000,False,1.9,1,62F6E9F8D1F2129D,6,1,"Attack>DashForward>Attack>MoveLeft>Attack>DashForward>LungeStrike(17)>DashLeft>Lunge(9)>Attack>MoveLeft>Attack",1,29.000,9,17,18,9,3.476,3,0.000,False,2.952,9.355,3,180,3499967.000,896.100,0.000,3500863.000,823.484,EE9534D8EAD61921,True,3,False,True,""
A4,A-v2-complex,1-target,공격형-1타깃,0.100,0.000,0.000,False,1.9,1,62F6E9F8D1F2129D,6,2,"Attack>DashForward>Attack>MoveLeft>Attack>DashForward>LungeStrike(17)>DashLeft>Lunge(9)>Attack>MoveLeft>Lunge(10)",1,29.000,9,17,18,9,3.440,3,0.000,True,10.880,10.087,3,180,3499967.000,896.100,0.000,3500863.000,823.484,84AF7D16C319FC53,True,2,False,True,""
A4,A-v2-complex,1-target,공격형-1타깃,0.100,0.000,0.000,False,1.9,1,62F6E9F8D1F2129D,6,3,"Attack>DashForward>Attack>MoveLeft>Attack>DashForward>LungeStrike(17)>DashLeft>Lunge(9)>Attack>DashBackward>Lunge(10)",1,29.000,9,17,18,9,5.410,0,0.000,True,21.819,10.805,3,180,3499949.000,896.100,0.000,3500845.000,823.484,FB646DB73DF7B674,True,1,True,True,"종료 즉시 행동 가능"
A4,A-v2-complex,1-target,공격형-1타깃,0.100,0.000,0.000,False,1.9,1,62F6E9F8D1F2129D,7,1,"Attack>DashForward>Attack>MoveLeft>Attack>DashForward>LungeStrike(17)>DashLeft>Lunge(9)>Attack>MoveLeft>Attack",1,29.000,9,17,18,9,3.476,3,0.000,False,2.952,9.355,3,180,3499967.000,896.100,0.000,3500863.000,833.583,EE9534D8EAD61921,True,3,False,True,""
A4,A-v2-complex,1-target,공격형-1타깃,0.100,0.000,0.000,False,1.9,1,62F6E9F8D1F2129D,7,2,"Attack>DashForward>Attack>MoveLeft>Attack>DashForward>LungeStrike(17)>DashLeft>Lunge(9)>Attack>MoveLeft>Lunge(10)",1,29.000,9,17,18,9,3.440,3,0.000,True,10.880,10.087,3,180,3499967.000,896.100,0.000,3500863.000,833.583,84AF7D16C319FC53,True,2,False,True,""
A4,A-v2-complex,1-target,공격형-1타깃,0.100,0.000,0.000,False,1.9,1,62F6E9F8D1F2129D,7,3,"Attack>DashForward>Attack>MoveLeft>Attack>DashForward>LungeStrike(17)>DashLeft>Lunge(9)>Attack>DashBackward>Lunge(10)",1,29.000,9,17,18,9,5.410,0,0.000,True,21.819,10.805,3,180,3499949.000,896.100,0.000,3500845.000,833.583,FB646DB73DF7B674,True,1,True,True,"종료 즉시 행동 가능"
A4,A-v2-complex,1-target,공격형-1타깃,0.100,0.000,0.000,False,1.9,1,62F6E9F8D1F2129D,8,1,"Attack>DashForward>Attack>MoveLeft>Attack>DashForward>LungeStrike(17)>DashLeft>Lunge(9)>Attack>MoveLeft>Attack",1,29.000,9,17,18,9,3.476,3,0.000,False,2.952,9.355,3,180,3499967.000,896.100,0.000,3500863.000,845.034,EE9534D8EAD61921,True,3,False,True,""
A4,A-v2-complex,1-target,공격형-1타깃,0.100,0.000,0.000,False,1.9,1,62F6E9F8D1F2129D,8,2,"Attack>DashForward>Attack>MoveLeft>Attack>DashForward>LungeStrike(17)>DashLeft>Lunge(9)>Attack>MoveLeft>Lunge(10)",1,29.000,9,17,18,9,3.440,3,0.000,True,10.880,10.087,3,180,3499967.000,896.100,0.000,3500863.000,845.034,84AF7D16C319FC53,True,2,False,True,""
A4,A-v2-complex,1-target,공격형-1타깃,0.100,0.000,0.000,False,1.9,1,62F6E9F8D1F2129D,8,3,"Attack>DashForward>Attack>MoveLeft>Attack>DashForward>LungeStrike(17)>DashLeft>Lunge(9)>Attack>DashBackward>Lunge(10)",1,29.000,9,17,18,9,5.410,0,0.000,True,21.819,10.805,3,180,3499949.000,896.100,0.000,3500845.000,845.034,FB646DB73DF7B674,True,1,True,True,"종료 즉시 행동 가능"
A4,A-v2-complex,1-target,공격형-1타깃,0.100,0.000,0.000,False,1.9,1,62F6E9F8D1F2129D,9,1,"Attack>DashForward>Attack>MoveLeft>Attack>DashForward>LungeStrike(17)>DashLeft>Lunge(9)>Attack>MoveLeft>Attack",1,29.000,9,17,18,9,3.476,3,0.000,False,2.952,9.355,3,180,3499967.000,896.100,0.000,3500863.000,846.549,EE9534D8EAD61921,True,3,False,True,""
A4,A-v2-complex,1-target,공격형-1타깃,0.100,0.000,0.000,False,1.9,1,62F6E9F8D1F2129D,9,2,"Attack>DashForward>Attack>MoveLeft>Attack>DashForward>LungeStrike(17)>DashLeft>Lunge(9)>Attack>MoveLeft>Lunge(10)",1,29.000,9,17,18,9,3.440,3,0.000,True,10.880,10.087,3,180,3499967.000,896.100,0.000,3500863.000,846.549,84AF7D16C319FC53,True,2,False,True,""
A4,A-v2-complex,1-target,공격형-1타깃,0.100,0.000,0.000,False,1.9,1,62F6E9F8D1F2129D,9,3,"Attack>DashForward>Attack>MoveLeft>Attack>DashForward>LungeStrike(17)>DashLeft>Lunge(9)>Attack>DashBackward>Lunge(10)",1,29.000,9,17,18,9,5.410,0,0.000,True,21.819,10.805,3,180,3499949.000,896.100,0.000,3500845.000,846.549,FB646DB73DF7B674,True,1,True,True,"종료 즉시 행동 가능"
A4,A-v2-complex,1-target,공격형-1타깃,0.100,0.000,0.000,False,1.9,1,62F6E9F8D1F2129D,10,1,"Attack>DashForward>Attack>MoveLeft>Attack>DashForward>LungeStrike(17)>DashLeft>Lunge(9)>Attack>MoveLeft>Attack",1,29.000,9,17,18,9,3.476,3,0.000,False,2.952,9.355,3,180,3499967.000,896.100,0.000,3500863.000,855.195,EE9534D8EAD61921,True,3,False,True,""
A4,A-v2-complex,1-target,공격형-1타깃,0.100,0.000,0.000,False,1.9,1,62F6E9F8D1F2129D,10,2,"Attack>DashForward>Attack>MoveLeft>Attack>DashForward>LungeStrike(17)>DashLeft>Lunge(9)>Attack>MoveLeft>Lunge(10)",1,29.000,9,17,18,9,3.440,3,0.000,True,10.880,10.087,3,180,3499967.000,896.100,0.000,3500863.000,855.195,84AF7D16C319FC53,True,2,False,True,""
A4,A-v2-complex,1-target,공격형-1타깃,0.100,0.000,0.000,False,1.9,1,62F6E9F8D1F2129D,10,3,"Attack>DashForward>Attack>MoveLeft>Attack>DashForward>LungeStrike(17)>DashLeft>Lunge(9)>Attack>DashBackward>Lunge(10)",1,29.000,9,17,18,9,5.410,0,0.000,True,21.819,10.805,3,180,3499949.000,896.100,0.000,3500845.000,855.195,FB646DB73DF7B674,True,1,True,True,"종료 즉시 행동 가능"
A1,A-v2-complex,2-terminal,공격형-2종료위치,0.100,0.150,0.000,False,1.9,1,50DEB425210D7347,1,1,"Lunge(0)>Attack>DashForward>Lunge(7)>Attack>DashBackward>Lunge(3)>Attack>MoveRight>Attack>DashForward>Attack",0,34.000,8,20,16,8,1.211,7,0.000,False,-29.577,9.427,0,180,3499994.000,883.400,0.000,3500877.000,879.699,174E838DC2F18B2B,True,1,True,False,"Beam 1위와 관측축 추천 일치"
A1,A-v2-complex,2-terminal,공격형-2종료위치,0.100,0.150,0.000,False,1.9,1,50DEB425210D7347,1,2,"Lunge(0)>Attack>DashForward>Lunge(7)>Attack>DashBackward>Lunge(3)>Attack>MoveRight>Attack>DashLeft>Attack",0,34.000,7,21,16,9,2.186,5,0.000,False,-13.628,9.427,0,180,3499998.000,835.000,0.000,3500833.000,879.699,0E0BAA0CC0A1ACC0,True,2,False,False,""
A1,A-v2-complex,2-terminal,공격형-2종료위치,0.100,0.150,0.000,False,1.9,1,50DEB425210D7347,1,3,"Lunge(0)>Attack>DashForward>Lunge(7)>Attack>DashBackward>Lunge(3)>Attack>MoveRight>Attack>MoveForward>Attack",0,34.000,7,21,16,9,1.271,8,0.000,False,-36.458,8.677,0,180,3499992.000,835.000,0.000,3500827.000,879.699,1456CDCDEF8C4CBA,True,3,False,False,""
A1,A-v2-complex,2-terminal,공격형-2종료위치,0.100,0.150,0.000,False,1.9,1,50DEB425210D7347,2,1,"Lunge(0)>Attack>DashForward>Lunge(7)>Attack>DashBackward>Lunge(3)>Attack>MoveRight>Attack>DashForward>Attack",0,34.000,8,20,16,8,1.211,7,0.000,False,-29.577,9.427,0,180,3499994.000,883.400,0.000,3500877.000,877.580,174E838DC2F18B2B,True,1,True,False,"Beam 1위와 관측축 추천 일치"
A1,A-v2-complex,2-terminal,공격형-2종료위치,0.100,0.150,0.000,False,1.9,1,50DEB425210D7347,2,2,"Lunge(0)>Attack>DashForward>Lunge(7)>Attack>DashBackward>Lunge(3)>Attack>MoveRight>Attack>DashLeft>Attack",0,34.000,7,21,16,9,2.186,5,0.000,False,-13.628,9.427,0,180,3499998.000,835.000,0.000,3500833.000,877.580,0E0BAA0CC0A1ACC0,True,2,False,False,""
A1,A-v2-complex,2-terminal,공격형-2종료위치,0.100,0.150,0.000,False,1.9,1,50DEB425210D7347,2,3,"Lunge(0)>Attack>DashForward>Lunge(7)>Attack>DashBackward>Lunge(3)>Attack>MoveRight>Attack>MoveForward>Attack",0,34.000,7,21,16,9,1.271,8,0.000,False,-36.458,8.677,0,180,3499992.000,835.000,0.000,3500827.000,877.580,1456CDCDEF8C4CBA,True,3,False,False,""
A1,A-v2-complex,2-terminal,공격형-2종료위치,0.100,0.150,0.000,False,1.9,1,50DEB425210D7347,3,1,"Lunge(0)>Attack>DashForward>Lunge(7)>Attack>DashBackward>Lunge(3)>Attack>MoveRight>Attack>DashForward>Attack",0,34.000,8,20,16,8,1.211,7,0.000,False,-29.577,9.427,0,180,3499994.000,883.400,0.000,3500877.000,895.990,174E838DC2F18B2B,True,1,True,False,"Beam 1위와 관측축 추천 일치"
A1,A-v2-complex,2-terminal,공격형-2종료위치,0.100,0.150,0.000,False,1.9,1,50DEB425210D7347,3,2,"Lunge(0)>Attack>DashForward>Lunge(7)>Attack>DashBackward>Lunge(3)>Attack>MoveRight>Attack>DashLeft>Attack",0,34.000,7,21,16,9,2.186,5,0.000,False,-13.628,9.427,0,180,3499998.000,835.000,0.000,3500833.000,895.990,0E0BAA0CC0A1ACC0,True,2,False,False,""
A1,A-v2-complex,2-terminal,공격형-2종료위치,0.100,0.150,0.000,False,1.9,1,50DEB425210D7347,3,3,"Lunge(0)>Attack>DashForward>Lunge(7)>Attack>DashBackward>Lunge(3)>Attack>MoveRight>Attack>MoveForward>Attack",0,34.000,7,21,16,9,1.271,8,0.000,False,-36.458,8.677,0,180,3499992.000,835.000,0.000,3500827.000,895.990,1456CDCDEF8C4CBA,True,3,False,False,""
A1,A-v2-complex,2-terminal,공격형-2종료위치,0.100,0.150,0.000,False,1.9,1,50DEB425210D7347,4,1,"Lunge(0)>Attack>DashForward>Lunge(7)>Attack>DashBackward>Lunge(3)>Attack>MoveRight>Attack>DashForward>Attack",0,34.000,8,20,16,8,1.211,7,0.000,False,-29.577,9.427,0,180,3499994.000,883.400,0.000,3500877.000,874.873,174E838DC2F18B2B,True,1,True,False,"Beam 1위와 관측축 추천 일치"
A1,A-v2-complex,2-terminal,공격형-2종료위치,0.100,0.150,0.000,False,1.9,1,50DEB425210D7347,4,2,"Lunge(0)>Attack>DashForward>Lunge(7)>Attack>DashBackward>Lunge(3)>Attack>MoveRight>Attack>DashLeft>Attack",0,34.000,7,21,16,9,2.186,5,0.000,False,-13.628,9.427,0,180,3499998.000,835.000,0.000,3500833.000,874.873,0E0BAA0CC0A1ACC0,True,2,False,False,""
A1,A-v2-complex,2-terminal,공격형-2종료위치,0.100,0.150,0.000,False,1.9,1,50DEB425210D7347,4,3,"Lunge(0)>Attack>DashForward>Lunge(7)>Attack>DashBackward>Lunge(3)>Attack>MoveRight>Attack>MoveForward>Attack",0,34.000,7,21,16,9,1.271,8,0.000,False,-36.458,8.677,0,180,3499992.000,835.000,0.000,3500827.000,874.873,1456CDCDEF8C4CBA,True,3,False,False,""
A1,A-v2-complex,2-terminal,공격형-2종료위치,0.100,0.150,0.000,False,1.9,1,50DEB425210D7347,5,1,"Lunge(0)>Attack>DashForward>Lunge(7)>Attack>DashBackward>Lunge(3)>Attack>MoveRight>Attack>DashForward>Attack",0,34.000,8,20,16,8,1.211,7,0.000,False,-29.577,9.427,0,180,3499994.000,883.400,0.000,3500877.000,875.283,174E838DC2F18B2B,True,1,True,False,"Beam 1위와 관측축 추천 일치"
A1,A-v2-complex,2-terminal,공격형-2종료위치,0.100,0.150,0.000,False,1.9,1,50DEB425210D7347,5,2,"Lunge(0)>Attack>DashForward>Lunge(7)>Attack>DashBackward>Lunge(3)>Attack>MoveRight>Attack>DashLeft>Attack",0,34.000,7,21,16,9,2.186,5,0.000,False,-13.628,9.427,0,180,3499998.000,835.000,0.000,3500833.000,875.283,0E0BAA0CC0A1ACC0,True,2,False,False,""
A1,A-v2-complex,2-terminal,공격형-2종료위치,0.100,0.150,0.000,False,1.9,1,50DEB425210D7347,5,3,"Lunge(0)>Attack>DashForward>Lunge(7)>Attack>DashBackward>Lunge(3)>Attack>MoveRight>Attack>MoveForward>Attack",0,34.000,7,21,16,9,1.271,8,0.000,False,-36.458,8.677,0,180,3499992.000,835.000,0.000,3500827.000,875.283,1456CDCDEF8C4CBA,True,3,False,False,""
A1,A-v2-complex,2-terminal,공격형-2종료위치,0.100,0.150,0.000,False,1.9,1,50DEB425210D7347,6,1,"Lunge(0)>Attack>DashForward>Lunge(7)>Attack>DashBackward>Lunge(3)>Attack>MoveRight>Attack>DashForward>Attack",0,34.000,8,20,16,8,1.211,7,0.000,False,-29.577,9.427,0,180,3499994.000,883.400,0.000,3500877.000,860.776,174E838DC2F18B2B,True,1,True,False,"Beam 1위와 관측축 추천 일치"
A1,A-v2-complex,2-terminal,공격형-2종료위치,0.100,0.150,0.000,False,1.9,1,50DEB425210D7347,6,2,"Lunge(0)>Attack>DashForward>Lunge(7)>Attack>DashBackward>Lunge(3)>Attack>MoveRight>Attack>DashLeft>Attack",0,34.000,7,21,16,9,2.186,5,0.000,False,-13.628,9.427,0,180,3499998.000,835.000,0.000,3500833.000,860.776,0E0BAA0CC0A1ACC0,True,2,False,False,""
A1,A-v2-complex,2-terminal,공격형-2종료위치,0.100,0.150,0.000,False,1.9,1,50DEB425210D7347,6,3,"Lunge(0)>Attack>DashForward>Lunge(7)>Attack>DashBackward>Lunge(3)>Attack>MoveRight>Attack>MoveForward>Attack",0,34.000,7,21,16,9,1.271,8,0.000,False,-36.458,8.677,0,180,3499992.000,835.000,0.000,3500827.000,860.776,1456CDCDEF8C4CBA,True,3,False,False,""
A1,A-v2-complex,2-terminal,공격형-2종료위치,0.100,0.150,0.000,False,1.9,1,50DEB425210D7347,7,1,"Lunge(0)>Attack>DashForward>Lunge(7)>Attack>DashBackward>Lunge(3)>Attack>MoveRight>Attack>DashForward>Attack",0,34.000,8,20,16,8,1.211,7,0.000,False,-29.577,9.427,0,180,3499994.000,883.400,0.000,3500877.000,885.247,174E838DC2F18B2B,True,1,True,False,"Beam 1위와 관측축 추천 일치"
A1,A-v2-complex,2-terminal,공격형-2종료위치,0.100,0.150,0.000,False,1.9,1,50DEB425210D7347,7,2,"Lunge(0)>Attack>DashForward>Lunge(7)>Attack>DashBackward>Lunge(3)>Attack>MoveRight>Attack>DashLeft>Attack",0,34.000,7,21,16,9,2.186,5,0.000,False,-13.628,9.427,0,180,3499998.000,835.000,0.000,3500833.000,885.247,0E0BAA0CC0A1ACC0,True,2,False,False,""
A1,A-v2-complex,2-terminal,공격형-2종료위치,0.100,0.150,0.000,False,1.9,1,50DEB425210D7347,7,3,"Lunge(0)>Attack>DashForward>Lunge(7)>Attack>DashBackward>Lunge(3)>Attack>MoveRight>Attack>MoveForward>Attack",0,34.000,7,21,16,9,1.271,8,0.000,False,-36.458,8.677,0,180,3499992.000,835.000,0.000,3500827.000,885.247,1456CDCDEF8C4CBA,True,3,False,False,""
A1,A-v2-complex,2-terminal,공격형-2종료위치,0.100,0.150,0.000,False,1.9,1,50DEB425210D7347,8,1,"Lunge(0)>Attack>DashForward>Lunge(7)>Attack>DashBackward>Lunge(3)>Attack>MoveRight>Attack>DashForward>Attack",0,34.000,8,20,16,8,1.211,7,0.000,False,-29.577,9.427,0,180,3499994.000,883.400,0.000,3500877.000,883.705,174E838DC2F18B2B,True,1,True,False,"Beam 1위와 관측축 추천 일치"
A1,A-v2-complex,2-terminal,공격형-2종료위치,0.100,0.150,0.000,False,1.9,1,50DEB425210D7347,8,2,"Lunge(0)>Attack>DashForward>Lunge(7)>Attack>DashBackward>Lunge(3)>Attack>MoveRight>Attack>DashLeft>Attack",0,34.000,7,21,16,9,2.186,5,0.000,False,-13.628,9.427,0,180,3499998.000,835.000,0.000,3500833.000,883.705,0E0BAA0CC0A1ACC0,True,2,False,False,""
A1,A-v2-complex,2-terminal,공격형-2종료위치,0.100,0.150,0.000,False,1.9,1,50DEB425210D7347,8,3,"Lunge(0)>Attack>DashForward>Lunge(7)>Attack>DashBackward>Lunge(3)>Attack>MoveRight>Attack>MoveForward>Attack",0,34.000,7,21,16,9,1.271,8,0.000,False,-36.458,8.677,0,180,3499992.000,835.000,0.000,3500827.000,883.705,1456CDCDEF8C4CBA,True,3,False,False,""
A1,A-v2-complex,2-terminal,공격형-2종료위치,0.100,0.150,0.000,False,1.9,1,50DEB425210D7347,9,1,"Lunge(0)>Attack>DashForward>Lunge(7)>Attack>DashBackward>Lunge(3)>Attack>MoveRight>Attack>DashForward>Attack",0,34.000,8,20,16,8,1.211,7,0.000,False,-29.577,9.427,0,180,3499994.000,883.400,0.000,3500877.000,886.292,174E838DC2F18B2B,True,1,True,False,"Beam 1위와 관측축 추천 일치"
A1,A-v2-complex,2-terminal,공격형-2종료위치,0.100,0.150,0.000,False,1.9,1,50DEB425210D7347,9,2,"Lunge(0)>Attack>DashForward>Lunge(7)>Attack>DashBackward>Lunge(3)>Attack>MoveRight>Attack>DashLeft>Attack",0,34.000,7,21,16,9,2.186,5,0.000,False,-13.628,9.427,0,180,3499998.000,835.000,0.000,3500833.000,886.292,0E0BAA0CC0A1ACC0,True,2,False,False,""
A1,A-v2-complex,2-terminal,공격형-2종료위치,0.100,0.150,0.000,False,1.9,1,50DEB425210D7347,9,3,"Lunge(0)>Attack>DashForward>Lunge(7)>Attack>DashBackward>Lunge(3)>Attack>MoveRight>Attack>MoveForward>Attack",0,34.000,7,21,16,9,1.271,8,0.000,False,-36.458,8.677,0,180,3499992.000,835.000,0.000,3500827.000,886.292,1456CDCDEF8C4CBA,True,3,False,False,""
A1,A-v2-complex,2-terminal,공격형-2종료위치,0.100,0.150,0.000,False,1.9,1,50DEB425210D7347,10,1,"Lunge(0)>Attack>DashForward>Lunge(7)>Attack>DashBackward>Lunge(3)>Attack>MoveRight>Attack>DashForward>Attack",0,34.000,8,20,16,8,1.211,7,0.000,False,-29.577,9.427,0,180,3499994.000,883.400,0.000,3500877.000,883.385,174E838DC2F18B2B,True,1,True,False,"Beam 1위와 관측축 추천 일치"
A1,A-v2-complex,2-terminal,공격형-2종료위치,0.100,0.150,0.000,False,1.9,1,50DEB425210D7347,10,2,"Lunge(0)>Attack>DashForward>Lunge(7)>Attack>DashBackward>Lunge(3)>Attack>MoveRight>Attack>DashLeft>Attack",0,34.000,7,21,16,9,2.186,5,0.000,False,-13.628,9.427,0,180,3499998.000,835.000,0.000,3500833.000,883.385,0E0BAA0CC0A1ACC0,True,2,False,False,""
A1,A-v2-complex,2-terminal,공격형-2종료위치,0.100,0.150,0.000,False,1.9,1,50DEB425210D7347,10,3,"Lunge(0)>Attack>DashForward>Lunge(7)>Attack>DashBackward>Lunge(3)>Attack>MoveRight>Attack>MoveForward>Attack",0,34.000,7,21,16,9,1.271,8,0.000,False,-36.458,8.677,0,180,3499992.000,835.000,0.000,3500827.000,883.385,1456CDCDEF8C4CBA,True,3,False,False,""
A2,A-v2-complex,2-terminal,공격형-2종료위치,0.100,0.150,0.000,False,1.9,1,3F5F709DA48265EF,1,1,"LungeStrike(0)>DashRight>Lunge(5)>Attack>MoveLeft>Attack>MoveRight>Attack>Jump>LungeStrike(3)>DashForward>LungeStrike(1)",0,34.000,7,15,12,5,4.492,1,2.371,False,16.097,12.060,0,180,3500004.000,738.200,0.000,3500742.000,443.807,BD17176102D6F0C7,True,1,True,False,"Beam 1위와 관측축 추천 일치"
A2,A-v2-complex,2-terminal,공격형-2종료위치,0.100,0.150,0.000,False,1.9,1,3F5F709DA48265EF,1,2,"LungeStrike(0)>DashRight>Lunge(5)>Attack>MoveLeft>Attack>Retreat>Attack>DashLeft>LungeStrike(3)>DashBackward>LungeStrike(2)",0,34.000,7,15,12,5,4.373,1,1.942,False,14.570,12.235,0,180,3500004.000,738.200,0.000,3500742.000,443.807,8595C84EEFCE8815,True,3,False,False,""
A2,A-v2-complex,2-terminal,공격형-2종료위치,0.100,0.150,0.000,False,1.9,1,3F5F709DA48265EF,1,3,"LungeStrike(0)>DashRight>Lunge(5)>Attack>MoveLeft>Attack>MoveRight>Attack>Jump>LungeStrike(3)>DashBackward>LungeStrike(2)",0,34.000,7,15,12,5,4.263,1,2.408,False,15.750,12.053,0,180,3500004.000,738.200,0.000,3500742.000,443.807,B53DFA90FBF6657F,True,2,False,False,""
A2,A-v2-complex,2-terminal,공격형-2종료위치,0.100,0.150,0.000,False,1.9,1,3F5F709DA48265EF,2,1,"LungeStrike(0)>DashRight>Lunge(5)>Attack>MoveLeft>Attack>MoveRight>Attack>Jump>LungeStrike(3)>DashForward>LungeStrike(1)",0,34.000,7,15,12,5,4.492,1,2.371,False,16.097,12.060,0,180,3500004.000,738.200,0.000,3500742.000,470.801,BD17176102D6F0C7,True,1,True,False,"Beam 1위와 관측축 추천 일치"
A2,A-v2-complex,2-terminal,공격형-2종료위치,0.100,0.150,0.000,False,1.9,1,3F5F709DA48265EF,2,2,"LungeStrike(0)>DashRight>Lunge(5)>Attack>MoveLeft>Attack>Retreat>Attack>DashLeft>LungeStrike(3)>DashBackward>LungeStrike(2)",0,34.000,7,15,12,5,4.373,1,1.942,False,14.570,12.235,0,180,3500004.000,738.200,0.000,3500742.000,470.801,8595C84EEFCE8815,True,3,False,False,""
A2,A-v2-complex,2-terminal,공격형-2종료위치,0.100,0.150,0.000,False,1.9,1,3F5F709DA48265EF,2,3,"LungeStrike(0)>DashRight>Lunge(5)>Attack>MoveLeft>Attack>MoveRight>Attack>Jump>LungeStrike(3)>DashBackward>LungeStrike(2)",0,34.000,7,15,12,5,4.263,1,2.408,False,15.750,12.053,0,180,3500004.000,738.200,0.000,3500742.000,470.801,B53DFA90FBF6657F,True,2,False,False,""
A2,A-v2-complex,2-terminal,공격형-2종료위치,0.100,0.150,0.000,False,1.9,1,3F5F709DA48265EF,3,1,"LungeStrike(0)>DashRight>Lunge(5)>Attack>MoveLeft>Attack>MoveRight>Attack>Jump>LungeStrike(3)>DashForward>LungeStrike(1)",0,34.000,7,15,12,5,4.492,1,2.371,False,16.097,12.060,0,180,3500004.000,738.200,0.000,3500742.000,462.372,BD17176102D6F0C7,True,1,True,False,"Beam 1위와 관측축 추천 일치"
A2,A-v2-complex,2-terminal,공격형-2종료위치,0.100,0.150,0.000,False,1.9,1,3F5F709DA48265EF,3,2,"LungeStrike(0)>DashRight>Lunge(5)>Attack>MoveLeft>Attack>Retreat>Attack>DashLeft>LungeStrike(3)>DashBackward>LungeStrike(2)",0,34.000,7,15,12,5,4.373,1,1.942,False,14.570,12.235,0,180,3500004.000,738.200,0.000,3500742.000,462.372,8595C84EEFCE8815,True,3,False,False,""
A2,A-v2-complex,2-terminal,공격형-2종료위치,0.100,0.150,0.000,False,1.9,1,3F5F709DA48265EF,3,3,"LungeStrike(0)>DashRight>Lunge(5)>Attack>MoveLeft>Attack>MoveRight>Attack>Jump>LungeStrike(3)>DashBackward>LungeStrike(2)",0,34.000,7,15,12,5,4.263,1,2.408,False,15.750,12.053,0,180,3500004.000,738.200,0.000,3500742.000,462.372,B53DFA90FBF6657F,True,2,False,False,""
A2,A-v2-complex,2-terminal,공격형-2종료위치,0.100,0.150,0.000,False,1.9,1,3F5F709DA48265EF,4,1,"LungeStrike(0)>DashRight>Lunge(5)>Attack>MoveLeft>Attack>MoveRight>Attack>Jump>LungeStrike(3)>DashForward>LungeStrike(1)",0,34.000,7,15,12,5,4.492,1,2.371,False,16.097,12.060,0,180,3500004.000,738.200,0.000,3500742.000,456.756,BD17176102D6F0C7,True,1,True,False,"Beam 1위와 관측축 추천 일치"
A2,A-v2-complex,2-terminal,공격형-2종료위치,0.100,0.150,0.000,False,1.9,1,3F5F709DA48265EF,4,2,"LungeStrike(0)>DashRight>Lunge(5)>Attack>MoveLeft>Attack>Retreat>Attack>DashLeft>LungeStrike(3)>DashBackward>LungeStrike(2)",0,34.000,7,15,12,5,4.373,1,1.942,False,14.570,12.235,0,180,3500004.000,738.200,0.000,3500742.000,456.756,8595C84EEFCE8815,True,3,False,False,""
A2,A-v2-complex,2-terminal,공격형-2종료위치,0.100,0.150,0.000,False,1.9,1,3F5F709DA48265EF,4,3,"LungeStrike(0)>DashRight>Lunge(5)>Attack>MoveLeft>Attack>MoveRight>Attack>Jump>LungeStrike(3)>DashBackward>LungeStrike(2)",0,34.000,7,15,12,5,4.263,1,2.408,False,15.750,12.053,0,180,3500004.000,738.200,0.000,3500742.000,456.756,B53DFA90FBF6657F,True,2,False,False,""
A2,A-v2-complex,2-terminal,공격형-2종료위치,0.100,0.150,0.000,False,1.9,1,3F5F709DA48265EF,5,1,"LungeStrike(0)>DashRight>Lunge(5)>Attack>MoveLeft>Attack>MoveRight>Attack>Jump>LungeStrike(3)>DashForward>LungeStrike(1)",0,34.000,7,15,12,5,4.492,1,2.371,False,16.097,12.060,0,180,3500004.000,738.200,0.000,3500742.000,466.251,BD17176102D6F0C7,True,1,True,False,"Beam 1위와 관측축 추천 일치"
A2,A-v2-complex,2-terminal,공격형-2종료위치,0.100,0.150,0.000,False,1.9,1,3F5F709DA48265EF,5,2,"LungeStrike(0)>DashRight>Lunge(5)>Attack>MoveLeft>Attack>Retreat>Attack>DashLeft>LungeStrike(3)>DashBackward>LungeStrike(2)",0,34.000,7,15,12,5,4.373,1,1.942,False,14.570,12.235,0,180,3500004.000,738.200,0.000,3500742.000,466.251,8595C84EEFCE8815,True,3,False,False,""
A2,A-v2-complex,2-terminal,공격형-2종료위치,0.100,0.150,0.000,False,1.9,1,3F5F709DA48265EF,5,3,"LungeStrike(0)>DashRight>Lunge(5)>Attack>MoveLeft>Attack>MoveRight>Attack>Jump>LungeStrike(3)>DashBackward>LungeStrike(2)",0,34.000,7,15,12,5,4.263,1,2.408,False,15.750,12.053,0,180,3500004.000,738.200,0.000,3500742.000,466.251,B53DFA90FBF6657F,True,2,False,False,""
A2,A-v2-complex,2-terminal,공격형-2종료위치,0.100,0.150,0.000,False,1.9,1,3F5F709DA48265EF,6,1,"LungeStrike(0)>DashRight>Lunge(5)>Attack>MoveLeft>Attack>MoveRight>Attack>Jump>LungeStrike(3)>DashForward>LungeStrike(1)",0,34.000,7,15,12,5,4.492,1,2.371,False,16.097,12.060,0,180,3500004.000,738.200,0.000,3500742.000,458.796,BD17176102D6F0C7,True,1,True,False,"Beam 1위와 관측축 추천 일치"
A2,A-v2-complex,2-terminal,공격형-2종료위치,0.100,0.150,0.000,False,1.9,1,3F5F709DA48265EF,6,2,"LungeStrike(0)>DashRight>Lunge(5)>Attack>MoveLeft>Attack>Retreat>Attack>DashLeft>LungeStrike(3)>DashBackward>LungeStrike(2)",0,34.000,7,15,12,5,4.373,1,1.942,False,14.570,12.235,0,180,3500004.000,738.200,0.000,3500742.000,458.796,8595C84EEFCE8815,True,3,False,False,""
A2,A-v2-complex,2-terminal,공격형-2종료위치,0.100,0.150,0.000,False,1.9,1,3F5F709DA48265EF,6,3,"LungeStrike(0)>DashRight>Lunge(5)>Attack>MoveLeft>Attack>MoveRight>Attack>Jump>LungeStrike(3)>DashBackward>LungeStrike(2)",0,34.000,7,15,12,5,4.263,1,2.408,False,15.750,12.053,0,180,3500004.000,738.200,0.000,3500742.000,458.796,B53DFA90FBF6657F,True,2,False,False,""
A2,A-v2-complex,2-terminal,공격형-2종료위치,0.100,0.150,0.000,False,1.9,1,3F5F709DA48265EF,7,1,"LungeStrike(0)>DashRight>Lunge(5)>Attack>MoveLeft>Attack>MoveRight>Attack>Jump>LungeStrike(3)>DashForward>LungeStrike(1)",0,34.000,7,15,12,5,4.492,1,2.371,False,16.097,12.060,0,180,3500004.000,738.200,0.000,3500742.000,457.531,BD17176102D6F0C7,True,1,True,False,"Beam 1위와 관측축 추천 일치"
A2,A-v2-complex,2-terminal,공격형-2종료위치,0.100,0.150,0.000,False,1.9,1,3F5F709DA48265EF,7,2,"LungeStrike(0)>DashRight>Lunge(5)>Attack>MoveLeft>Attack>Retreat>Attack>DashLeft>LungeStrike(3)>DashBackward>LungeStrike(2)",0,34.000,7,15,12,5,4.373,1,1.942,False,14.570,12.235,0,180,3500004.000,738.200,0.000,3500742.000,457.531,8595C84EEFCE8815,True,3,False,False,""
A2,A-v2-complex,2-terminal,공격형-2종료위치,0.100,0.150,0.000,False,1.9,1,3F5F709DA48265EF,7,3,"LungeStrike(0)>DashRight>Lunge(5)>Attack>MoveLeft>Attack>MoveRight>Attack>Jump>LungeStrike(3)>DashBackward>LungeStrike(2)",0,34.000,7,15,12,5,4.263,1,2.408,False,15.750,12.053,0,180,3500004.000,738.200,0.000,3500742.000,457.531,B53DFA90FBF6657F,True,2,False,False,""
A2,A-v2-complex,2-terminal,공격형-2종료위치,0.100,0.150,0.000,False,1.9,1,3F5F709DA48265EF,8,1,"LungeStrike(0)>DashRight>Lunge(5)>Attack>MoveLeft>Attack>MoveRight>Attack>Jump>LungeStrike(3)>DashForward>LungeStrike(1)",0,34.000,7,15,12,5,4.492,1,2.371,False,16.097,12.060,0,180,3500004.000,738.200,0.000,3500742.000,481.423,BD17176102D6F0C7,True,1,True,False,"Beam 1위와 관측축 추천 일치"
A2,A-v2-complex,2-terminal,공격형-2종료위치,0.100,0.150,0.000,False,1.9,1,3F5F709DA48265EF,8,2,"LungeStrike(0)>DashRight>Lunge(5)>Attack>MoveLeft>Attack>Retreat>Attack>DashLeft>LungeStrike(3)>DashBackward>LungeStrike(2)",0,34.000,7,15,12,5,4.373,1,1.942,False,14.570,12.235,0,180,3500004.000,738.200,0.000,3500742.000,481.423,8595C84EEFCE8815,True,3,False,False,""
A2,A-v2-complex,2-terminal,공격형-2종료위치,0.100,0.150,0.000,False,1.9,1,3F5F709DA48265EF,8,3,"LungeStrike(0)>DashRight>Lunge(5)>Attack>MoveLeft>Attack>MoveRight>Attack>Jump>LungeStrike(3)>DashBackward>LungeStrike(2)",0,34.000,7,15,12,5,4.263,1,2.408,False,15.750,12.053,0,180,3500004.000,738.200,0.000,3500742.000,481.423,B53DFA90FBF6657F,True,2,False,False,""
A2,A-v2-complex,2-terminal,공격형-2종료위치,0.100,0.150,0.000,False,1.9,1,3F5F709DA48265EF,9,1,"LungeStrike(0)>DashRight>Lunge(5)>Attack>MoveLeft>Attack>MoveRight>Attack>Jump>LungeStrike(3)>DashForward>LungeStrike(1)",0,34.000,7,15,12,5,4.492,1,2.371,False,16.097,12.060,0,180,3500004.000,738.200,0.000,3500742.000,443.502,BD17176102D6F0C7,True,1,True,False,"Beam 1위와 관측축 추천 일치"
A2,A-v2-complex,2-terminal,공격형-2종료위치,0.100,0.150,0.000,False,1.9,1,3F5F709DA48265EF,9,2,"LungeStrike(0)>DashRight>Lunge(5)>Attack>MoveLeft>Attack>Retreat>Attack>DashLeft>LungeStrike(3)>DashBackward>LungeStrike(2)",0,34.000,7,15,12,5,4.373,1,1.942,False,14.570,12.235,0,180,3500004.000,738.200,0.000,3500742.000,443.502,8595C84EEFCE8815,True,3,False,False,""
A2,A-v2-complex,2-terminal,공격형-2종료위치,0.100,0.150,0.000,False,1.9,1,3F5F709DA48265EF,9,3,"LungeStrike(0)>DashRight>Lunge(5)>Attack>MoveLeft>Attack>MoveRight>Attack>Jump>LungeStrike(3)>DashBackward>LungeStrike(2)",0,34.000,7,15,12,5,4.263,1,2.408,False,15.750,12.053,0,180,3500004.000,738.200,0.000,3500742.000,443.502,B53DFA90FBF6657F,True,2,False,False,""
A2,A-v2-complex,2-terminal,공격형-2종료위치,0.100,0.150,0.000,False,1.9,1,3F5F709DA48265EF,10,1,"LungeStrike(0)>DashRight>Lunge(5)>Attack>MoveLeft>Attack>MoveRight>Attack>Jump>LungeStrike(3)>DashForward>LungeStrike(1)",0,34.000,7,15,12,5,4.492,1,2.371,False,16.097,12.060,0,180,3500004.000,738.200,0.000,3500742.000,457.893,BD17176102D6F0C7,True,1,True,False,"Beam 1위와 관측축 추천 일치"
A2,A-v2-complex,2-terminal,공격형-2종료위치,0.100,0.150,0.000,False,1.9,1,3F5F709DA48265EF,10,2,"LungeStrike(0)>DashRight>Lunge(5)>Attack>MoveLeft>Attack>Retreat>Attack>DashLeft>LungeStrike(3)>DashBackward>LungeStrike(2)",0,34.000,7,15,12,5,4.373,1,1.942,False,14.570,12.235,0,180,3500004.000,738.200,0.000,3500742.000,457.893,8595C84EEFCE8815,True,3,False,False,""
A2,A-v2-complex,2-terminal,공격형-2종료위치,0.100,0.150,0.000,False,1.9,1,3F5F709DA48265EF,10,3,"LungeStrike(0)>DashRight>Lunge(5)>Attack>MoveLeft>Attack>MoveRight>Attack>Jump>LungeStrike(3)>DashBackward>LungeStrike(2)",0,34.000,7,15,12,5,4.263,1,2.408,False,15.750,12.053,0,180,3500004.000,738.200,0.000,3500742.000,457.893,B53DFA90FBF6657F,True,2,False,False,""
A3,A-v2-complex,2-terminal,공격형-2종료위치,0.100,0.150,0.000,False,1.9,1,01880BEA0D35E61C,1,1,"Attack>DashForward>Attack>MoveLeft>Attack>MoveForward>Lunge(2)>Attack>MoveRight>Attack>Retreat>Attack",0,29.000,9,16,14,6,3.663,2,0.000,False,10.327,6.215,1,180,3499999.000,878.500,0.000,3500878.000,528.536,A0CA6604C4776456,True,1,True,False,"Beam 1위와 관측축 추천 일치"
A3,A-v2-complex,2-terminal,공격형-2종료위치,0.100,0.150,0.000,False,1.9,1,01880BEA0D35E61C,1,2,"Attack>DashForward>Attack>MoveLeft>Attack>MoveForward>Lunge(2)>Attack>MoveRight>Attack>DashBackward>Lunge(6)",0,29.000,9,16,14,6,3.481,2,0.000,False,9.961,7.922,1,180,3499999.000,878.500,0.000,3500878.000,528.536,B3AA95B991B533C7,True,2,False,False,""
A3,A-v2-complex,2-terminal,공격형-2종료위치,0.100,0.150,0.000,False,1.9,1,01880BEA0D35E61C,1,3,"Attack>DashForward>Attack>MoveLeft>Attack>MoveForward>Lunge(2)>Attack>MoveRight>Attack>DashRight>Lunge(6)",0,29.000,9,16,14,6,3.460,1,0.000,False,9.919,7.668,1,180,3499999.000,878.500,0.000,3500878.000,528.536,233E281119EBE4C4,True,3,False,False,""
A3,A-v2-complex,2-terminal,공격형-2종료위치,0.100,0.150,0.000,False,1.9,1,01880BEA0D35E61C,2,1,"Attack>DashForward>Attack>MoveLeft>Attack>MoveForward>Lunge(2)>Attack>MoveRight>Attack>Retreat>Attack",0,29.000,9,16,14,6,3.663,2,0.000,False,10.327,6.215,1,180,3499999.000,878.500,0.000,3500878.000,548.448,A0CA6604C4776456,True,1,True,False,"Beam 1위와 관측축 추천 일치"
A3,A-v2-complex,2-terminal,공격형-2종료위치,0.100,0.150,0.000,False,1.9,1,01880BEA0D35E61C,2,2,"Attack>DashForward>Attack>MoveLeft>Attack>MoveForward>Lunge(2)>Attack>MoveRight>Attack>DashBackward>Lunge(6)",0,29.000,9,16,14,6,3.481,2,0.000,False,9.961,7.922,1,180,3499999.000,878.500,0.000,3500878.000,548.448,B3AA95B991B533C7,True,2,False,False,""
A3,A-v2-complex,2-terminal,공격형-2종료위치,0.100,0.150,0.000,False,1.9,1,01880BEA0D35E61C,2,3,"Attack>DashForward>Attack>MoveLeft>Attack>MoveForward>Lunge(2)>Attack>MoveRight>Attack>DashRight>Lunge(6)",0,29.000,9,16,14,6,3.460,1,0.000,False,9.919,7.668,1,180,3499999.000,878.500,0.000,3500878.000,548.448,233E281119EBE4C4,True,3,False,False,""
A3,A-v2-complex,2-terminal,공격형-2종료위치,0.100,0.150,0.000,False,1.9,1,01880BEA0D35E61C,3,1,"Attack>DashForward>Attack>MoveLeft>Attack>MoveForward>Lunge(2)>Attack>MoveRight>Attack>Retreat>Attack",0,29.000,9,16,14,6,3.663,2,0.000,False,10.327,6.215,1,180,3499999.000,878.500,0.000,3500878.000,526.924,A0CA6604C4776456,True,1,True,False,"Beam 1위와 관측축 추천 일치"
A3,A-v2-complex,2-terminal,공격형-2종료위치,0.100,0.150,0.000,False,1.9,1,01880BEA0D35E61C,3,2,"Attack>DashForward>Attack>MoveLeft>Attack>MoveForward>Lunge(2)>Attack>MoveRight>Attack>DashBackward>Lunge(6)",0,29.000,9,16,14,6,3.481,2,0.000,False,9.961,7.922,1,180,3499999.000,878.500,0.000,3500878.000,526.924,B3AA95B991B533C7,True,2,False,False,""
A3,A-v2-complex,2-terminal,공격형-2종료위치,0.100,0.150,0.000,False,1.9,1,01880BEA0D35E61C,3,3,"Attack>DashForward>Attack>MoveLeft>Attack>MoveForward>Lunge(2)>Attack>MoveRight>Attack>DashRight>Lunge(6)",0,29.000,9,16,14,6,3.460,1,0.000,False,9.919,7.668,1,180,3499999.000,878.500,0.000,3500878.000,526.924,233E281119EBE4C4,True,3,False,False,""
A3,A-v2-complex,2-terminal,공격형-2종료위치,0.100,0.150,0.000,False,1.9,1,01880BEA0D35E61C,4,1,"Attack>DashForward>Attack>MoveLeft>Attack>MoveForward>Lunge(2)>Attack>MoveRight>Attack>Retreat>Attack",0,29.000,9,16,14,6,3.663,2,0.000,False,10.327,6.215,1,180,3499999.000,878.500,0.000,3500878.000,510.076,A0CA6604C4776456,True,1,True,False,"Beam 1위와 관측축 추천 일치"
A3,A-v2-complex,2-terminal,공격형-2종료위치,0.100,0.150,0.000,False,1.9,1,01880BEA0D35E61C,4,2,"Attack>DashForward>Attack>MoveLeft>Attack>MoveForward>Lunge(2)>Attack>MoveRight>Attack>DashBackward>Lunge(6)",0,29.000,9,16,14,6,3.481,2,0.000,False,9.961,7.922,1,180,3499999.000,878.500,0.000,3500878.000,510.076,B3AA95B991B533C7,True,2,False,False,""
A3,A-v2-complex,2-terminal,공격형-2종료위치,0.100,0.150,0.000,False,1.9,1,01880BEA0D35E61C,4,3,"Attack>DashForward>Attack>MoveLeft>Attack>MoveForward>Lunge(2)>Attack>MoveRight>Attack>DashRight>Lunge(6)",0,29.000,9,16,14,6,3.460,1,0.000,False,9.919,7.668,1,180,3499999.000,878.500,0.000,3500878.000,510.076,233E281119EBE4C4,True,3,False,False,""
A3,A-v2-complex,2-terminal,공격형-2종료위치,0.100,0.150,0.000,False,1.9,1,01880BEA0D35E61C,5,1,"Attack>DashForward>Attack>MoveLeft>Attack>MoveForward>Lunge(2)>Attack>MoveRight>Attack>Retreat>Attack",0,29.000,9,16,14,6,3.663,2,0.000,False,10.327,6.215,1,180,3499999.000,878.500,0.000,3500878.000,590.420,A0CA6604C4776456,True,1,True,False,"Beam 1위와 관측축 추천 일치"
A3,A-v2-complex,2-terminal,공격형-2종료위치,0.100,0.150,0.000,False,1.9,1,01880BEA0D35E61C,5,2,"Attack>DashForward>Attack>MoveLeft>Attack>MoveForward>Lunge(2)>Attack>MoveRight>Attack>DashBackward>Lunge(6)",0,29.000,9,16,14,6,3.481,2,0.000,False,9.961,7.922,1,180,3499999.000,878.500,0.000,3500878.000,590.420,B3AA95B991B533C7,True,2,False,False,""
A3,A-v2-complex,2-terminal,공격형-2종료위치,0.100,0.150,0.000,False,1.9,1,01880BEA0D35E61C,5,3,"Attack>DashForward>Attack>MoveLeft>Attack>MoveForward>Lunge(2)>Attack>MoveRight>Attack>DashRight>Lunge(6)",0,29.000,9,16,14,6,3.460,1,0.000,False,9.919,7.668,1,180,3499999.000,878.500,0.000,3500878.000,590.420,233E281119EBE4C4,True,3,False,False,""
A3,A-v2-complex,2-terminal,공격형-2종료위치,0.100,0.150,0.000,False,1.9,1,01880BEA0D35E61C,6,1,"Attack>DashForward>Attack>MoveLeft>Attack>MoveForward>Lunge(2)>Attack>MoveRight>Attack>Retreat>Attack",0,29.000,9,16,14,6,3.663,2,0.000,False,10.327,6.215,1,180,3499999.000,878.500,0.000,3500878.000,567.274,A0CA6604C4776456,True,1,True,False,"Beam 1위와 관측축 추천 일치"
A3,A-v2-complex,2-terminal,공격형-2종료위치,0.100,0.150,0.000,False,1.9,1,01880BEA0D35E61C,6,2,"Attack>DashForward>Attack>MoveLeft>Attack>MoveForward>Lunge(2)>Attack>MoveRight>Attack>DashBackward>Lunge(6)",0,29.000,9,16,14,6,3.481,2,0.000,False,9.961,7.922,1,180,3499999.000,878.500,0.000,3500878.000,567.274,B3AA95B991B533C7,True,2,False,False,""
A3,A-v2-complex,2-terminal,공격형-2종료위치,0.100,0.150,0.000,False,1.9,1,01880BEA0D35E61C,6,3,"Attack>DashForward>Attack>MoveLeft>Attack>MoveForward>Lunge(2)>Attack>MoveRight>Attack>DashRight>Lunge(6)",0,29.000,9,16,14,6,3.460,1,0.000,False,9.919,7.668,1,180,3499999.000,878.500,0.000,3500878.000,567.274,233E281119EBE4C4,True,3,False,False,""
A3,A-v2-complex,2-terminal,공격형-2종료위치,0.100,0.150,0.000,False,1.9,1,01880BEA0D35E61C,7,1,"Attack>DashForward>Attack>MoveLeft>Attack>MoveForward>Lunge(2)>Attack>MoveRight>Attack>Retreat>Attack",0,29.000,9,16,14,6,3.663,2,0.000,False,10.327,6.215,1,180,3499999.000,878.500,0.000,3500878.000,507.960,A0CA6604C4776456,True,1,True,False,"Beam 1위와 관측축 추천 일치"
A3,A-v2-complex,2-terminal,공격형-2종료위치,0.100,0.150,0.000,False,1.9,1,01880BEA0D35E61C,7,2,"Attack>DashForward>Attack>MoveLeft>Attack>MoveForward>Lunge(2)>Attack>MoveRight>Attack>DashBackward>Lunge(6)",0,29.000,9,16,14,6,3.481,2,0.000,False,9.961,7.922,1,180,3499999.000,878.500,0.000,3500878.000,507.960,B3AA95B991B533C7,True,2,False,False,""
A3,A-v2-complex,2-terminal,공격형-2종료위치,0.100,0.150,0.000,False,1.9,1,01880BEA0D35E61C,7,3,"Attack>DashForward>Attack>MoveLeft>Attack>MoveForward>Lunge(2)>Attack>MoveRight>Attack>DashRight>Lunge(6)",0,29.000,9,16,14,6,3.460,1,0.000,False,9.919,7.668,1,180,3499999.000,878.500,0.000,3500878.000,507.960,233E281119EBE4C4,True,3,False,False,""
A3,A-v2-complex,2-terminal,공격형-2종료위치,0.100,0.150,0.000,False,1.9,1,01880BEA0D35E61C,8,1,"Attack>DashForward>Attack>MoveLeft>Attack>MoveForward>Lunge(2)>Attack>MoveRight>Attack>Retreat>Attack",0,29.000,9,16,14,6,3.663,2,0.000,False,10.327,6.215,1,180,3499999.000,878.500,0.000,3500878.000,508.599,A0CA6604C4776456,True,1,True,False,"Beam 1위와 관측축 추천 일치"
A3,A-v2-complex,2-terminal,공격형-2종료위치,0.100,0.150,0.000,False,1.9,1,01880BEA0D35E61C,8,2,"Attack>DashForward>Attack>MoveLeft>Attack>MoveForward>Lunge(2)>Attack>MoveRight>Attack>DashBackward>Lunge(6)",0,29.000,9,16,14,6,3.481,2,0.000,False,9.961,7.922,1,180,3499999.000,878.500,0.000,3500878.000,508.599,B3AA95B991B533C7,True,2,False,False,""
A3,A-v2-complex,2-terminal,공격형-2종료위치,0.100,0.150,0.000,False,1.9,1,01880BEA0D35E61C,8,3,"Attack>DashForward>Attack>MoveLeft>Attack>MoveForward>Lunge(2)>Attack>MoveRight>Attack>DashRight>Lunge(6)",0,29.000,9,16,14,6,3.460,1,0.000,False,9.919,7.668,1,180,3499999.000,878.500,0.000,3500878.000,508.599,233E281119EBE4C4,True,3,False,False,""
A3,A-v2-complex,2-terminal,공격형-2종료위치,0.100,0.150,0.000,False,1.9,1,01880BEA0D35E61C,9,1,"Attack>DashForward>Attack>MoveLeft>Attack>MoveForward>Lunge(2)>Attack>MoveRight>Attack>Retreat>Attack",0,29.000,9,16,14,6,3.663,2,0.000,False,10.327,6.215,1,180,3499999.000,878.500,0.000,3500878.000,512.425,A0CA6604C4776456,True,1,True,False,"Beam 1위와 관측축 추천 일치"
A3,A-v2-complex,2-terminal,공격형-2종료위치,0.100,0.150,0.000,False,1.9,1,01880BEA0D35E61C,9,2,"Attack>DashForward>Attack>MoveLeft>Attack>MoveForward>Lunge(2)>Attack>MoveRight>Attack>DashBackward>Lunge(6)",0,29.000,9,16,14,6,3.481,2,0.000,False,9.961,7.922,1,180,3499999.000,878.500,0.000,3500878.000,512.425,B3AA95B991B533C7,True,2,False,False,""
A3,A-v2-complex,2-terminal,공격형-2종료위치,0.100,0.150,0.000,False,1.9,1,01880BEA0D35E61C,9,3,"Attack>DashForward>Attack>MoveLeft>Attack>MoveForward>Lunge(2)>Attack>MoveRight>Attack>DashRight>Lunge(6)",0,29.000,9,16,14,6,3.460,1,0.000,False,9.919,7.668,1,180,3499999.000,878.500,0.000,3500878.000,512.425,233E281119EBE4C4,True,3,False,False,""
A3,A-v2-complex,2-terminal,공격형-2종료위치,0.100,0.150,0.000,False,1.9,1,01880BEA0D35E61C,10,1,"Attack>DashForward>Attack>MoveLeft>Attack>MoveForward>Lunge(2)>Attack>MoveRight>Attack>Retreat>Attack",0,29.000,9,16,14,6,3.663,2,0.000,False,10.327,6.215,1,180,3499999.000,878.500,0.000,3500878.000,537.393,A0CA6604C4776456,True,1,True,False,"Beam 1위와 관측축 추천 일치"
A3,A-v2-complex,2-terminal,공격형-2종료위치,0.100,0.150,0.000,False,1.9,1,01880BEA0D35E61C,10,2,"Attack>DashForward>Attack>MoveLeft>Attack>MoveForward>Lunge(2)>Attack>MoveRight>Attack>DashBackward>Lunge(6)",0,29.000,9,16,14,6,3.481,2,0.000,False,9.961,7.922,1,180,3499999.000,878.500,0.000,3500878.000,537.393,B3AA95B991B533C7,True,2,False,False,""
A3,A-v2-complex,2-terminal,공격형-2종료위치,0.100,0.150,0.000,False,1.9,1,01880BEA0D35E61C,10,3,"Attack>DashForward>Attack>MoveLeft>Attack>MoveForward>Lunge(2)>Attack>MoveRight>Attack>DashRight>Lunge(6)",0,29.000,9,16,14,6,3.460,1,0.000,False,9.919,7.668,1,180,3499999.000,878.500,0.000,3500878.000,537.393,233E281119EBE4C4,True,3,False,False,""
A4,A-v2-complex,2-terminal,공격형-2종료위치,0.100,0.150,0.000,False,1.9,1,62F6E9F8D1F2129D,1,1,"Attack>DashForward>Attack>MoveLeft>Attack>DashForward>LungeStrike(17)>DashLeft>Lunge(9)>Attack>MoveLeft>Lunge(10)",1,29.000,9,17,18,9,3.440,3,0.000,True,10.880,10.087,3,180,3499969.000,896.100,0.000,3500865.000,863.483,84AF7D16C319FC53,True,2,False,True,""
A4,A-v2-complex,2-terminal,공격형-2종료위치,0.100,0.150,0.000,False,1.9,1,62F6E9F8D1F2129D,1,2,"Attack>DashForward>Attack>MoveLeft>Attack>DashForward>LungeStrike(17)>DashLeft>Lunge(9)>Attack>MoveLeft>Attack",1,29.000,9,17,18,9,3.476,3,0.000,False,2.952,9.355,3,180,3499967.000,896.100,0.000,3500863.000,863.483,EE9534D8EAD61921,True,3,False,True,""
A4,A-v2-complex,2-terminal,공격형-2종료위치,0.100,0.150,0.000,False,1.9,1,62F6E9F8D1F2129D,1,3,"Attack>DashForward>Attack>MoveLeft>Attack>DashForward>LungeStrike(17)>DashLeft>Lunge(9)>Attack>DashBackward>Lunge(10)",1,29.000,9,17,18,9,5.410,0,0.000,True,21.819,10.805,3,180,3499953.000,896.100,0.000,3500849.000,863.483,FB646DB73DF7B674,True,1,True,True,"종료 위치 품질 우세"
A4,A-v2-complex,2-terminal,공격형-2종료위치,0.100,0.150,0.000,False,1.9,1,62F6E9F8D1F2129D,2,1,"Attack>DashForward>Attack>MoveLeft>Attack>DashForward>LungeStrike(17)>DashLeft>Lunge(9)>Attack>MoveLeft>Lunge(10)",1,29.000,9,17,18,9,3.440,3,0.000,True,10.880,10.087,3,180,3499969.000,896.100,0.000,3500865.000,653.244,84AF7D16C319FC53,True,2,False,True,""
A4,A-v2-complex,2-terminal,공격형-2종료위치,0.100,0.150,0.000,False,1.9,1,62F6E9F8D1F2129D,2,2,"Attack>DashForward>Attack>MoveLeft>Attack>DashForward>LungeStrike(17)>DashLeft>Lunge(9)>Attack>MoveLeft>Attack",1,29.000,9,17,18,9,3.476,3,0.000,False,2.952,9.355,3,180,3499967.000,896.100,0.000,3500863.000,653.244,EE9534D8EAD61921,True,3,False,True,""
A4,A-v2-complex,2-terminal,공격형-2종료위치,0.100,0.150,0.000,False,1.9,1,62F6E9F8D1F2129D,2,3,"Attack>DashForward>Attack>MoveLeft>Attack>DashForward>LungeStrike(17)>DashLeft>Lunge(9)>Attack>DashBackward>Lunge(10)",1,29.000,9,17,18,9,5.410,0,0.000,True,21.819,10.805,3,180,3499953.000,896.100,0.000,3500849.000,653.244,FB646DB73DF7B674,True,1,True,True,"종료 위치 품질 우세"
A4,A-v2-complex,2-terminal,공격형-2종료위치,0.100,0.150,0.000,False,1.9,1,62F6E9F8D1F2129D,3,1,"Attack>DashForward>Attack>MoveLeft>Attack>DashForward>LungeStrike(17)>DashLeft>Lunge(9)>Attack>MoveLeft>Lunge(10)",1,29.000,9,17,18,9,3.440,3,0.000,True,10.880,10.087,3,180,3499969.000,896.100,0.000,3500865.000,487.917,84AF7D16C319FC53,True,2,False,True,""
A4,A-v2-complex,2-terminal,공격형-2종료위치,0.100,0.150,0.000,False,1.9,1,62F6E9F8D1F2129D,3,2,"Attack>DashForward>Attack>MoveLeft>Attack>DashForward>LungeStrike(17)>DashLeft>Lunge(9)>Attack>MoveLeft>Attack",1,29.000,9,17,18,9,3.476,3,0.000,False,2.952,9.355,3,180,3499967.000,896.100,0.000,3500863.000,487.917,EE9534D8EAD61921,True,3,False,True,""
A4,A-v2-complex,2-terminal,공격형-2종료위치,0.100,0.150,0.000,False,1.9,1,62F6E9F8D1F2129D,3,3,"Attack>DashForward>Attack>MoveLeft>Attack>DashForward>LungeStrike(17)>DashLeft>Lunge(9)>Attack>DashBackward>Lunge(10)",1,29.000,9,17,18,9,5.410,0,0.000,True,21.819,10.805,3,180,3499953.000,896.100,0.000,3500849.000,487.917,FB646DB73DF7B674,True,1,True,True,"종료 위치 품질 우세"
A4,A-v2-complex,2-terminal,공격형-2종료위치,0.100,0.150,0.000,False,1.9,1,62F6E9F8D1F2129D,4,1,"Attack>DashForward>Attack>MoveLeft>Attack>DashForward>LungeStrike(17)>DashLeft>Lunge(9)>Attack>MoveLeft>Lunge(10)",1,29.000,9,17,18,9,3.440,3,0.000,True,10.880,10.087,3,180,3499969.000,896.100,0.000,3500865.000,495.646,84AF7D16C319FC53,True,2,False,True,""
A4,A-v2-complex,2-terminal,공격형-2종료위치,0.100,0.150,0.000,False,1.9,1,62F6E9F8D1F2129D,4,2,"Attack>DashForward>Attack>MoveLeft>Attack>DashForward>LungeStrike(17)>DashLeft>Lunge(9)>Attack>MoveLeft>Attack",1,29.000,9,17,18,9,3.476,3,0.000,False,2.952,9.355,3,180,3499967.000,896.100,0.000,3500863.000,495.646,EE9534D8EAD61921,True,3,False,True,""
A4,A-v2-complex,2-terminal,공격형-2종료위치,0.100,0.150,0.000,False,1.9,1,62F6E9F8D1F2129D,4,3,"Attack>DashForward>Attack>MoveLeft>Attack>DashForward>LungeStrike(17)>DashLeft>Lunge(9)>Attack>DashBackward>Lunge(10)",1,29.000,9,17,18,9,5.410,0,0.000,True,21.819,10.805,3,180,3499953.000,896.100,0.000,3500849.000,495.646,FB646DB73DF7B674,True,1,True,True,"종료 위치 품질 우세"
A4,A-v2-complex,2-terminal,공격형-2종료위치,0.100,0.150,0.000,False,1.9,1,62F6E9F8D1F2129D,5,1,"Attack>DashForward>Attack>MoveLeft>Attack>DashForward>LungeStrike(17)>DashLeft>Lunge(9)>Attack>MoveLeft>Lunge(10)",1,29.000,9,17,18,9,3.440,3,0.000,True,10.880,10.087,3,180,3499969.000,896.100,0.000,3500865.000,413.632,84AF7D16C319FC53,True,2,False,True,""
A4,A-v2-complex,2-terminal,공격형-2종료위치,0.100,0.150,0.000,False,1.9,1,62F6E9F8D1F2129D,5,2,"Attack>DashForward>Attack>MoveLeft>Attack>DashForward>LungeStrike(17)>DashLeft>Lunge(9)>Attack>MoveLeft>Attack",1,29.000,9,17,18,9,3.476,3,0.000,False,2.952,9.355,3,180,3499967.000,896.100,0.000,3500863.000,413.632,EE9534D8EAD61921,True,3,False,True,""
A4,A-v2-complex,2-terminal,공격형-2종료위치,0.100,0.150,0.000,False,1.9,1,62F6E9F8D1F2129D,5,3,"Attack>DashForward>Attack>MoveLeft>Attack>DashForward>LungeStrike(17)>DashLeft>Lunge(9)>Attack>DashBackward>Lunge(10)",1,29.000,9,17,18,9,5.410,0,0.000,True,21.819,10.805,3,180,3499953.000,896.100,0.000,3500849.000,413.632,FB646DB73DF7B674,True,1,True,True,"종료 위치 품질 우세"
A4,A-v2-complex,2-terminal,공격형-2종료위치,0.100,0.150,0.000,False,1.9,1,62F6E9F8D1F2129D,6,1,"Attack>DashForward>Attack>MoveLeft>Attack>DashForward>LungeStrike(17)>DashLeft>Lunge(9)>Attack>MoveLeft>Lunge(10)",1,29.000,9,17,18,9,3.440,3,0.000,True,10.880,10.087,3,180,3499969.000,896.100,0.000,3500865.000,468.656,84AF7D16C319FC53,True,2,False,True,""
A4,A-v2-complex,2-terminal,공격형-2종료위치,0.100,0.150,0.000,False,1.9,1,62F6E9F8D1F2129D,6,2,"Attack>DashForward>Attack>MoveLeft>Attack>DashForward>LungeStrike(17)>DashLeft>Lunge(9)>Attack>MoveLeft>Attack",1,29.000,9,17,18,9,3.476,3,0.000,False,2.952,9.355,3,180,3499967.000,896.100,0.000,3500863.000,468.656,EE9534D8EAD61921,True,3,False,True,""
A4,A-v2-complex,2-terminal,공격형-2종료위치,0.100,0.150,0.000,False,1.9,1,62F6E9F8D1F2129D,6,3,"Attack>DashForward>Attack>MoveLeft>Attack>DashForward>LungeStrike(17)>DashLeft>Lunge(9)>Attack>DashBackward>Lunge(10)",1,29.000,9,17,18,9,5.410,0,0.000,True,21.819,10.805,3,180,3499953.000,896.100,0.000,3500849.000,468.656,FB646DB73DF7B674,True,1,True,True,"종료 위치 품질 우세"
A4,A-v2-complex,2-terminal,공격형-2종료위치,0.100,0.150,0.000,False,1.9,1,62F6E9F8D1F2129D,7,1,"Attack>DashForward>Attack>MoveLeft>Attack>DashForward>LungeStrike(17)>DashLeft>Lunge(9)>Attack>MoveLeft>Lunge(10)",1,29.000,9,17,18,9,3.440,3,0.000,True,10.880,10.087,3,180,3499969.000,896.100,0.000,3500865.000,422.549,84AF7D16C319FC53,True,2,False,True,""
A4,A-v2-complex,2-terminal,공격형-2종료위치,0.100,0.150,0.000,False,1.9,1,62F6E9F8D1F2129D,7,2,"Attack>DashForward>Attack>MoveLeft>Attack>DashForward>LungeStrike(17)>DashLeft>Lunge(9)>Attack>MoveLeft>Attack",1,29.000,9,17,18,9,3.476,3,0.000,False,2.952,9.355,3,180,3499967.000,896.100,0.000,3500863.000,422.549,EE9534D8EAD61921,True,3,False,True,""
A4,A-v2-complex,2-terminal,공격형-2종료위치,0.100,0.150,0.000,False,1.9,1,62F6E9F8D1F2129D,7,3,"Attack>DashForward>Attack>MoveLeft>Attack>DashForward>LungeStrike(17)>DashLeft>Lunge(9)>Attack>DashBackward>Lunge(10)",1,29.000,9,17,18,9,5.410,0,0.000,True,21.819,10.805,3,180,3499953.000,896.100,0.000,3500849.000,422.549,FB646DB73DF7B674,True,1,True,True,"종료 위치 품질 우세"
A4,A-v2-complex,2-terminal,공격형-2종료위치,0.100,0.150,0.000,False,1.9,1,62F6E9F8D1F2129D,8,1,"Attack>DashForward>Attack>MoveLeft>Attack>DashForward>LungeStrike(17)>DashLeft>Lunge(9)>Attack>MoveLeft>Lunge(10)",1,29.000,9,17,18,9,3.440,3,0.000,True,10.880,10.087,3,180,3499969.000,896.100,0.000,3500865.000,792.690,84AF7D16C319FC53,True,2,False,True,""
A4,A-v2-complex,2-terminal,공격형-2종료위치,0.100,0.150,0.000,False,1.9,1,62F6E9F8D1F2129D,8,2,"Attack>DashForward>Attack>MoveLeft>Attack>DashForward>LungeStrike(17)>DashLeft>Lunge(9)>Attack>MoveLeft>Attack",1,29.000,9,17,18,9,3.476,3,0.000,False,2.952,9.355,3,180,3499967.000,896.100,0.000,3500863.000,792.690,EE9534D8EAD61921,True,3,False,True,""
A4,A-v2-complex,2-terminal,공격형-2종료위치,0.100,0.150,0.000,False,1.9,1,62F6E9F8D1F2129D,8,3,"Attack>DashForward>Attack>MoveLeft>Attack>DashForward>LungeStrike(17)>DashLeft>Lunge(9)>Attack>DashBackward>Lunge(10)",1,29.000,9,17,18,9,5.410,0,0.000,True,21.819,10.805,3,180,3499953.000,896.100,0.000,3500849.000,792.690,FB646DB73DF7B674,True,1,True,True,"종료 위치 품질 우세"
A4,A-v2-complex,2-terminal,공격형-2종료위치,0.100,0.150,0.000,False,1.9,1,62F6E9F8D1F2129D,9,1,"Attack>DashForward>Attack>MoveLeft>Attack>DashForward>LungeStrike(17)>DashLeft>Lunge(9)>Attack>MoveLeft>Lunge(10)",1,29.000,9,17,18,9,3.440,3,0.000,True,10.880,10.087,3,180,3499969.000,896.100,0.000,3500865.000,861.564,84AF7D16C319FC53,True,2,False,True,""
A4,A-v2-complex,2-terminal,공격형-2종료위치,0.100,0.150,0.000,False,1.9,1,62F6E9F8D1F2129D,9,2,"Attack>DashForward>Attack>MoveLeft>Attack>DashForward>LungeStrike(17)>DashLeft>Lunge(9)>Attack>MoveLeft>Attack",1,29.000,9,17,18,9,3.476,3,0.000,False,2.952,9.355,3,180,3499967.000,896.100,0.000,3500863.000,861.564,EE9534D8EAD61921,True,3,False,True,""
A4,A-v2-complex,2-terminal,공격형-2종료위치,0.100,0.150,0.000,False,1.9,1,62F6E9F8D1F2129D,9,3,"Attack>DashForward>Attack>MoveLeft>Attack>DashForward>LungeStrike(17)>DashLeft>Lunge(9)>Attack>DashBackward>Lunge(10)",1,29.000,9,17,18,9,5.410,0,0.000,True,21.819,10.805,3,180,3499953.000,896.100,0.000,3500849.000,861.564,FB646DB73DF7B674,True,1,True,True,"종료 위치 품질 우세"
A4,A-v2-complex,2-terminal,공격형-2종료위치,0.100,0.150,0.000,False,1.9,1,62F6E9F8D1F2129D,10,1,"Attack>DashForward>Attack>MoveLeft>Attack>DashForward>LungeStrike(17)>DashLeft>Lunge(9)>Attack>MoveLeft>Lunge(10)",1,29.000,9,17,18,9,3.440,3,0.000,True,10.880,10.087,3,180,3499969.000,896.100,0.000,3500865.000,873.576,84AF7D16C319FC53,True,2,False,True,""
A4,A-v2-complex,2-terminal,공격형-2종료위치,0.100,0.150,0.000,False,1.9,1,62F6E9F8D1F2129D,10,2,"Attack>DashForward>Attack>MoveLeft>Attack>DashForward>LungeStrike(17)>DashLeft>Lunge(9)>Attack>MoveLeft>Attack",1,29.000,9,17,18,9,3.476,3,0.000,False,2.952,9.355,3,180,3499967.000,896.100,0.000,3500863.000,873.576,EE9534D8EAD61921,True,3,False,True,""
A4,A-v2-complex,2-terminal,공격형-2종료위치,0.100,0.150,0.000,False,1.9,1,62F6E9F8D1F2129D,10,3,"Attack>DashForward>Attack>MoveLeft>Attack>DashForward>LungeStrike(17)>DashLeft>Lunge(9)>Attack>DashBackward>Lunge(10)",1,29.000,9,17,18,9,5.410,0,0.000,True,21.819,10.805,3,180,3499953.000,896.100,0.000,3500849.000,873.576,FB646DB73DF7B674,True,1,True,True,"종료 위치 품질 우세"
A1,A-v2-complex,3-difficulty-final,공격형,0.100,0.150,0.100,True,1.9,1,50DEB425210D7347,1,1,"Lunge(0)>Attack>DashForward>Lunge(7)>Attack>DashBackward>Lunge(3)>Attack>MoveRight>Attack>DashForward>Attack",0,34.000,8,20,16,8,1.211,7,0.000,False,-29.577,9.427,0,180,3499994.000,883.400,-0.943,3500876.000,838.581,174E838DC2F18B2B,True,1,True,False,"Beam 1위와 관측축 추천 일치"
A1,A-v2-complex,3-difficulty-final,공격형,0.100,0.150,0.100,True,1.9,1,50DEB425210D7347,1,2,"Lunge(0)>Attack>DashForward>Lunge(7)>Attack>DashBackward>Lunge(3)>Attack>MoveRight>Attack>DashLeft>Attack",0,34.000,7,21,16,9,2.186,5,0.000,False,-13.628,9.427,0,180,3499998.000,835.000,-0.943,3500832.000,838.581,0E0BAA0CC0A1ACC0,True,2,False,False,""
A1,A-v2-complex,3-difficulty-final,공격형,0.100,0.150,0.100,True,1.9,1,50DEB425210D7347,1,3,"Lunge(0)>Attack>DashForward>Lunge(7)>Attack>DashBackward>Lunge(3)>Attack>MoveRight>Attack>MoveForward>Attack",0,34.000,7,21,16,9,1.271,8,0.000,False,-36.458,8.677,0,180,3499992.000,835.000,-0.868,3500826.000,838.581,1456CDCDEF8C4CBA,True,3,False,False,""
A1,A-v2-complex,3-difficulty-final,공격형,0.100,0.150,0.100,True,1.9,1,50DEB425210D7347,2,1,"Lunge(0)>Attack>DashForward>Lunge(7)>Attack>DashBackward>Lunge(3)>Attack>MoveRight>Attack>DashForward>Attack",0,34.000,8,20,16,8,1.211,7,0.000,False,-29.577,9.427,0,180,3499994.000,883.400,-0.943,3500876.000,911.518,174E838DC2F18B2B,True,1,True,False,"Beam 1위와 관측축 추천 일치"
A1,A-v2-complex,3-difficulty-final,공격형,0.100,0.150,0.100,True,1.9,1,50DEB425210D7347,2,2,"Lunge(0)>Attack>DashForward>Lunge(7)>Attack>DashBackward>Lunge(3)>Attack>MoveRight>Attack>DashLeft>Attack",0,34.000,7,21,16,9,2.186,5,0.000,False,-13.628,9.427,0,180,3499998.000,835.000,-0.943,3500832.000,911.518,0E0BAA0CC0A1ACC0,True,2,False,False,""
A1,A-v2-complex,3-difficulty-final,공격형,0.100,0.150,0.100,True,1.9,1,50DEB425210D7347,2,3,"Lunge(0)>Attack>DashForward>Lunge(7)>Attack>DashBackward>Lunge(3)>Attack>MoveRight>Attack>MoveForward>Attack",0,34.000,7,21,16,9,1.271,8,0.000,False,-36.458,8.677,0,180,3499992.000,835.000,-0.868,3500826.000,911.518,1456CDCDEF8C4CBA,True,3,False,False,""
A1,A-v2-complex,3-difficulty-final,공격형,0.100,0.150,0.100,True,1.9,1,50DEB425210D7347,3,1,"Lunge(0)>Attack>DashForward>Lunge(7)>Attack>DashBackward>Lunge(3)>Attack>MoveRight>Attack>DashForward>Attack",0,34.000,8,20,16,8,1.211,7,0.000,False,-29.577,9.427,0,180,3499994.000,883.400,-0.943,3500876.000,885.644,174E838DC2F18B2B,True,1,True,False,"Beam 1위와 관측축 추천 일치"
A1,A-v2-complex,3-difficulty-final,공격형,0.100,0.150,0.100,True,1.9,1,50DEB425210D7347,3,2,"Lunge(0)>Attack>DashForward>Lunge(7)>Attack>DashBackward>Lunge(3)>Attack>MoveRight>Attack>DashLeft>Attack",0,34.000,7,21,16,9,2.186,5,0.000,False,-13.628,9.427,0,180,3499998.000,835.000,-0.943,3500832.000,885.644,0E0BAA0CC0A1ACC0,True,2,False,False,""
A1,A-v2-complex,3-difficulty-final,공격형,0.100,0.150,0.100,True,1.9,1,50DEB425210D7347,3,3,"Lunge(0)>Attack>DashForward>Lunge(7)>Attack>DashBackward>Lunge(3)>Attack>MoveRight>Attack>MoveForward>Attack",0,34.000,7,21,16,9,1.271,8,0.000,False,-36.458,8.677,0,180,3499992.000,835.000,-0.868,3500826.000,885.644,1456CDCDEF8C4CBA,True,3,False,False,""
A1,A-v2-complex,3-difficulty-final,공격형,0.100,0.150,0.100,True,1.9,1,50DEB425210D7347,4,1,"Lunge(0)>Attack>DashForward>Lunge(7)>Attack>DashBackward>Lunge(3)>Attack>MoveRight>Attack>DashForward>Attack",0,34.000,8,20,16,8,1.211,7,0.000,False,-29.577,9.427,0,180,3499994.000,883.400,-0.943,3500876.000,858.395,174E838DC2F18B2B,True,1,True,False,"Beam 1위와 관측축 추천 일치"
A1,A-v2-complex,3-difficulty-final,공격형,0.100,0.150,0.100,True,1.9,1,50DEB425210D7347,4,2,"Lunge(0)>Attack>DashForward>Lunge(7)>Attack>DashBackward>Lunge(3)>Attack>MoveRight>Attack>DashLeft>Attack",0,34.000,7,21,16,9,2.186,5,0.000,False,-13.628,9.427,0,180,3499998.000,835.000,-0.943,3500832.000,858.395,0E0BAA0CC0A1ACC0,True,2,False,False,""
A1,A-v2-complex,3-difficulty-final,공격형,0.100,0.150,0.100,True,1.9,1,50DEB425210D7347,4,3,"Lunge(0)>Attack>DashForward>Lunge(7)>Attack>DashBackward>Lunge(3)>Attack>MoveRight>Attack>MoveForward>Attack",0,34.000,7,21,16,9,1.271,8,0.000,False,-36.458,8.677,0,180,3499992.000,835.000,-0.868,3500826.000,858.395,1456CDCDEF8C4CBA,True,3,False,False,""
A1,A-v2-complex,3-difficulty-final,공격형,0.100,0.150,0.100,True,1.9,1,50DEB425210D7347,5,1,"Lunge(0)>Attack>DashForward>Lunge(7)>Attack>DashBackward>Lunge(3)>Attack>MoveRight>Attack>DashForward>Attack",0,34.000,8,20,16,8,1.211,7,0.000,False,-29.577,9.427,0,180,3499994.000,883.400,-0.943,3500876.000,870.378,174E838DC2F18B2B,True,1,True,False,"Beam 1위와 관측축 추천 일치"
A1,A-v2-complex,3-difficulty-final,공격형,0.100,0.150,0.100,True,1.9,1,50DEB425210D7347,5,2,"Lunge(0)>Attack>DashForward>Lunge(7)>Attack>DashBackward>Lunge(3)>Attack>MoveRight>Attack>DashLeft>Attack",0,34.000,7,21,16,9,2.186,5,0.000,False,-13.628,9.427,0,180,3499998.000,835.000,-0.943,3500832.000,870.378,0E0BAA0CC0A1ACC0,True,2,False,False,""
A1,A-v2-complex,3-difficulty-final,공격형,0.100,0.150,0.100,True,1.9,1,50DEB425210D7347,5,3,"Lunge(0)>Attack>DashForward>Lunge(7)>Attack>DashBackward>Lunge(3)>Attack>MoveRight>Attack>MoveForward>Attack",0,34.000,7,21,16,9,1.271,8,0.000,False,-36.458,8.677,0,180,3499992.000,835.000,-0.868,3500826.000,870.378,1456CDCDEF8C4CBA,True,3,False,False,""
A1,A-v2-complex,3-difficulty-final,공격형,0.100,0.150,0.100,True,1.9,1,50DEB425210D7347,6,1,"Lunge(0)>Attack>DashForward>Lunge(7)>Attack>DashBackward>Lunge(3)>Attack>MoveRight>Attack>DashForward>Attack",0,34.000,8,20,16,8,1.211,7,0.000,False,-29.577,9.427,0,180,3499994.000,883.400,-0.943,3500876.000,910.189,174E838DC2F18B2B,True,1,True,False,"Beam 1위와 관측축 추천 일치"
A1,A-v2-complex,3-difficulty-final,공격형,0.100,0.150,0.100,True,1.9,1,50DEB425210D7347,6,2,"Lunge(0)>Attack>DashForward>Lunge(7)>Attack>DashBackward>Lunge(3)>Attack>MoveRight>Attack>DashLeft>Attack",0,34.000,7,21,16,9,2.186,5,0.000,False,-13.628,9.427,0,180,3499998.000,835.000,-0.943,3500832.000,910.189,0E0BAA0CC0A1ACC0,True,2,False,False,""
A1,A-v2-complex,3-difficulty-final,공격형,0.100,0.150,0.100,True,1.9,1,50DEB425210D7347,6,3,"Lunge(0)>Attack>DashForward>Lunge(7)>Attack>DashBackward>Lunge(3)>Attack>MoveRight>Attack>MoveForward>Attack",0,34.000,7,21,16,9,1.271,8,0.000,False,-36.458,8.677,0,180,3499992.000,835.000,-0.868,3500826.000,910.189,1456CDCDEF8C4CBA,True,3,False,False,""
A1,A-v2-complex,3-difficulty-final,공격형,0.100,0.150,0.100,True,1.9,1,50DEB425210D7347,7,1,"Lunge(0)>Attack>DashForward>Lunge(7)>Attack>DashBackward>Lunge(3)>Attack>MoveRight>Attack>DashForward>Attack",0,34.000,8,20,16,8,1.211,7,0.000,False,-29.577,9.427,0,180,3499994.000,883.400,-0.943,3500876.000,961.636,174E838DC2F18B2B,True,1,True,False,"Beam 1위와 관측축 추천 일치"
A1,A-v2-complex,3-difficulty-final,공격형,0.100,0.150,0.100,True,1.9,1,50DEB425210D7347,7,2,"Lunge(0)>Attack>DashForward>Lunge(7)>Attack>DashBackward>Lunge(3)>Attack>MoveRight>Attack>DashLeft>Attack",0,34.000,7,21,16,9,2.186,5,0.000,False,-13.628,9.427,0,180,3499998.000,835.000,-0.943,3500832.000,961.636,0E0BAA0CC0A1ACC0,True,2,False,False,""
A1,A-v2-complex,3-difficulty-final,공격형,0.100,0.150,0.100,True,1.9,1,50DEB425210D7347,7,3,"Lunge(0)>Attack>DashForward>Lunge(7)>Attack>DashBackward>Lunge(3)>Attack>MoveRight>Attack>MoveForward>Attack",0,34.000,7,21,16,9,1.271,8,0.000,False,-36.458,8.677,0,180,3499992.000,835.000,-0.868,3500826.000,961.636,1456CDCDEF8C4CBA,True,3,False,False,""
A1,A-v2-complex,3-difficulty-final,공격형,0.100,0.150,0.100,True,1.9,1,50DEB425210D7347,8,1,"Lunge(0)>Attack>DashForward>Lunge(7)>Attack>DashBackward>Lunge(3)>Attack>MoveRight>Attack>DashForward>Attack",0,34.000,8,20,16,8,1.211,7,0.000,False,-29.577,9.427,0,180,3499994.000,883.400,-0.943,3500876.000,917.947,174E838DC2F18B2B,True,1,True,False,"Beam 1위와 관측축 추천 일치"
A1,A-v2-complex,3-difficulty-final,공격형,0.100,0.150,0.100,True,1.9,1,50DEB425210D7347,8,2,"Lunge(0)>Attack>DashForward>Lunge(7)>Attack>DashBackward>Lunge(3)>Attack>MoveRight>Attack>DashLeft>Attack",0,34.000,7,21,16,9,2.186,5,0.000,False,-13.628,9.427,0,180,3499998.000,835.000,-0.943,3500832.000,917.947,0E0BAA0CC0A1ACC0,True,2,False,False,""
A1,A-v2-complex,3-difficulty-final,공격형,0.100,0.150,0.100,True,1.9,1,50DEB425210D7347,8,3,"Lunge(0)>Attack>DashForward>Lunge(7)>Attack>DashBackward>Lunge(3)>Attack>MoveRight>Attack>MoveForward>Attack",0,34.000,7,21,16,9,1.271,8,0.000,False,-36.458,8.677,0,180,3499992.000,835.000,-0.868,3500826.000,917.947,1456CDCDEF8C4CBA,True,3,False,False,""
A1,A-v2-complex,3-difficulty-final,공격형,0.100,0.150,0.100,True,1.9,1,50DEB425210D7347,9,1,"Lunge(0)>Attack>DashForward>Lunge(7)>Attack>DashBackward>Lunge(3)>Attack>MoveRight>Attack>DashForward>Attack",0,34.000,8,20,16,8,1.211,7,0.000,False,-29.577,9.427,0,180,3499994.000,883.400,-0.943,3500876.000,907.963,174E838DC2F18B2B,True,1,True,False,"Beam 1위와 관측축 추천 일치"
A1,A-v2-complex,3-difficulty-final,공격형,0.100,0.150,0.100,True,1.9,1,50DEB425210D7347,9,2,"Lunge(0)>Attack>DashForward>Lunge(7)>Attack>DashBackward>Lunge(3)>Attack>MoveRight>Attack>DashLeft>Attack",0,34.000,7,21,16,9,2.186,5,0.000,False,-13.628,9.427,0,180,3499998.000,835.000,-0.943,3500832.000,907.963,0E0BAA0CC0A1ACC0,True,2,False,False,""
A1,A-v2-complex,3-difficulty-final,공격형,0.100,0.150,0.100,True,1.9,1,50DEB425210D7347,9,3,"Lunge(0)>Attack>DashForward>Lunge(7)>Attack>DashBackward>Lunge(3)>Attack>MoveRight>Attack>MoveForward>Attack",0,34.000,7,21,16,9,1.271,8,0.000,False,-36.458,8.677,0,180,3499992.000,835.000,-0.868,3500826.000,907.963,1456CDCDEF8C4CBA,True,3,False,False,""
A1,A-v2-complex,3-difficulty-final,공격형,0.100,0.150,0.100,True,1.9,1,50DEB425210D7347,10,1,"Lunge(0)>Attack>DashForward>Lunge(7)>Attack>DashBackward>Lunge(3)>Attack>MoveRight>Attack>DashForward>Attack",0,34.000,8,20,16,8,1.211,7,0.000,False,-29.577,9.427,0,180,3499994.000,883.400,-0.943,3500876.000,915.271,174E838DC2F18B2B,True,1,True,False,"Beam 1위와 관측축 추천 일치"
A1,A-v2-complex,3-difficulty-final,공격형,0.100,0.150,0.100,True,1.9,1,50DEB425210D7347,10,2,"Lunge(0)>Attack>DashForward>Lunge(7)>Attack>DashBackward>Lunge(3)>Attack>MoveRight>Attack>DashLeft>Attack",0,34.000,7,21,16,9,2.186,5,0.000,False,-13.628,9.427,0,180,3499998.000,835.000,-0.943,3500832.000,915.271,0E0BAA0CC0A1ACC0,True,2,False,False,""
A1,A-v2-complex,3-difficulty-final,공격형,0.100,0.150,0.100,True,1.9,1,50DEB425210D7347,10,3,"Lunge(0)>Attack>DashForward>Lunge(7)>Attack>DashBackward>Lunge(3)>Attack>MoveRight>Attack>MoveForward>Attack",0,34.000,7,21,16,9,1.271,8,0.000,False,-36.458,8.677,0,180,3499992.000,835.000,-0.868,3500826.000,915.271,1456CDCDEF8C4CBA,True,3,False,False,""
A2,A-v2-complex,3-difficulty-final,공격형,0.100,0.150,0.100,True,1.9,1,3F5F709DA48265EF,1,1,"LungeStrike(0)>DashRight>Lunge(5)>Attack>MoveLeft>Attack>MoveRight>Attack>Jump>LungeStrike(3)>DashForward>LungeStrike(1)",0,34.000,7,15,12,5,4.492,1,2.371,False,16.097,12.060,0,180,3500004.000,738.200,-1.206,3500741.000,458.984,BD17176102D6F0C7,True,1,True,False,"Beam 1위와 관측축 추천 일치"
A2,A-v2-complex,3-difficulty-final,공격형,0.100,0.150,0.100,True,1.9,1,3F5F709DA48265EF,1,2,"LungeStrike(0)>DashRight>Lunge(5)>Attack>MoveLeft>Attack>Retreat>Attack>DashLeft>LungeStrike(3)>DashBackward>LungeStrike(2)",0,34.000,7,15,12,5,4.373,1,1.942,False,14.570,12.235,0,180,3500004.000,738.200,-1.223,3500741.000,458.984,8595C84EEFCE8815,True,3,False,False,""
A2,A-v2-complex,3-difficulty-final,공격형,0.100,0.150,0.100,True,1.9,1,3F5F709DA48265EF,1,3,"LungeStrike(0)>DashRight>Lunge(5)>Attack>MoveLeft>Attack>MoveRight>Attack>Jump>LungeStrike(3)>DashBackward>LungeStrike(2)",0,34.000,7,15,12,5,4.263,1,2.408,False,15.750,12.053,0,180,3500004.000,738.200,-1.205,3500741.000,458.984,B53DFA90FBF6657F,True,2,False,False,""
A2,A-v2-complex,3-difficulty-final,공격형,0.100,0.150,0.100,True,1.9,1,3F5F709DA48265EF,2,1,"LungeStrike(0)>DashRight>Lunge(5)>Attack>MoveLeft>Attack>MoveRight>Attack>Jump>LungeStrike(3)>DashForward>LungeStrike(1)",0,34.000,7,15,12,5,4.492,1,2.371,False,16.097,12.060,0,180,3500004.000,738.200,-1.206,3500741.000,479.546,BD17176102D6F0C7,True,1,True,False,"Beam 1위와 관측축 추천 일치"
A2,A-v2-complex,3-difficulty-final,공격형,0.100,0.150,0.100,True,1.9,1,3F5F709DA48265EF,2,2,"LungeStrike(0)>DashRight>Lunge(5)>Attack>MoveLeft>Attack>Retreat>Attack>DashLeft>LungeStrike(3)>DashBackward>LungeStrike(2)",0,34.000,7,15,12,5,4.373,1,1.942,False,14.570,12.235,0,180,3500004.000,738.200,-1.223,3500741.000,479.546,8595C84EEFCE8815,True,3,False,False,""
A2,A-v2-complex,3-difficulty-final,공격형,0.100,0.150,0.100,True,1.9,1,3F5F709DA48265EF,2,3,"LungeStrike(0)>DashRight>Lunge(5)>Attack>MoveLeft>Attack>MoveRight>Attack>Jump>LungeStrike(3)>DashBackward>LungeStrike(2)",0,34.000,7,15,12,5,4.263,1,2.408,False,15.750,12.053,0,180,3500004.000,738.200,-1.205,3500741.000,479.546,B53DFA90FBF6657F,True,2,False,False,""
A2,A-v2-complex,3-difficulty-final,공격형,0.100,0.150,0.100,True,1.9,1,3F5F709DA48265EF,3,1,"LungeStrike(0)>DashRight>Lunge(5)>Attack>MoveLeft>Attack>MoveRight>Attack>Jump>LungeStrike(3)>DashForward>LungeStrike(1)",0,34.000,7,15,12,5,4.492,1,2.371,False,16.097,12.060,0,180,3500004.000,738.200,-1.206,3500741.000,466.928,BD17176102D6F0C7,True,1,True,False,"Beam 1위와 관측축 추천 일치"
A2,A-v2-complex,3-difficulty-final,공격형,0.100,0.150,0.100,True,1.9,1,3F5F709DA48265EF,3,2,"LungeStrike(0)>DashRight>Lunge(5)>Attack>MoveLeft>Attack>Retreat>Attack>DashLeft>LungeStrike(3)>DashBackward>LungeStrike(2)",0,34.000,7,15,12,5,4.373,1,1.942,False,14.570,12.235,0,180,3500004.000,738.200,-1.223,3500741.000,466.928,8595C84EEFCE8815,True,3,False,False,""
A2,A-v2-complex,3-difficulty-final,공격형,0.100,0.150,0.100,True,1.9,1,3F5F709DA48265EF,3,3,"LungeStrike(0)>DashRight>Lunge(5)>Attack>MoveLeft>Attack>MoveRight>Attack>Jump>LungeStrike(3)>DashBackward>LungeStrike(2)",0,34.000,7,15,12,5,4.263,1,2.408,False,15.750,12.053,0,180,3500004.000,738.200,-1.205,3500741.000,466.928,B53DFA90FBF6657F,True,2,False,False,""
A2,A-v2-complex,3-difficulty-final,공격형,0.100,0.150,0.100,True,1.9,1,3F5F709DA48265EF,4,1,"LungeStrike(0)>DashRight>Lunge(5)>Attack>MoveLeft>Attack>MoveRight>Attack>Jump>LungeStrike(3)>DashForward>LungeStrike(1)",0,34.000,7,15,12,5,4.492,1,2.371,False,16.097,12.060,0,180,3500004.000,738.200,-1.206,3500741.000,457.241,BD17176102D6F0C7,True,1,True,False,"Beam 1위와 관측축 추천 일치"
A2,A-v2-complex,3-difficulty-final,공격형,0.100,0.150,0.100,True,1.9,1,3F5F709DA48265EF,4,2,"LungeStrike(0)>DashRight>Lunge(5)>Attack>MoveLeft>Attack>Retreat>Attack>DashLeft>LungeStrike(3)>DashBackward>LungeStrike(2)",0,34.000,7,15,12,5,4.373,1,1.942,False,14.570,12.235,0,180,3500004.000,738.200,-1.223,3500741.000,457.241,8595C84EEFCE8815,True,3,False,False,""
A2,A-v2-complex,3-difficulty-final,공격형,0.100,0.150,0.100,True,1.9,1,3F5F709DA48265EF,4,3,"LungeStrike(0)>DashRight>Lunge(5)>Attack>MoveLeft>Attack>MoveRight>Attack>Jump>LungeStrike(3)>DashBackward>LungeStrike(2)",0,34.000,7,15,12,5,4.263,1,2.408,False,15.750,12.053,0,180,3500004.000,738.200,-1.205,3500741.000,457.241,B53DFA90FBF6657F,True,2,False,False,""
A2,A-v2-complex,3-difficulty-final,공격형,0.100,0.150,0.100,True,1.9,1,3F5F709DA48265EF,5,1,"LungeStrike(0)>DashRight>Lunge(5)>Attack>MoveLeft>Attack>MoveRight>Attack>Jump>LungeStrike(3)>DashForward>LungeStrike(1)",0,34.000,7,15,12,5,4.492,1,2.371,False,16.097,12.060,0,180,3500004.000,738.200,-1.206,3500741.000,458.786,BD17176102D6F0C7,True,1,True,False,"Beam 1위와 관측축 추천 일치"
A2,A-v2-complex,3-difficulty-final,공격형,0.100,0.150,0.100,True,1.9,1,3F5F709DA48265EF,5,2,"LungeStrike(0)>DashRight>Lunge(5)>Attack>MoveLeft>Attack>Retreat>Attack>DashLeft>LungeStrike(3)>DashBackward>LungeStrike(2)",0,34.000,7,15,12,5,4.373,1,1.942,False,14.570,12.235,0,180,3500004.000,738.200,-1.223,3500741.000,458.786,8595C84EEFCE8815,True,3,False,False,""
A2,A-v2-complex,3-difficulty-final,공격형,0.100,0.150,0.100,True,1.9,1,3F5F709DA48265EF,5,3,"LungeStrike(0)>DashRight>Lunge(5)>Attack>MoveLeft>Attack>MoveRight>Attack>Jump>LungeStrike(3)>DashBackward>LungeStrike(2)",0,34.000,7,15,12,5,4.263,1,2.408,False,15.750,12.053,0,180,3500004.000,738.200,-1.205,3500741.000,458.786,B53DFA90FBF6657F,True,2,False,False,""
A2,A-v2-complex,3-difficulty-final,공격형,0.100,0.150,0.100,True,1.9,1,3F5F709DA48265EF,6,1,"LungeStrike(0)>DashRight>Lunge(5)>Attack>MoveLeft>Attack>MoveRight>Attack>Jump>LungeStrike(3)>DashForward>LungeStrike(1)",0,34.000,7,15,12,5,4.492,1,2.371,False,16.097,12.060,0,180,3500004.000,738.200,-1.206,3500741.000,470.157,BD17176102D6F0C7,True,1,True,False,"Beam 1위와 관측축 추천 일치"
A2,A-v2-complex,3-difficulty-final,공격형,0.100,0.150,0.100,True,1.9,1,3F5F709DA48265EF,6,2,"LungeStrike(0)>DashRight>Lunge(5)>Attack>MoveLeft>Attack>Retreat>Attack>DashLeft>LungeStrike(3)>DashBackward>LungeStrike(2)",0,34.000,7,15,12,5,4.373,1,1.942,False,14.570,12.235,0,180,3500004.000,738.200,-1.223,3500741.000,470.157,8595C84EEFCE8815,True,3,False,False,""
A2,A-v2-complex,3-difficulty-final,공격형,0.100,0.150,0.100,True,1.9,1,3F5F709DA48265EF,6,3,"LungeStrike(0)>DashRight>Lunge(5)>Attack>MoveLeft>Attack>MoveRight>Attack>Jump>LungeStrike(3)>DashBackward>LungeStrike(2)",0,34.000,7,15,12,5,4.263,1,2.408,False,15.750,12.053,0,180,3500004.000,738.200,-1.205,3500741.000,470.157,B53DFA90FBF6657F,True,2,False,False,""
A2,A-v2-complex,3-difficulty-final,공격형,0.100,0.150,0.100,True,1.9,1,3F5F709DA48265EF,7,1,"LungeStrike(0)>DashRight>Lunge(5)>Attack>MoveLeft>Attack>MoveRight>Attack>Jump>LungeStrike(3)>DashForward>LungeStrike(1)",0,34.000,7,15,12,5,4.492,1,2.371,False,16.097,12.060,0,180,3500004.000,738.200,-1.206,3500741.000,473.537,BD17176102D6F0C7,True,1,True,False,"Beam 1위와 관측축 추천 일치"
A2,A-v2-complex,3-difficulty-final,공격형,0.100,0.150,0.100,True,1.9,1,3F5F709DA48265EF,7,2,"LungeStrike(0)>DashRight>Lunge(5)>Attack>MoveLeft>Attack>Retreat>Attack>DashLeft>LungeStrike(3)>DashBackward>LungeStrike(2)",0,34.000,7,15,12,5,4.373,1,1.942,False,14.570,12.235,0,180,3500004.000,738.200,-1.223,3500741.000,473.537,8595C84EEFCE8815,True,3,False,False,""
A2,A-v2-complex,3-difficulty-final,공격형,0.100,0.150,0.100,True,1.9,1,3F5F709DA48265EF,7,3,"LungeStrike(0)>DashRight>Lunge(5)>Attack>MoveLeft>Attack>MoveRight>Attack>Jump>LungeStrike(3)>DashBackward>LungeStrike(2)",0,34.000,7,15,12,5,4.263,1,2.408,False,15.750,12.053,0,180,3500004.000,738.200,-1.205,3500741.000,473.537,B53DFA90FBF6657F,True,2,False,False,""
A2,A-v2-complex,3-difficulty-final,공격형,0.100,0.150,0.100,True,1.9,1,3F5F709DA48265EF,8,1,"LungeStrike(0)>DashRight>Lunge(5)>Attack>MoveLeft>Attack>MoveRight>Attack>Jump>LungeStrike(3)>DashForward>LungeStrike(1)",0,34.000,7,15,12,5,4.492,1,2.371,False,16.097,12.060,0,180,3500004.000,738.200,-1.206,3500741.000,477.201,BD17176102D6F0C7,True,1,True,False,"Beam 1위와 관측축 추천 일치"
A2,A-v2-complex,3-difficulty-final,공격형,0.100,0.150,0.100,True,1.9,1,3F5F709DA48265EF,8,2,"LungeStrike(0)>DashRight>Lunge(5)>Attack>MoveLeft>Attack>Retreat>Attack>DashLeft>LungeStrike(3)>DashBackward>LungeStrike(2)",0,34.000,7,15,12,5,4.373,1,1.942,False,14.570,12.235,0,180,3500004.000,738.200,-1.223,3500741.000,477.201,8595C84EEFCE8815,True,3,False,False,""
A2,A-v2-complex,3-difficulty-final,공격형,0.100,0.150,0.100,True,1.9,1,3F5F709DA48265EF,8,3,"LungeStrike(0)>DashRight>Lunge(5)>Attack>MoveLeft>Attack>MoveRight>Attack>Jump>LungeStrike(3)>DashBackward>LungeStrike(2)",0,34.000,7,15,12,5,4.263,1,2.408,False,15.750,12.053,0,180,3500004.000,738.200,-1.205,3500741.000,477.201,B53DFA90FBF6657F,True,2,False,False,""
A2,A-v2-complex,3-difficulty-final,공격형,0.100,0.150,0.100,True,1.9,1,3F5F709DA48265EF,9,1,"LungeStrike(0)>DashRight>Lunge(5)>Attack>MoveLeft>Attack>MoveRight>Attack>Jump>LungeStrike(3)>DashForward>LungeStrike(1)",0,34.000,7,15,12,5,4.492,1,2.371,False,16.097,12.060,0,180,3500004.000,738.200,-1.206,3500741.000,439.309,BD17176102D6F0C7,True,1,True,False,"Beam 1위와 관측축 추천 일치"
A2,A-v2-complex,3-difficulty-final,공격형,0.100,0.150,0.100,True,1.9,1,3F5F709DA48265EF,9,2,"LungeStrike(0)>DashRight>Lunge(5)>Attack>MoveLeft>Attack>Retreat>Attack>DashLeft>LungeStrike(3)>DashBackward>LungeStrike(2)",0,34.000,7,15,12,5,4.373,1,1.942,False,14.570,12.235,0,180,3500004.000,738.200,-1.223,3500741.000,439.309,8595C84EEFCE8815,True,3,False,False,""
A2,A-v2-complex,3-difficulty-final,공격형,0.100,0.150,0.100,True,1.9,1,3F5F709DA48265EF,9,3,"LungeStrike(0)>DashRight>Lunge(5)>Attack>MoveLeft>Attack>MoveRight>Attack>Jump>LungeStrike(3)>DashBackward>LungeStrike(2)",0,34.000,7,15,12,5,4.263,1,2.408,False,15.750,12.053,0,180,3500004.000,738.200,-1.205,3500741.000,439.309,B53DFA90FBF6657F,True,2,False,False,""
A2,A-v2-complex,3-difficulty-final,공격형,0.100,0.150,0.100,True,1.9,1,3F5F709DA48265EF,10,1,"LungeStrike(0)>DashRight>Lunge(5)>Attack>MoveLeft>Attack>MoveRight>Attack>Jump>LungeStrike(3)>DashForward>LungeStrike(1)",0,34.000,7,15,12,5,4.492,1,2.371,False,16.097,12.060,0,180,3500004.000,738.200,-1.206,3500741.000,477.969,BD17176102D6F0C7,True,1,True,False,"Beam 1위와 관측축 추천 일치"
A2,A-v2-complex,3-difficulty-final,공격형,0.100,0.150,0.100,True,1.9,1,3F5F709DA48265EF,10,2,"LungeStrike(0)>DashRight>Lunge(5)>Attack>MoveLeft>Attack>Retreat>Attack>DashLeft>LungeStrike(3)>DashBackward>LungeStrike(2)",0,34.000,7,15,12,5,4.373,1,1.942,False,14.570,12.235,0,180,3500004.000,738.200,-1.223,3500741.000,477.969,8595C84EEFCE8815,True,3,False,False,""
A2,A-v2-complex,3-difficulty-final,공격형,0.100,0.150,0.100,True,1.9,1,3F5F709DA48265EF,10,3,"LungeStrike(0)>DashRight>Lunge(5)>Attack>MoveLeft>Attack>MoveRight>Attack>Jump>LungeStrike(3)>DashBackward>LungeStrike(2)",0,34.000,7,15,12,5,4.263,1,2.408,False,15.750,12.053,0,180,3500004.000,738.200,-1.205,3500741.000,477.969,B53DFA90FBF6657F,True,2,False,False,""
A3,A-v2-complex,3-difficulty-final,공격형,0.100,0.150,0.100,True,1.9,1,01880BEA0D35E61C,1,1,"Attack>DashForward>Attack>MoveLeft>Attack>MoveForward>Lunge(2)>Attack>MoveRight>Attack>Retreat>Attack",0,29.000,9,16,14,6,3.663,2,0.000,False,10.327,6.215,1,180,3499999.000,878.500,-0.621,3500877.000,645.822,A0CA6604C4776456,True,1,True,False,"Beam 1위와 관측축 추천 일치"
A3,A-v2-complex,3-difficulty-final,공격형,0.100,0.150,0.100,True,1.9,1,01880BEA0D35E61C,1,2,"Attack>DashForward>Attack>MoveLeft>Attack>MoveForward>Lunge(2)>Attack>MoveRight>Attack>DashBackward>Lunge(6)",0,29.000,9,16,14,6,3.481,2,0.000,False,9.961,7.922,1,180,3499999.000,878.500,-0.792,3500877.000,645.822,B3AA95B991B533C7,True,2,False,False,""
A3,A-v2-complex,3-difficulty-final,공격형,0.100,0.150,0.100,True,1.9,1,01880BEA0D35E61C,1,3,"Attack>DashForward>Attack>MoveLeft>Attack>MoveForward>Lunge(2)>Attack>MoveRight>Attack>DashRight>Lunge(6)",0,29.000,9,16,14,6,3.460,1,0.000,False,9.919,7.668,1,180,3499999.000,878.500,-0.767,3500877.000,645.822,233E281119EBE4C4,True,3,False,False,""
A3,A-v2-complex,3-difficulty-final,공격형,0.100,0.150,0.100,True,1.9,1,01880BEA0D35E61C,2,1,"Attack>DashForward>Attack>MoveLeft>Attack>MoveForward>Lunge(2)>Attack>MoveRight>Attack>Retreat>Attack",0,29.000,9,16,14,6,3.663,2,0.000,False,10.327,6.215,1,180,3499999.000,878.500,-0.621,3500877.000,526.209,A0CA6604C4776456,True,1,True,False,"Beam 1위와 관측축 추천 일치"
A3,A-v2-complex,3-difficulty-final,공격형,0.100,0.150,0.100,True,1.9,1,01880BEA0D35E61C,2,2,"Attack>DashForward>Attack>MoveLeft>Attack>MoveForward>Lunge(2)>Attack>MoveRight>Attack>DashBackward>Lunge(6)",0,29.000,9,16,14,6,3.481,2,0.000,False,9.961,7.922,1,180,3499999.000,878.500,-0.792,3500877.000,526.209,B3AA95B991B533C7,True,2,False,False,""
A3,A-v2-complex,3-difficulty-final,공격형,0.100,0.150,0.100,True,1.9,1,01880BEA0D35E61C,2,3,"Attack>DashForward>Attack>MoveLeft>Attack>MoveForward>Lunge(2)>Attack>MoveRight>Attack>DashRight>Lunge(6)",0,29.000,9,16,14,6,3.460,1,0.000,False,9.919,7.668,1,180,3499999.000,878.500,-0.767,3500877.000,526.209,233E281119EBE4C4,True,3,False,False,""
A3,A-v2-complex,3-difficulty-final,공격형,0.100,0.150,0.100,True,1.9,1,01880BEA0D35E61C,3,1,"Attack>DashForward>Attack>MoveLeft>Attack>MoveForward>Lunge(2)>Attack>MoveRight>Attack>Retreat>Attack",0,29.000,9,16,14,6,3.663,2,0.000,False,10.327,6.215,1,180,3499999.000,878.500,-0.621,3500877.000,508.129,A0CA6604C4776456,True,1,True,False,"Beam 1위와 관측축 추천 일치"
A3,A-v2-complex,3-difficulty-final,공격형,0.100,0.150,0.100,True,1.9,1,01880BEA0D35E61C,3,2,"Attack>DashForward>Attack>MoveLeft>Attack>MoveForward>Lunge(2)>Attack>MoveRight>Attack>DashBackward>Lunge(6)",0,29.000,9,16,14,6,3.481,2,0.000,False,9.961,7.922,1,180,3499999.000,878.500,-0.792,3500877.000,508.129,B3AA95B991B533C7,True,2,False,False,""
A3,A-v2-complex,3-difficulty-final,공격형,0.100,0.150,0.100,True,1.9,1,01880BEA0D35E61C,3,3,"Attack>DashForward>Attack>MoveLeft>Attack>MoveForward>Lunge(2)>Attack>MoveRight>Attack>DashRight>Lunge(6)",0,29.000,9,16,14,6,3.460,1,0.000,False,9.919,7.668,1,180,3499999.000,878.500,-0.767,3500877.000,508.129,233E281119EBE4C4,True,3,False,False,""
A3,A-v2-complex,3-difficulty-final,공격형,0.100,0.150,0.100,True,1.9,1,01880BEA0D35E61C,4,1,"Attack>DashForward>Attack>MoveLeft>Attack>MoveForward>Lunge(2)>Attack>MoveRight>Attack>Retreat>Attack",0,29.000,9,16,14,6,3.663,2,0.000,False,10.327,6.215,1,180,3499999.000,878.500,-0.621,3500877.000,492.080,A0CA6604C4776456,True,1,True,False,"Beam 1위와 관측축 추천 일치"
A3,A-v2-complex,3-difficulty-final,공격형,0.100,0.150,0.100,True,1.9,1,01880BEA0D35E61C,4,2,"Attack>DashForward>Attack>MoveLeft>Attack>MoveForward>Lunge(2)>Attack>MoveRight>Attack>DashBackward>Lunge(6)",0,29.000,9,16,14,6,3.481,2,0.000,False,9.961,7.922,1,180,3499999.000,878.500,-0.792,3500877.000,492.080,B3AA95B991B533C7,True,2,False,False,""
A3,A-v2-complex,3-difficulty-final,공격형,0.100,0.150,0.100,True,1.9,1,01880BEA0D35E61C,4,3,"Attack>DashForward>Attack>MoveLeft>Attack>MoveForward>Lunge(2)>Attack>MoveRight>Attack>DashRight>Lunge(6)",0,29.000,9,16,14,6,3.460,1,0.000,False,9.919,7.668,1,180,3499999.000,878.500,-0.767,3500877.000,492.080,233E281119EBE4C4,True,3,False,False,""
A3,A-v2-complex,3-difficulty-final,공격형,0.100,0.150,0.100,True,1.9,1,01880BEA0D35E61C,5,1,"Attack>DashForward>Attack>MoveLeft>Attack>MoveForward>Lunge(2)>Attack>MoveRight>Attack>Retreat>Attack",0,29.000,9,16,14,6,3.663,2,0.000,False,10.327,6.215,1,180,3499999.000,878.500,-0.621,3500877.000,515.843,A0CA6604C4776456,True,1,True,False,"Beam 1위와 관측축 추천 일치"
A3,A-v2-complex,3-difficulty-final,공격형,0.100,0.150,0.100,True,1.9,1,01880BEA0D35E61C,5,2,"Attack>DashForward>Attack>MoveLeft>Attack>MoveForward>Lunge(2)>Attack>MoveRight>Attack>DashBackward>Lunge(6)",0,29.000,9,16,14,6,3.481,2,0.000,False,9.961,7.922,1,180,3499999.000,878.500,-0.792,3500877.000,515.843,B3AA95B991B533C7,True,2,False,False,""
A3,A-v2-complex,3-difficulty-final,공격형,0.100,0.150,0.100,True,1.9,1,01880BEA0D35E61C,5,3,"Attack>DashForward>Attack>MoveLeft>Attack>MoveForward>Lunge(2)>Attack>MoveRight>Attack>DashRight>Lunge(6)",0,29.000,9,16,14,6,3.460,1,0.000,False,9.919,7.668,1,180,3499999.000,878.500,-0.767,3500877.000,515.843,233E281119EBE4C4,True,3,False,False,""
A3,A-v2-complex,3-difficulty-final,공격형,0.100,0.150,0.100,True,1.9,1,01880BEA0D35E61C,6,1,"Attack>DashForward>Attack>MoveLeft>Attack>MoveForward>Lunge(2)>Attack>MoveRight>Attack>Retreat>Attack",0,29.000,9,16,14,6,3.663,2,0.000,False,10.327,6.215,1,180,3499999.000,878.500,-0.621,3500877.000,501.920,A0CA6604C4776456,True,1,True,False,"Beam 1위와 관측축 추천 일치"
A3,A-v2-complex,3-difficulty-final,공격형,0.100,0.150,0.100,True,1.9,1,01880BEA0D35E61C,6,2,"Attack>DashForward>Attack>MoveLeft>Attack>MoveForward>Lunge(2)>Attack>MoveRight>Attack>DashBackward>Lunge(6)",0,29.000,9,16,14,6,3.481,2,0.000,False,9.961,7.922,1,180,3499999.000,878.500,-0.792,3500877.000,501.920,B3AA95B991B533C7,True,2,False,False,""
A3,A-v2-complex,3-difficulty-final,공격형,0.100,0.150,0.100,True,1.9,1,01880BEA0D35E61C,6,3,"Attack>DashForward>Attack>MoveLeft>Attack>MoveForward>Lunge(2)>Attack>MoveRight>Attack>DashRight>Lunge(6)",0,29.000,9,16,14,6,3.460,1,0.000,False,9.919,7.668,1,180,3499999.000,878.500,-0.767,3500877.000,501.920,233E281119EBE4C4,True,3,False,False,""
A3,A-v2-complex,3-difficulty-final,공격형,0.100,0.150,0.100,True,1.9,1,01880BEA0D35E61C,7,1,"Attack>DashForward>Attack>MoveLeft>Attack>MoveForward>Lunge(2)>Attack>MoveRight>Attack>Retreat>Attack",0,29.000,9,16,14,6,3.663,2,0.000,False,10.327,6.215,1,180,3499999.000,878.500,-0.621,3500877.000,487.038,A0CA6604C4776456,True,1,True,False,"Beam 1위와 관측축 추천 일치"
A3,A-v2-complex,3-difficulty-final,공격형,0.100,0.150,0.100,True,1.9,1,01880BEA0D35E61C,7,2,"Attack>DashForward>Attack>MoveLeft>Attack>MoveForward>Lunge(2)>Attack>MoveRight>Attack>DashBackward>Lunge(6)",0,29.000,9,16,14,6,3.481,2,0.000,False,9.961,7.922,1,180,3499999.000,878.500,-0.792,3500877.000,487.038,B3AA95B991B533C7,True,2,False,False,""
A3,A-v2-complex,3-difficulty-final,공격형,0.100,0.150,0.100,True,1.9,1,01880BEA0D35E61C,7,3,"Attack>DashForward>Attack>MoveLeft>Attack>MoveForward>Lunge(2)>Attack>MoveRight>Attack>DashRight>Lunge(6)",0,29.000,9,16,14,6,3.460,1,0.000,False,9.919,7.668,1,180,3499999.000,878.500,-0.767,3500877.000,487.038,233E281119EBE4C4,True,3,False,False,""
A3,A-v2-complex,3-difficulty-final,공격형,0.100,0.150,0.100,True,1.9,1,01880BEA0D35E61C,8,1,"Attack>DashForward>Attack>MoveLeft>Attack>MoveForward>Lunge(2)>Attack>MoveRight>Attack>Retreat>Attack",0,29.000,9,16,14,6,3.663,2,0.000,False,10.327,6.215,1,180,3499999.000,878.500,-0.621,3500877.000,496.686,A0CA6604C4776456,True,1,True,False,"Beam 1위와 관측축 추천 일치"
A3,A-v2-complex,3-difficulty-final,공격형,0.100,0.150,0.100,True,1.9,1,01880BEA0D35E61C,8,2,"Attack>DashForward>Attack>MoveLeft>Attack>MoveForward>Lunge(2)>Attack>MoveRight>Attack>DashBackward>Lunge(6)",0,29.000,9,16,14,6,3.481,2,0.000,False,9.961,7.922,1,180,3499999.000,878.500,-0.792,3500877.000,496.686,B3AA95B991B533C7,True,2,False,False,""
A3,A-v2-complex,3-difficulty-final,공격형,0.100,0.150,0.100,True,1.9,1,01880BEA0D35E61C,8,3,"Attack>DashForward>Attack>MoveLeft>Attack>MoveForward>Lunge(2)>Attack>MoveRight>Attack>DashRight>Lunge(6)",0,29.000,9,16,14,6,3.460,1,0.000,False,9.919,7.668,1,180,3499999.000,878.500,-0.767,3500877.000,496.686,233E281119EBE4C4,True,3,False,False,""
A3,A-v2-complex,3-difficulty-final,공격형,0.100,0.150,0.100,True,1.9,1,01880BEA0D35E61C,9,1,"Attack>DashForward>Attack>MoveLeft>Attack>MoveForward>Lunge(2)>Attack>MoveRight>Attack>Retreat>Attack",0,29.000,9,16,14,6,3.663,2,0.000,False,10.327,6.215,1,180,3499999.000,878.500,-0.621,3500877.000,506.275,A0CA6604C4776456,True,1,True,False,"Beam 1위와 관측축 추천 일치"
A3,A-v2-complex,3-difficulty-final,공격형,0.100,0.150,0.100,True,1.9,1,01880BEA0D35E61C,9,2,"Attack>DashForward>Attack>MoveLeft>Attack>MoveForward>Lunge(2)>Attack>MoveRight>Attack>DashBackward>Lunge(6)",0,29.000,9,16,14,6,3.481,2,0.000,False,9.961,7.922,1,180,3499999.000,878.500,-0.792,3500877.000,506.275,B3AA95B991B533C7,True,2,False,False,""
A3,A-v2-complex,3-difficulty-final,공격형,0.100,0.150,0.100,True,1.9,1,01880BEA0D35E61C,9,3,"Attack>DashForward>Attack>MoveLeft>Attack>MoveForward>Lunge(2)>Attack>MoveRight>Attack>DashRight>Lunge(6)",0,29.000,9,16,14,6,3.460,1,0.000,False,9.919,7.668,1,180,3499999.000,878.500,-0.767,3500877.000,506.275,233E281119EBE4C4,True,3,False,False,""
A3,A-v2-complex,3-difficulty-final,공격형,0.100,0.150,0.100,True,1.9,1,01880BEA0D35E61C,10,1,"Attack>DashForward>Attack>MoveLeft>Attack>MoveForward>Lunge(2)>Attack>MoveRight>Attack>Retreat>Attack",0,29.000,9,16,14,6,3.663,2,0.000,False,10.327,6.215,1,180,3499999.000,878.500,-0.621,3500877.000,513.831,A0CA6604C4776456,True,1,True,False,"Beam 1위와 관측축 추천 일치"
A3,A-v2-complex,3-difficulty-final,공격형,0.100,0.150,0.100,True,1.9,1,01880BEA0D35E61C,10,2,"Attack>DashForward>Attack>MoveLeft>Attack>MoveForward>Lunge(2)>Attack>MoveRight>Attack>DashBackward>Lunge(6)",0,29.000,9,16,14,6,3.481,2,0.000,False,9.961,7.922,1,180,3499999.000,878.500,-0.792,3500877.000,513.831,B3AA95B991B533C7,True,2,False,False,""
A3,A-v2-complex,3-difficulty-final,공격형,0.100,0.150,0.100,True,1.9,1,01880BEA0D35E61C,10,3,"Attack>DashForward>Attack>MoveLeft>Attack>MoveForward>Lunge(2)>Attack>MoveRight>Attack>DashRight>Lunge(6)",0,29.000,9,16,14,6,3.460,1,0.000,False,9.919,7.668,1,180,3499999.000,878.500,-0.767,3500877.000,513.831,233E281119EBE4C4,True,3,False,False,""
A4,A-v2-complex,3-difficulty-final,공격형,0.100,0.150,0.100,True,1.9,1,62F6E9F8D1F2129D,1,1,"Attack>DashForward>Attack>MoveLeft>Attack>DashForward>LungeStrike(17)>DashLeft>Lunge(9)>Attack>MoveLeft>Lunge(10)",1,29.000,9,17,18,9,3.440,3,0.000,True,10.880,10.087,3,180,3499969.000,896.100,-1.009,3500864.000,817.246,84AF7D16C319FC53,True,2,False,True,""
A4,A-v2-complex,3-difficulty-final,공격형,0.100,0.150,0.100,True,1.9,1,62F6E9F8D1F2129D,1,2,"Attack>DashForward>Attack>MoveLeft>Attack>DashForward>LungeStrike(17)>DashLeft>Lunge(9)>Attack>MoveLeft>Attack",1,29.000,9,17,18,9,3.476,3,0.000,False,2.952,9.355,3,180,3499967.000,896.100,-0.935,3500863.000,817.246,EE9534D8EAD61921,True,3,False,True,""
A4,A-v2-complex,3-difficulty-final,공격형,0.100,0.150,0.100,True,1.9,1,62F6E9F8D1F2129D,1,3,"Attack>DashForward>Attack>MoveLeft>Attack>DashForward>LungeStrike(17)>DashLeft>Lunge(9)>Attack>DashBackward>Lunge(10)",1,29.000,9,17,18,9,5.410,0,0.000,True,21.819,10.805,3,180,3499953.000,896.100,-1.080,3500848.000,817.246,FB646DB73DF7B674,True,1,True,True,"종료 위치 품질 우세"
A4,A-v2-complex,3-difficulty-final,공격형,0.100,0.150,0.100,True,1.9,1,62F6E9F8D1F2129D,2,1,"Attack>DashForward>Attack>MoveLeft>Attack>DashForward>LungeStrike(17)>DashLeft>Lunge(9)>Attack>MoveLeft>Lunge(10)",1,29.000,9,17,18,9,3.440,3,0.000,True,10.880,10.087,3,180,3499969.000,896.100,-1.009,3500864.000,803.805,84AF7D16C319FC53,True,2,False,True,""
A4,A-v2-complex,3-difficulty-final,공격형,0.100,0.150,0.100,True,1.9,1,62F6E9F8D1F2129D,2,2,"Attack>DashForward>Attack>MoveLeft>Attack>DashForward>LungeStrike(17)>DashLeft>Lunge(9)>Attack>MoveLeft>Attack",1,29.000,9,17,18,9,3.476,3,0.000,False,2.952,9.355,3,180,3499967.000,896.100,-0.935,3500863.000,803.805,EE9534D8EAD61921,True,3,False,True,""
A4,A-v2-complex,3-difficulty-final,공격형,0.100,0.150,0.100,True,1.9,1,62F6E9F8D1F2129D,2,3,"Attack>DashForward>Attack>MoveLeft>Attack>DashForward>LungeStrike(17)>DashLeft>Lunge(9)>Attack>DashBackward>Lunge(10)",1,29.000,9,17,18,9,5.410,0,0.000,True,21.819,10.805,3,180,3499953.000,896.100,-1.080,3500848.000,803.805,FB646DB73DF7B674,True,1,True,True,"종료 위치 품질 우세"
A4,A-v2-complex,3-difficulty-final,공격형,0.100,0.150,0.100,True,1.9,1,62F6E9F8D1F2129D,3,1,"Attack>DashForward>Attack>MoveLeft>Attack>DashForward>LungeStrike(17)>DashLeft>Lunge(9)>Attack>MoveLeft>Lunge(10)",1,29.000,9,17,18,9,3.440,3,0.000,True,10.880,10.087,3,180,3499969.000,896.100,-1.009,3500864.000,816.355,84AF7D16C319FC53,True,2,False,True,""
A4,A-v2-complex,3-difficulty-final,공격형,0.100,0.150,0.100,True,1.9,1,62F6E9F8D1F2129D,3,2,"Attack>DashForward>Attack>MoveLeft>Attack>DashForward>LungeStrike(17)>DashLeft>Lunge(9)>Attack>MoveLeft>Attack",1,29.000,9,17,18,9,3.476,3,0.000,False,2.952,9.355,3,180,3499967.000,896.100,-0.935,3500863.000,816.355,EE9534D8EAD61921,True,3,False,True,""
A4,A-v2-complex,3-difficulty-final,공격형,0.100,0.150,0.100,True,1.9,1,62F6E9F8D1F2129D,3,3,"Attack>DashForward>Attack>MoveLeft>Attack>DashForward>LungeStrike(17)>DashLeft>Lunge(9)>Attack>DashBackward>Lunge(10)",1,29.000,9,17,18,9,5.410,0,0.000,True,21.819,10.805,3,180,3499953.000,896.100,-1.080,3500848.000,816.355,FB646DB73DF7B674,True,1,True,True,"종료 위치 품질 우세"
A4,A-v2-complex,3-difficulty-final,공격형,0.100,0.150,0.100,True,1.9,1,62F6E9F8D1F2129D,4,1,"Attack>DashForward>Attack>MoveLeft>Attack>DashForward>LungeStrike(17)>DashLeft>Lunge(9)>Attack>MoveLeft>Lunge(10)",1,29.000,9,17,18,9,3.440,3,0.000,True,10.880,10.087,3,180,3499969.000,896.100,-1.009,3500864.000,802.794,84AF7D16C319FC53,True,2,False,True,""
A4,A-v2-complex,3-difficulty-final,공격형,0.100,0.150,0.100,True,1.9,1,62F6E9F8D1F2129D,4,2,"Attack>DashForward>Attack>MoveLeft>Attack>DashForward>LungeStrike(17)>DashLeft>Lunge(9)>Attack>MoveLeft>Attack",1,29.000,9,17,18,9,3.476,3,0.000,False,2.952,9.355,3,180,3499967.000,896.100,-0.935,3500863.000,802.794,EE9534D8EAD61921,True,3,False,True,""
A4,A-v2-complex,3-difficulty-final,공격형,0.100,0.150,0.100,True,1.9,1,62F6E9F8D1F2129D,4,3,"Attack>DashForward>Attack>MoveLeft>Attack>DashForward>LungeStrike(17)>DashLeft>Lunge(9)>Attack>DashBackward>Lunge(10)",1,29.000,9,17,18,9,5.410,0,0.000,True,21.819,10.805,3,180,3499953.000,896.100,-1.080,3500848.000,802.794,FB646DB73DF7B674,True,1,True,True,"종료 위치 품질 우세"
A4,A-v2-complex,3-difficulty-final,공격형,0.100,0.150,0.100,True,1.9,1,62F6E9F8D1F2129D,5,1,"Attack>DashForward>Attack>MoveLeft>Attack>DashForward>LungeStrike(17)>DashLeft>Lunge(9)>Attack>MoveLeft>Lunge(10)",1,29.000,9,17,18,9,3.440,3,0.000,True,10.880,10.087,3,180,3499969.000,896.100,-1.009,3500864.000,796.570,84AF7D16C319FC53,True,2,False,True,""
A4,A-v2-complex,3-difficulty-final,공격형,0.100,0.150,0.100,True,1.9,1,62F6E9F8D1F2129D,5,2,"Attack>DashForward>Attack>MoveLeft>Attack>DashForward>LungeStrike(17)>DashLeft>Lunge(9)>Attack>MoveLeft>Attack",1,29.000,9,17,18,9,3.476,3,0.000,False,2.952,9.355,3,180,3499967.000,896.100,-0.935,3500863.000,796.570,EE9534D8EAD61921,True,3,False,True,""
A4,A-v2-complex,3-difficulty-final,공격형,0.100,0.150,0.100,True,1.9,1,62F6E9F8D1F2129D,5,3,"Attack>DashForward>Attack>MoveLeft>Attack>DashForward>LungeStrike(17)>DashLeft>Lunge(9)>Attack>DashBackward>Lunge(10)",1,29.000,9,17,18,9,5.410,0,0.000,True,21.819,10.805,3,180,3499953.000,896.100,-1.080,3500848.000,796.570,FB646DB73DF7B674,True,1,True,True,"종료 위치 품질 우세"
A4,A-v2-complex,3-difficulty-final,공격형,0.100,0.150,0.100,True,1.9,1,62F6E9F8D1F2129D,6,1,"Attack>DashForward>Attack>MoveLeft>Attack>DashForward>LungeStrike(17)>DashLeft>Lunge(9)>Attack>MoveLeft>Lunge(10)",1,29.000,9,17,18,9,3.440,3,0.000,True,10.880,10.087,3,180,3499969.000,896.100,-1.009,3500864.000,825.282,84AF7D16C319FC53,True,2,False,True,""
A4,A-v2-complex,3-difficulty-final,공격형,0.100,0.150,0.100,True,1.9,1,62F6E9F8D1F2129D,6,2,"Attack>DashForward>Attack>MoveLeft>Attack>DashForward>LungeStrike(17)>DashLeft>Lunge(9)>Attack>MoveLeft>Attack",1,29.000,9,17,18,9,3.476,3,0.000,False,2.952,9.355,3,180,3499967.000,896.100,-0.935,3500863.000,825.282,EE9534D8EAD61921,True,3,False,True,""
A4,A-v2-complex,3-difficulty-final,공격형,0.100,0.150,0.100,True,1.9,1,62F6E9F8D1F2129D,6,3,"Attack>DashForward>Attack>MoveLeft>Attack>DashForward>LungeStrike(17)>DashLeft>Lunge(9)>Attack>DashBackward>Lunge(10)",1,29.000,9,17,18,9,5.410,0,0.000,True,21.819,10.805,3,180,3499953.000,896.100,-1.080,3500848.000,825.282,FB646DB73DF7B674,True,1,True,True,"종료 위치 품질 우세"
A4,A-v2-complex,3-difficulty-final,공격형,0.100,0.150,0.100,True,1.9,1,62F6E9F8D1F2129D,7,1,"Attack>DashForward>Attack>MoveLeft>Attack>DashForward>LungeStrike(17)>DashLeft>Lunge(9)>Attack>MoveLeft>Lunge(10)",1,29.000,9,17,18,9,3.440,3,0.000,True,10.880,10.087,3,180,3499969.000,896.100,-1.009,3500864.000,813.112,84AF7D16C319FC53,True,2,False,True,""
A4,A-v2-complex,3-difficulty-final,공격형,0.100,0.150,0.100,True,1.9,1,62F6E9F8D1F2129D,7,2,"Attack>DashForward>Attack>MoveLeft>Attack>DashForward>LungeStrike(17)>DashLeft>Lunge(9)>Attack>MoveLeft>Attack",1,29.000,9,17,18,9,3.476,3,0.000,False,2.952,9.355,3,180,3499967.000,896.100,-0.935,3500863.000,813.112,EE9534D8EAD61921,True,3,False,True,""
A4,A-v2-complex,3-difficulty-final,공격형,0.100,0.150,0.100,True,1.9,1,62F6E9F8D1F2129D,7,3,"Attack>DashForward>Attack>MoveLeft>Attack>DashForward>LungeStrike(17)>DashLeft>Lunge(9)>Attack>DashBackward>Lunge(10)",1,29.000,9,17,18,9,5.410,0,0.000,True,21.819,10.805,3,180,3499953.000,896.100,-1.080,3500848.000,813.112,FB646DB73DF7B674,True,1,True,True,"종료 위치 품질 우세"
A4,A-v2-complex,3-difficulty-final,공격형,0.100,0.150,0.100,True,1.9,1,62F6E9F8D1F2129D,8,1,"Attack>DashForward>Attack>MoveLeft>Attack>DashForward>LungeStrike(17)>DashLeft>Lunge(9)>Attack>MoveLeft>Lunge(10)",1,29.000,9,17,18,9,3.440,3,0.000,True,10.880,10.087,3,180,3499969.000,896.100,-1.009,3500864.000,846.161,84AF7D16C319FC53,True,2,False,True,""
A4,A-v2-complex,3-difficulty-final,공격형,0.100,0.150,0.100,True,1.9,1,62F6E9F8D1F2129D,8,2,"Attack>DashForward>Attack>MoveLeft>Attack>DashForward>LungeStrike(17)>DashLeft>Lunge(9)>Attack>MoveLeft>Attack",1,29.000,9,17,18,9,3.476,3,0.000,False,2.952,9.355,3,180,3499967.000,896.100,-0.935,3500863.000,846.161,EE9534D8EAD61921,True,3,False,True,""
A4,A-v2-complex,3-difficulty-final,공격형,0.100,0.150,0.100,True,1.9,1,62F6E9F8D1F2129D,8,3,"Attack>DashForward>Attack>MoveLeft>Attack>DashForward>LungeStrike(17)>DashLeft>Lunge(9)>Attack>DashBackward>Lunge(10)",1,29.000,9,17,18,9,5.410,0,0.000,True,21.819,10.805,3,180,3499953.000,896.100,-1.080,3500848.000,846.161,FB646DB73DF7B674,True,1,True,True,"종료 위치 품질 우세"
A4,A-v2-complex,3-difficulty-final,공격형,0.100,0.150,0.100,True,1.9,1,62F6E9F8D1F2129D,9,1,"Attack>DashForward>Attack>MoveLeft>Attack>DashForward>LungeStrike(17)>DashLeft>Lunge(9)>Attack>MoveLeft>Lunge(10)",1,29.000,9,17,18,9,3.440,3,0.000,True,10.880,10.087,3,180,3499969.000,896.100,-1.009,3500864.000,817.785,84AF7D16C319FC53,True,2,False,True,""
A4,A-v2-complex,3-difficulty-final,공격형,0.100,0.150,0.100,True,1.9,1,62F6E9F8D1F2129D,9,2,"Attack>DashForward>Attack>MoveLeft>Attack>DashForward>LungeStrike(17)>DashLeft>Lunge(9)>Attack>MoveLeft>Attack",1,29.000,9,17,18,9,3.476,3,0.000,False,2.952,9.355,3,180,3499967.000,896.100,-0.935,3500863.000,817.785,EE9534D8EAD61921,True,3,False,True,""
A4,A-v2-complex,3-difficulty-final,공격형,0.100,0.150,0.100,True,1.9,1,62F6E9F8D1F2129D,9,3,"Attack>DashForward>Attack>MoveLeft>Attack>DashForward>LungeStrike(17)>DashLeft>Lunge(9)>Attack>DashBackward>Lunge(10)",1,29.000,9,17,18,9,5.410,0,0.000,True,21.819,10.805,3,180,3499953.000,896.100,-1.080,3500848.000,817.785,FB646DB73DF7B674,True,1,True,True,"종료 위치 품질 우세"
A4,A-v2-complex,3-difficulty-final,공격형,0.100,0.150,0.100,True,1.9,1,62F6E9F8D1F2129D,10,1,"Attack>DashForward>Attack>MoveLeft>Attack>DashForward>LungeStrike(17)>DashLeft>Lunge(9)>Attack>MoveLeft>Lunge(10)",1,29.000,9,17,18,9,3.440,3,0.000,True,10.880,10.087,3,180,3499969.000,896.100,-1.009,3500864.000,825.593,84AF7D16C319FC53,True,2,False,True,""
A4,A-v2-complex,3-difficulty-final,공격형,0.100,0.150,0.100,True,1.9,1,62F6E9F8D1F2129D,10,2,"Attack>DashForward>Attack>MoveLeft>Attack>DashForward>LungeStrike(17)>DashLeft>Lunge(9)>Attack>MoveLeft>Attack",1,29.000,9,17,18,9,3.476,3,0.000,False,2.952,9.355,3,180,3499967.000,896.100,-0.935,3500863.000,825.593,EE9534D8EAD61921,True,3,False,True,""
A4,A-v2-complex,3-difficulty-final,공격형,0.100,0.150,0.100,True,1.9,1,62F6E9F8D1F2129D,10,3,"Attack>DashForward>Attack>MoveLeft>Attack>DashForward>LungeStrike(17)>DashLeft>Lunge(9)>Attack>DashBackward>Lunge(10)",1,29.000,9,17,18,9,5.410,0,0.000,True,21.819,10.805,3,180,3499953.000,896.100,-1.080,3500848.000,825.593,FB646DB73DF7B674,True,1,True,True,"종료 위치 품질 우세"
