scenarioId,fixtureVersion,weightStage,profile,salientTargetMul,terminalPositionMul,difficultyPenaltyMul,difficultyTerminalOnly,contractVersion,mapVersion,initialSnapshotHash,repetition,candidateRank,actionSequence,salientEnemyId,salientTargetProgress,killCount,damageDealt,initialEnemyCount,finalAliveEnemyCount,terminalNearestEnemyDistance,terminalNearbyEnemyCount,terminalHeightDelta,terminalActionable,terminalPositionQuality,executionDifficulty,expectedHits,durationTicks,safetyScore,killScore,difficultyScore,totalScore,elapsedMs,worldHashAfterReplay,replayValid,auditRank,auditRecommended,auditDiffersFromBeamWinner,auditReason
S1,S-v2-dense,0-baseline,안정형-무가중진단,0.000,0.000,0.000,False,1.9,1,AE579F8117AC15E3,1,1,"Lunge(11)>Attack>DashBackward>Lunge(5)>Attack>Retreat>Attack>DashBackward>Lunge(6)>Attack>DashForward>Attack",11,29.000,6,13,12,6,1.055,4,0.000,False,-2.391,9.385,0,180,62.109,192.000,0.000,254.109,454.879,D95A8824FE75F49B,True,3,False,True,""
S1,S-v2-dense,0-baseline,안정형-무가중진단,0.000,0.000,0.000,False,1.9,1,AE579F8117AC15E3,1,2,"Lunge(11)>Attack>DashBackward>Lunge(5)>Attack>Retreat>Attack>DashBackward>Lunge(6)>Attack>MoveRight>Attack",11,29.000,6,12,12,6,1.390,4,0.000,False,-0.220,8.635,0,180,62.780,188.000,0.000,250.780,454.879,7BA2EAD8D8320F11,True,2,False,True,""
S1,S-v2-dense,0-baseline,안정형-무가중진단,0.000,0.000,0.000,False,1.9,1,AE579F8117AC15E3,1,3,"Lunge(11)>Attack>DashBackward>Lunge(5)>Attack>Retreat>Attack>DashBackward>Lunge(6)>Attack>DashRight>Lunge(0)",11,29.000,6,11,12,6,3.046,2,0.000,True,26.592,10.097,0,180,66.092,184.000,0.000,250.092,454.879,7DCBA96F3BE842FA,True,1,True,True,"종료 안전도와 퇴로 우세"
S1,S-v2-dense,0-baseline,안정형-무가중진단,0.000,0.000,0.000,False,1.9,1,AE579F8117AC15E3,2,1,"Lunge(11)>Attack>DashBackward>Lunge(5)>Attack>Retreat>Attack>DashBackward>Lunge(6)>Attack>DashForward>Attack",11,29.000,6,13,12,6,1.055,4,0.000,False,-2.391,9.385,0,180,62.109,192.000,0.000,254.109,392.889,D95A8824FE75F49B,True,3,False,True,""
S1,S-v2-dense,0-baseline,안정형-무가중진단,0.000,0.000,0.000,False,1.9,1,AE579F8117AC15E3,2,2,"Lunge(11)>Attack>DashBackward>Lunge(5)>Attack>Retreat>Attack>DashBackward>Lunge(6)>Attack>MoveRight>Attack",11,29.000,6,12,12,6,1.390,4,0.000,False,-0.220,8.635,0,180,62.780,188.000,0.000,250.780,392.889,7BA2EAD8D8320F11,True,2,False,True,""
S1,S-v2-dense,0-baseline,안정형-무가중진단,0.000,0.000,0.000,False,1.9,1,AE579F8117AC15E3,2,3,"Lunge(11)>Attack>DashBackward>Lunge(5)>Attack>Retreat>Attack>DashBackward>Lunge(6)>Attack>DashRight>Lunge(0)",11,29.000,6,11,12,6,3.046,2,0.000,True,26.592,10.097,0,180,66.092,184.000,0.000,250.092,392.889,7DCBA96F3BE842FA,True,1,True,True,"종료 안전도와 퇴로 우세"
S1,S-v2-dense,0-baseline,안정형-무가중진단,0.000,0.000,0.000,False,1.9,1,AE579F8117AC15E3,3,1,"Lunge(11)>Attack>DashBackward>Lunge(5)>Attack>Retreat>Attack>DashBackward>Lunge(6)>Attack>DashForward>Attack",11,29.000,6,13,12,6,1.055,4,0.000,False,-2.391,9.385,0,180,62.109,192.000,0.000,254.109,342.567,D95A8824FE75F49B,True,3,False,True,""
S1,S-v2-dense,0-baseline,안정형-무가중진단,0.000,0.000,0.000,False,1.9,1,AE579F8117AC15E3,3,2,"Lunge(11)>Attack>DashBackward>Lunge(5)>Attack>Retreat>Attack>DashBackward>Lunge(6)>Attack>MoveRight>Attack",11,29.000,6,12,12,6,1.390,4,0.000,False,-0.220,8.635,0,180,62.780,188.000,0.000,250.780,342.567,7BA2EAD8D8320F11,True,2,False,True,""
S1,S-v2-dense,0-baseline,안정형-무가중진단,0.000,0.000,0.000,False,1.9,1,AE579F8117AC15E3,3,3,"Lunge(11)>Attack>DashBackward>Lunge(5)>Attack>Retreat>Attack>DashBackward>Lunge(6)>Attack>DashRight>Lunge(0)",11,29.000,6,11,12,6,3.046,2,0.000,True,26.592,10.097,0,180,66.092,184.000,0.000,250.092,342.567,7DCBA96F3BE842FA,True,1,True,True,"종료 안전도와 퇴로 우세"
S1,S-v2-dense,0-baseline,안정형-무가중진단,0.000,0.000,0.000,False,1.9,1,AE579F8117AC15E3,4,1,"Lunge(11)>Attack>DashBackward>Lunge(5)>Attack>Retreat>Attack>DashBackward>Lunge(6)>Attack>DashForward>Attack",11,29.000,6,13,12,6,1.055,4,0.000,False,-2.391,9.385,0,180,62.109,192.000,0.000,254.109,344.995,D95A8824FE75F49B,True,3,False,True,""
S1,S-v2-dense,0-baseline,안정형-무가중진단,0.000,0.000,0.000,False,1.9,1,AE579F8117AC15E3,4,2,"Lunge(11)>Attack>DashBackward>Lunge(5)>Attack>Retreat>Attack>DashBackward>Lunge(6)>Attack>MoveRight>Attack",11,29.000,6,12,12,6,1.390,4,0.000,False,-0.220,8.635,0,180,62.780,188.000,0.000,250.780,344.995,7BA2EAD8D8320F11,True,2,False,True,""
S1,S-v2-dense,0-baseline,안정형-무가중진단,0.000,0.000,0.000,False,1.9,1,AE579F8117AC15E3,4,3,"Lunge(11)>Attack>DashBackward>Lunge(5)>Attack>Retreat>Attack>DashBackward>Lunge(6)>Attack>DashRight>Lunge(0)",11,29.000,6,11,12,6,3.046,2,0.000,True,26.592,10.097,0,180,66.092,184.000,0.000,250.092,344.995,7DCBA96F3BE842FA,True,1,True,True,"종료 안전도와 퇴로 우세"
S1,S-v2-dense,0-baseline,안정형-무가중진단,0.000,0.000,0.000,False,1.9,1,AE579F8117AC15E3,5,1,"Lunge(11)>Attack>DashBackward>Lunge(5)>Attack>Retreat>Attack>DashBackward>Lunge(6)>Attack>DashForward>Attack",11,29.000,6,13,12,6,1.055,4,0.000,False,-2.391,9.385,0,180,62.109,192.000,0.000,254.109,339.838,D95A8824FE75F49B,True,3,False,True,""
S1,S-v2-dense,0-baseline,안정형-무가중진단,0.000,0.000,0.000,False,1.9,1,AE579F8117AC15E3,5,2,"Lunge(11)>Attack>DashBackward>Lunge(5)>Attack>Retreat>Attack>DashBackward>Lunge(6)>Attack>MoveRight>Attack",11,29.000,6,12,12,6,1.390,4,0.000,False,-0.220,8.635,0,180,62.780,188.000,0.000,250.780,339.838,7BA2EAD8D8320F11,True,2,False,True,""
S1,S-v2-dense,0-baseline,안정형-무가중진단,0.000,0.000,0.000,False,1.9,1,AE579F8117AC15E3,5,3,"Lunge(11)>Attack>DashBackward>Lunge(5)>Attack>Retreat>Attack>DashBackward>Lunge(6)>Attack>DashRight>Lunge(0)",11,29.000,6,11,12,6,3.046,2,0.000,True,26.592,10.097,0,180,66.092,184.000,0.000,250.092,339.838,7DCBA96F3BE842FA,True,1,True,True,"종료 안전도와 퇴로 우세"
S1,S-v2-dense,0-baseline,안정형-무가중진단,0.000,0.000,0.000,False,1.9,1,AE579F8117AC15E3,6,1,"Lunge(11)>Attack>DashBackward>Lunge(5)>Attack>Retreat>Attack>DashBackward>Lunge(6)>Attack>DashForward>Attack",11,29.000,6,13,12,6,1.055,4,0.000,False,-2.391,9.385,0,180,62.109,192.000,0.000,254.109,380.447,D95A8824FE75F49B,True,3,False,True,""
S1,S-v2-dense,0-baseline,안정형-무가중진단,0.000,0.000,0.000,False,1.9,1,AE579F8117AC15E3,6,2,"Lunge(11)>Attack>DashBackward>Lunge(5)>Attack>Retreat>Attack>DashBackward>Lunge(6)>Attack>MoveRight>Attack",11,29.000,6,12,12,6,1.390,4,0.000,False,-0.220,8.635,0,180,62.780,188.000,0.000,250.780,380.447,7BA2EAD8D8320F11,True,2,False,True,""
S1,S-v2-dense,0-baseline,안정형-무가중진단,0.000,0.000,0.000,False,1.9,1,AE579F8117AC15E3,6,3,"Lunge(11)>Attack>DashBackward>Lunge(5)>Attack>Retreat>Attack>DashBackward>Lunge(6)>Attack>DashRight>Lunge(0)",11,29.000,6,11,12,6,3.046,2,0.000,True,26.592,10.097,0,180,66.092,184.000,0.000,250.092,380.447,7DCBA96F3BE842FA,True,1,True,True,"종료 안전도와 퇴로 우세"
S1,S-v2-dense,0-baseline,안정형-무가중진단,0.000,0.000,0.000,False,1.9,1,AE579F8117AC15E3,7,1,"Lunge(11)>Attack>DashBackward>Lunge(5)>Attack>Retreat>Attack>DashBackward>Lunge(6)>Attack>DashForward>Attack",11,29.000,6,13,12,6,1.055,4,0.000,False,-2.391,9.385,0,180,62.109,192.000,0.000,254.109,348.251,D95A8824FE75F49B,True,3,False,True,""
S1,S-v2-dense,0-baseline,안정형-무가중진단,0.000,0.000,0.000,False,1.9,1,AE579F8117AC15E3,7,2,"Lunge(11)>Attack>DashBackward>Lunge(5)>Attack>Retreat>Attack>DashBackward>Lunge(6)>Attack>MoveRight>Attack",11,29.000,6,12,12,6,1.390,4,0.000,False,-0.220,8.635,0,180,62.780,188.000,0.000,250.780,348.251,7BA2EAD8D8320F11,True,2,False,True,""
S1,S-v2-dense,0-baseline,안정형-무가중진단,0.000,0.000,0.000,False,1.9,1,AE579F8117AC15E3,7,3,"Lunge(11)>Attack>DashBackward>Lunge(5)>Attack>Retreat>Attack>DashBackward>Lunge(6)>Attack>DashRight>Lunge(0)",11,29.000,6,11,12,6,3.046,2,0.000,True,26.592,10.097,0,180,66.092,184.000,0.000,250.092,348.251,7DCBA96F3BE842FA,True,1,True,True,"종료 안전도와 퇴로 우세"
S1,S-v2-dense,0-baseline,안정형-무가중진단,0.000,0.000,0.000,False,1.9,1,AE579F8117AC15E3,8,1,"Lunge(11)>Attack>DashBackward>Lunge(5)>Attack>Retreat>Attack>DashBackward>Lunge(6)>Attack>DashForward>Attack",11,29.000,6,13,12,6,1.055,4,0.000,False,-2.391,9.385,0,180,62.109,192.000,0.000,254.109,351.053,D95A8824FE75F49B,True,3,False,True,""
S1,S-v2-dense,0-baseline,안정형-무가중진단,0.000,0.000,0.000,False,1.9,1,AE579F8117AC15E3,8,2,"Lunge(11)>Attack>DashBackward>Lunge(5)>Attack>Retreat>Attack>DashBackward>Lunge(6)>Attack>MoveRight>Attack",11,29.000,6,12,12,6,1.390,4,0.000,False,-0.220,8.635,0,180,62.780,188.000,0.000,250.780,351.053,7BA2EAD8D8320F11,True,2,False,True,""
S1,S-v2-dense,0-baseline,안정형-무가중진단,0.000,0.000,0.000,False,1.9,1,AE579F8117AC15E3,8,3,"Lunge(11)>Attack>DashBackward>Lunge(5)>Attack>Retreat>Attack>DashBackward>Lunge(6)>Attack>DashRight>Lunge(0)",11,29.000,6,11,12,6,3.046,2,0.000,True,26.592,10.097,0,180,66.092,184.000,0.000,250.092,351.053,7DCBA96F3BE842FA,True,1,True,True,"종료 안전도와 퇴로 우세"
S1,S-v2-dense,0-baseline,안정형-무가중진단,0.000,0.000,0.000,False,1.9,1,AE579F8117AC15E3,9,1,"Lunge(11)>Attack>DashBackward>Lunge(5)>Attack>Retreat>Attack>DashBackward>Lunge(6)>Attack>DashForward>Attack",11,29.000,6,13,12,6,1.055,4,0.000,False,-2.391,9.385,0,180,62.109,192.000,0.000,254.109,360.959,D95A8824FE75F49B,True,3,False,True,""
S1,S-v2-dense,0-baseline,안정형-무가중진단,0.000,0.000,0.000,False,1.9,1,AE579F8117AC15E3,9,2,"Lunge(11)>Attack>DashBackward>Lunge(5)>Attack>Retreat>Attack>DashBackward>Lunge(6)>Attack>MoveRight>Attack",11,29.000,6,12,12,6,1.390,4,0.000,False,-0.220,8.635,0,180,62.780,188.000,0.000,250.780,360.959,7BA2EAD8D8320F11,True,2,False,True,""
S1,S-v2-dense,0-baseline,안정형-무가중진단,0.000,0.000,0.000,False,1.9,1,AE579F8117AC15E3,9,3,"Lunge(11)>Attack>DashBackward>Lunge(5)>Attack>Retreat>Attack>DashBackward>Lunge(6)>Attack>DashRight>Lunge(0)",11,29.000,6,11,12,6,3.046,2,0.000,True,26.592,10.097,0,180,66.092,184.000,0.000,250.092,360.959,7DCBA96F3BE842FA,True,1,True,True,"종료 안전도와 퇴로 우세"
S1,S-v2-dense,0-baseline,안정형-무가중진단,0.000,0.000,0.000,False,1.9,1,AE579F8117AC15E3,10,1,"Lunge(11)>Attack>DashBackward>Lunge(5)>Attack>Retreat>Attack>DashBackward>Lunge(6)>Attack>DashForward>Attack",11,29.000,6,13,12,6,1.055,4,0.000,False,-2.391,9.385,0,180,62.109,192.000,0.000,254.109,361.624,D95A8824FE75F49B,True,3,False,True,""
S1,S-v2-dense,0-baseline,안정형-무가중진단,0.000,0.000,0.000,False,1.9,1,AE579F8117AC15E3,10,2,"Lunge(11)>Attack>DashBackward>Lunge(5)>Attack>Retreat>Attack>DashBackward>Lunge(6)>Attack>MoveRight>Attack",11,29.000,6,12,12,6,1.390,4,0.000,False,-0.220,8.635,0,180,62.780,188.000,0.000,250.780,361.624,7BA2EAD8D8320F11,True,2,False,True,""
S1,S-v2-dense,0-baseline,안정형-무가중진단,0.000,0.000,0.000,False,1.9,1,AE579F8117AC15E3,10,3,"Lunge(11)>Attack>DashBackward>Lunge(5)>Attack>Retreat>Attack>DashBackward>Lunge(6)>Attack>DashRight>Lunge(0)",11,29.000,6,11,12,6,3.046,2,0.000,True,26.592,10.097,0,180,66.092,184.000,0.000,250.092,361.624,7DCBA96F3BE842FA,True,1,True,True,"종료 안전도와 퇴로 우세"
S2,S-v2-dense,0-baseline,안정형-무가중진단,0.000,0.000,0.000,False,1.9,1,A674B231EB5B1DA4,1,1,"Lunge(6)>Attack>DashForward>Lunge(0)>Attack>DashLeft>Lunge(7)>Attack>DashLeft>Lunge(8)>Retreat>Lunge(8)",6,34.000,4,12,14,10,6.134,0,0.000,True,37.268,11.174,0,180,69.000,158.000,0.000,227.000,480.708,418DC541D2A83C96,True,3,False,True,""
S2,S-v2-dense,0-baseline,안정형-무가중진단,0.000,0.000,0.000,False,1.9,1,A674B231EB5B1DA4,1,2,"Lunge(6)>Attack>DashForward>Lunge(0)>Attack>DashLeft>Lunge(7)>Attack>DashLeft>Lunge(8)>Jump>Lunge(8)",6,34.000,4,12,14,10,6.430,0,0.000,True,37.859,11.724,0,180,69.000,158.000,0.000,227.000,480.708,7FF1E96D7B895043,True,2,False,True,""
S2,S-v2-dense,0-baseline,안정형-무가중진단,0.000,0.000,0.000,False,1.9,1,A674B231EB5B1DA4,1,3,"Lunge(6)>Attack>DashForward>Lunge(0)>Attack>DashLeft>Lunge(7)>Attack>DashLeft>Lunge(8)>MoveRight>Lunge(8)",6,34.000,4,12,14,10,6.958,0,0.000,True,38.916,11.186,0,180,69.000,158.000,0.000,227.000,480.708,15ACABBED5D69F1F,True,1,True,True,"종료 안전도와 퇴로 우세"
S2,S-v2-dense,0-baseline,안정형-무가중진단,0.000,0.000,0.000,False,1.9,1,A674B231EB5B1DA4,2,1,"Lunge(6)>Attack>DashForward>Lunge(0)>Attack>DashLeft>Lunge(7)>Attack>DashLeft>Lunge(8)>Retreat>Lunge(8)",6,34.000,4,12,14,10,6.134,0,0.000,True,37.268,11.174,0,180,69.000,158.000,0.000,227.000,611.287,418DC541D2A83C96,True,3,False,True,""
S2,S-v2-dense,0-baseline,안정형-무가중진단,0.000,0.000,0.000,False,1.9,1,A674B231EB5B1DA4,2,2,"Lunge(6)>Attack>DashForward>Lunge(0)>Attack>DashLeft>Lunge(7)>Attack>DashLeft>Lunge(8)>Jump>Lunge(8)",6,34.000,4,12,14,10,6.430,0,0.000,True,37.859,11.724,0,180,69.000,158.000,0.000,227.000,611.287,7FF1E96D7B895043,True,2,False,True,""
S2,S-v2-dense,0-baseline,안정형-무가중진단,0.000,0.000,0.000,False,1.9,1,A674B231EB5B1DA4,2,3,"Lunge(6)>Attack>DashForward>Lunge(0)>Attack>DashLeft>Lunge(7)>Attack>DashLeft>Lunge(8)>MoveRight>Lunge(8)",6,34.000,4,12,14,10,6.958,0,0.000,True,38.916,11.186,0,180,69.000,158.000,0.000,227.000,611.287,15ACABBED5D69F1F,True,1,True,True,"종료 안전도와 퇴로 우세"
S2,S-v2-dense,0-baseline,안정형-무가중진단,0.000,0.000,0.000,False,1.9,1,A674B231EB5B1DA4,3,1,"Lunge(6)>Attack>DashForward>Lunge(0)>Attack>DashLeft>Lunge(7)>Attack>DashLeft>Lunge(8)>Retreat>Lunge(8)",6,34.000,4,12,14,10,6.134,0,0.000,True,37.268,11.174,0,180,69.000,158.000,0.000,227.000,614.429,418DC541D2A83C96,True,3,False,True,""
S2,S-v2-dense,0-baseline,안정형-무가중진단,0.000,0.000,0.000,False,1.9,1,A674B231EB5B1DA4,3,2,"Lunge(6)>Attack>DashForward>Lunge(0)>Attack>DashLeft>Lunge(7)>Attack>DashLeft>Lunge(8)>Jump>Lunge(8)",6,34.000,4,12,14,10,6.430,0,0.000,True,37.859,11.724,0,180,69.000,158.000,0.000,227.000,614.429,7FF1E96D7B895043,True,2,False,True,""
S2,S-v2-dense,0-baseline,안정형-무가중진단,0.000,0.000,0.000,False,1.9,1,A674B231EB5B1DA4,3,3,"Lunge(6)>Attack>DashForward>Lunge(0)>Attack>DashLeft>Lunge(7)>Attack>DashLeft>Lunge(8)>MoveRight>Lunge(8)",6,34.000,4,12,14,10,6.958,0,0.000,True,38.916,11.186,0,180,69.000,158.000,0.000,227.000,614.429,15ACABBED5D69F1F,True,1,True,True,"종료 안전도와 퇴로 우세"
S2,S-v2-dense,0-baseline,안정형-무가중진단,0.000,0.000,0.000,False,1.9,1,A674B231EB5B1DA4,4,1,"Lunge(6)>Attack>DashForward>Lunge(0)>Attack>DashLeft>Lunge(7)>Attack>DashLeft>Lunge(8)>Retreat>Lunge(8)",6,34.000,4,12,14,10,6.134,0,0.000,True,37.268,11.174,0,180,69.000,158.000,0.000,227.000,594.621,418DC541D2A83C96,True,3,False,True,""
S2,S-v2-dense,0-baseline,안정형-무가중진단,0.000,0.000,0.000,False,1.9,1,A674B231EB5B1DA4,4,2,"Lunge(6)>Attack>DashForward>Lunge(0)>Attack>DashLeft>Lunge(7)>Attack>DashLeft>Lunge(8)>Jump>Lunge(8)",6,34.000,4,12,14,10,6.430,0,0.000,True,37.859,11.724,0,180,69.000,158.000,0.000,227.000,594.621,7FF1E96D7B895043,True,2,False,True,""
S2,S-v2-dense,0-baseline,안정형-무가중진단,0.000,0.000,0.000,False,1.9,1,A674B231EB5B1DA4,4,3,"Lunge(6)>Attack>DashForward>Lunge(0)>Attack>DashLeft>Lunge(7)>Attack>DashLeft>Lunge(8)>MoveRight>Lunge(8)",6,34.000,4,12,14,10,6.958,0,0.000,True,38.916,11.186,0,180,69.000,158.000,0.000,227.000,594.621,15ACABBED5D69F1F,True,1,True,True,"종료 안전도와 퇴로 우세"
S2,S-v2-dense,0-baseline,안정형-무가중진단,0.000,0.000,0.000,False,1.9,1,A674B231EB5B1DA4,5,1,"Lunge(6)>Attack>DashForward>Lunge(0)>Attack>DashLeft>Lunge(7)>Attack>DashLeft>Lunge(8)>Retreat>Lunge(8)",6,34.000,4,12,14,10,6.134,0,0.000,True,37.268,11.174,0,180,69.000,158.000,0.000,227.000,598.284,418DC541D2A83C96,True,3,False,True,""
S2,S-v2-dense,0-baseline,안정형-무가중진단,0.000,0.000,0.000,False,1.9,1,A674B231EB5B1DA4,5,2,"Lunge(6)>Attack>DashForward>Lunge(0)>Attack>DashLeft>Lunge(7)>Attack>DashLeft>Lunge(8)>Jump>Lunge(8)",6,34.000,4,12,14,10,6.430,0,0.000,True,37.859,11.724,0,180,69.000,158.000,0.000,227.000,598.284,7FF1E96D7B895043,True,2,False,True,""
S2,S-v2-dense,0-baseline,안정형-무가중진단,0.000,0.000,0.000,False,1.9,1,A674B231EB5B1DA4,5,3,"Lunge(6)>Attack>DashForward>Lunge(0)>Attack>DashLeft>Lunge(7)>Attack>DashLeft>Lunge(8)>MoveRight>Lunge(8)",6,34.000,4,12,14,10,6.958,0,0.000,True,38.916,11.186,0,180,69.000,158.000,0.000,227.000,598.284,15ACABBED5D69F1F,True,1,True,True,"종료 안전도와 퇴로 우세"
S2,S-v2-dense,0-baseline,안정형-무가중진단,0.000,0.000,0.000,False,1.9,1,A674B231EB5B1DA4,6,1,"Lunge(6)>Attack>DashForward>Lunge(0)>Attack>DashLeft>Lunge(7)>Attack>DashLeft>Lunge(8)>Retreat>Lunge(8)",6,34.000,4,12,14,10,6.134,0,0.000,True,37.268,11.174,0,180,69.000,158.000,0.000,227.000,577.179,418DC541D2A83C96,True,3,False,True,""
S2,S-v2-dense,0-baseline,안정형-무가중진단,0.000,0.000,0.000,False,1.9,1,A674B231EB5B1DA4,6,2,"Lunge(6)>Attack>DashForward>Lunge(0)>Attack>DashLeft>Lunge(7)>Attack>DashLeft>Lunge(8)>Jump>Lunge(8)",6,34.000,4,12,14,10,6.430,0,0.000,True,37.859,11.724,0,180,69.000,158.000,0.000,227.000,577.179,7FF1E96D7B895043,True,2,False,True,""
S2,S-v2-dense,0-baseline,안정형-무가중진단,0.000,0.000,0.000,False,1.9,1,A674B231EB5B1DA4,6,3,"Lunge(6)>Attack>DashForward>Lunge(0)>Attack>DashLeft>Lunge(7)>Attack>DashLeft>Lunge(8)>MoveRight>Lunge(8)",6,34.000,4,12,14,10,6.958,0,0.000,True,38.916,11.186,0,180,69.000,158.000,0.000,227.000,577.179,15ACABBED5D69F1F,True,1,True,True,"종료 안전도와 퇴로 우세"
S2,S-v2-dense,0-baseline,안정형-무가중진단,0.000,0.000,0.000,False,1.9,1,A674B231EB5B1DA4,7,1,"Lunge(6)>Attack>DashForward>Lunge(0)>Attack>DashLeft>Lunge(7)>Attack>DashLeft>Lunge(8)>Retreat>Lunge(8)",6,34.000,4,12,14,10,6.134,0,0.000,True,37.268,11.174,0,180,69.000,158.000,0.000,227.000,575.823,418DC541D2A83C96,True,3,False,True,""
S2,S-v2-dense,0-baseline,안정형-무가중진단,0.000,0.000,0.000,False,1.9,1,A674B231EB5B1DA4,7,2,"Lunge(6)>Attack>DashForward>Lunge(0)>Attack>DashLeft>Lunge(7)>Attack>DashLeft>Lunge(8)>Jump>Lunge(8)",6,34.000,4,12,14,10,6.430,0,0.000,True,37.859,11.724,0,180,69.000,158.000,0.000,227.000,575.823,7FF1E96D7B895043,True,2,False,True,""
S2,S-v2-dense,0-baseline,안정형-무가중진단,0.000,0.000,0.000,False,1.9,1,A674B231EB5B1DA4,7,3,"Lunge(6)>Attack>DashForward>Lunge(0)>Attack>DashLeft>Lunge(7)>Attack>DashLeft>Lunge(8)>MoveRight>Lunge(8)",6,34.000,4,12,14,10,6.958,0,0.000,True,38.916,11.186,0,180,69.000,158.000,0.000,227.000,575.823,15ACABBED5D69F1F,True,1,True,True,"종료 안전도와 퇴로 우세"
S2,S-v2-dense,0-baseline,안정형-무가중진단,0.000,0.000,0.000,False,1.9,1,A674B231EB5B1DA4,8,1,"Lunge(6)>Attack>DashForward>Lunge(0)>Attack>DashLeft>Lunge(7)>Attack>DashLeft>Lunge(8)>Retreat>Lunge(8)",6,34.000,4,12,14,10,6.134,0,0.000,True,37.268,11.174,0,180,69.000,158.000,0.000,227.000,616.211,418DC541D2A83C96,True,3,False,True,""
S2,S-v2-dense,0-baseline,안정형-무가중진단,0.000,0.000,0.000,False,1.9,1,A674B231EB5B1DA4,8,2,"Lunge(6)>Attack>DashForward>Lunge(0)>Attack>DashLeft>Lunge(7)>Attack>DashLeft>Lunge(8)>Jump>Lunge(8)",6,34.000,4,12,14,10,6.430,0,0.000,True,37.859,11.724,0,180,69.000,158.000,0.000,227.000,616.211,7FF1E96D7B895043,True,2,False,True,""
S2,S-v2-dense,0-baseline,안정형-무가중진단,0.000,0.000,0.000,False,1.9,1,A674B231EB5B1DA4,8,3,"Lunge(6)>Attack>DashForward>Lunge(0)>Attack>DashLeft>Lunge(7)>Attack>DashLeft>Lunge(8)>MoveRight>Lunge(8)",6,34.000,4,12,14,10,6.958,0,0.000,True,38.916,11.186,0,180,69.000,158.000,0.000,227.000,616.211,15ACABBED5D69F1F,True,1,True,True,"종료 안전도와 퇴로 우세"
S2,S-v2-dense,0-baseline,안정형-무가중진단,0.000,0.000,0.000,False,1.9,1,A674B231EB5B1DA4,9,1,"Lunge(6)>Attack>DashForward>Lunge(0)>Attack>DashLeft>Lunge(7)>Attack>DashLeft>Lunge(8)>Retreat>Lunge(8)",6,34.000,4,12,14,10,6.134,0,0.000,True,37.268,11.174,0,180,69.000,158.000,0.000,227.000,604.554,418DC541D2A83C96,True,3,False,True,""
S2,S-v2-dense,0-baseline,안정형-무가중진단,0.000,0.000,0.000,False,1.9,1,A674B231EB5B1DA4,9,2,"Lunge(6)>Attack>DashForward>Lunge(0)>Attack>DashLeft>Lunge(7)>Attack>DashLeft>Lunge(8)>Jump>Lunge(8)",6,34.000,4,12,14,10,6.430,0,0.000,True,37.859,11.724,0,180,69.000,158.000,0.000,227.000,604.554,7FF1E96D7B895043,True,2,False,True,""
S2,S-v2-dense,0-baseline,안정형-무가중진단,0.000,0.000,0.000,False,1.9,1,A674B231EB5B1DA4,9,3,"Lunge(6)>Attack>DashForward>Lunge(0)>Attack>DashLeft>Lunge(7)>Attack>DashLeft>Lunge(8)>MoveRight>Lunge(8)",6,34.000,4,12,14,10,6.958,0,0.000,True,38.916,11.186,0,180,69.000,158.000,0.000,227.000,604.554,15ACABBED5D69F1F,True,1,True,True,"종료 안전도와 퇴로 우세"
S2,S-v2-dense,0-baseline,안정형-무가중진단,0.000,0.000,0.000,False,1.9,1,A674B231EB5B1DA4,10,1,"Lunge(6)>Attack>DashForward>Lunge(0)>Attack>DashLeft>Lunge(7)>Attack>DashLeft>Lunge(8)>Retreat>Lunge(8)",6,34.000,4,12,14,10,6.134,0,0.000,True,37.268,11.174,0,180,69.000,158.000,0.000,227.000,608.505,418DC541D2A83C96,True,3,False,True,""
S2,S-v2-dense,0-baseline,안정형-무가중진단,0.000,0.000,0.000,False,1.9,1,A674B231EB5B1DA4,10,2,"Lunge(6)>Attack>DashForward>Lunge(0)>Attack>DashLeft>Lunge(7)>Attack>DashLeft>Lunge(8)>Jump>Lunge(8)",6,34.000,4,12,14,10,6.430,0,0.000,True,37.859,11.724,0,180,69.000,158.000,0.000,227.000,608.505,7FF1E96D7B895043,True,2,False,True,""
S2,S-v2-dense,0-baseline,안정형-무가중진단,0.000,0.000,0.000,False,1.9,1,A674B231EB5B1DA4,10,3,"Lunge(6)>Attack>DashForward>Lunge(0)>Attack>DashLeft>Lunge(7)>Attack>DashLeft>Lunge(8)>MoveRight>Lunge(8)",6,34.000,4,12,14,10,6.958,0,0.000,True,38.916,11.186,0,180,69.000,158.000,0.000,227.000,608.505,15ACABBED5D69F1F,True,1,True,True,"종료 안전도와 퇴로 우세"
S3,S-v2-dense,0-baseline,안정형-무가중진단,0.000,0.000,0.000,False,1.9,1,833B65CAE74ACC51,1,1,"Lunge(1)>Attack>DashLeft>Lunge(0)>MoveForward>Lunge(0)>MoveForward>MoveLeft>MoveLeft>MoveLeft>MoveLeft>MoveLeft",0,34.000,2,4,3,1,7.786,0,0.000,True,40.573,7.364,0,180,72.000,96.000,0.000,168.000,158.647,BD268924DA08C465,True,2,False,True,""
S3,S-v2-dense,0-baseline,안정형-무가중진단,0.000,0.000,0.000,False,1.9,1,833B65CAE74ACC51,1,2,"Lunge(1)>Attack>DashLeft>Lunge(0)>MoveForward>Lunge(0)>MoveForward>MoveLeft>MoveLeft>MoveLeft>MoveLeft>MoveRight",0,34.000,2,4,3,1,7.786,0,0.000,True,40.573,7.364,0,180,72.000,96.000,0.000,168.000,158.647,DBD63AFA0246C2CB,True,3,False,True,""
S3,S-v2-dense,0-baseline,안정형-무가중진단,0.000,0.000,0.000,False,1.9,1,833B65CAE74ACC51,1,3,"Lunge(1)>Attack>DashLeft>Lunge(0)>MoveForward>Lunge(0)>MoveForward>MoveLeft>MoveLeft>MoveLeft>MoveLeft>Retreat",0,34.000,2,4,3,1,10.056,0,0.000,True,41.000,7.364,0,180,72.000,96.000,0.000,168.000,158.647,F0DA14CE8CD00494,True,1,True,True,"종료 안전도와 퇴로 우세"
S3,S-v2-dense,0-baseline,안정형-무가중진단,0.000,0.000,0.000,False,1.9,1,833B65CAE74ACC51,2,1,"Lunge(1)>Attack>DashLeft>Lunge(0)>MoveForward>Lunge(0)>MoveForward>MoveLeft>MoveLeft>MoveLeft>MoveLeft>MoveLeft",0,34.000,2,4,3,1,7.786,0,0.000,True,40.573,7.364,0,180,72.000,96.000,0.000,168.000,111.140,BD268924DA08C465,True,2,False,True,""
S3,S-v2-dense,0-baseline,안정형-무가중진단,0.000,0.000,0.000,False,1.9,1,833B65CAE74ACC51,2,2,"Lunge(1)>Attack>DashLeft>Lunge(0)>MoveForward>Lunge(0)>MoveForward>MoveLeft>MoveLeft>MoveLeft>MoveLeft>MoveRight",0,34.000,2,4,3,1,7.786,0,0.000,True,40.573,7.364,0,180,72.000,96.000,0.000,168.000,111.140,DBD63AFA0246C2CB,True,3,False,True,""
S3,S-v2-dense,0-baseline,안정형-무가중진단,0.000,0.000,0.000,False,1.9,1,833B65CAE74ACC51,2,3,"Lunge(1)>Attack>DashLeft>Lunge(0)>MoveForward>Lunge(0)>MoveForward>MoveLeft>MoveLeft>MoveLeft>MoveLeft>Retreat",0,34.000,2,4,3,1,10.056,0,0.000,True,41.000,7.364,0,180,72.000,96.000,0.000,168.000,111.140,F0DA14CE8CD00494,True,1,True,True,"종료 안전도와 퇴로 우세"
S3,S-v2-dense,0-baseline,안정형-무가중진단,0.000,0.000,0.000,False,1.9,1,833B65CAE74ACC51,3,1,"Lunge(1)>Attack>DashLeft>Lunge(0)>MoveForward>Lunge(0)>MoveForward>MoveLeft>MoveLeft>MoveLeft>MoveLeft>MoveLeft",0,34.000,2,4,3,1,7.786,0,0.000,True,40.573,7.364,0,180,72.000,96.000,0.000,168.000,77.140,BD268924DA08C465,True,2,False,True,""
S3,S-v2-dense,0-baseline,안정형-무가중진단,0.000,0.000,0.000,False,1.9,1,833B65CAE74ACC51,3,2,"Lunge(1)>Attack>DashLeft>Lunge(0)>MoveForward>Lunge(0)>MoveForward>MoveLeft>MoveLeft>MoveLeft>MoveLeft>MoveRight",0,34.000,2,4,3,1,7.786,0,0.000,True,40.573,7.364,0,180,72.000,96.000,0.000,168.000,77.140,DBD63AFA0246C2CB,True,3,False,True,""
S3,S-v2-dense,0-baseline,안정형-무가중진단,0.000,0.000,0.000,False,1.9,1,833B65CAE74ACC51,3,3,"Lunge(1)>Attack>DashLeft>Lunge(0)>MoveForward>Lunge(0)>MoveForward>MoveLeft>MoveLeft>MoveLeft>MoveLeft>Retreat",0,34.000,2,4,3,1,10.056,0,0.000,True,41.000,7.364,0,180,72.000,96.000,0.000,168.000,77.140,F0DA14CE8CD00494,True,1,True,True,"종료 안전도와 퇴로 우세"
S3,S-v2-dense,0-baseline,안정형-무가중진단,0.000,0.000,0.000,False,1.9,1,833B65CAE74ACC51,4,1,"Lunge(1)>Attack>DashLeft>Lunge(0)>MoveForward>Lunge(0)>MoveForward>MoveLeft>MoveLeft>MoveLeft>MoveLeft>MoveLeft",0,34.000,2,4,3,1,7.786,0,0.000,True,40.573,7.364,0,180,72.000,96.000,0.000,168.000,83.475,BD268924DA08C465,True,2,False,True,""
S3,S-v2-dense,0-baseline,안정형-무가중진단,0.000,0.000,0.000,False,1.9,1,833B65CAE74ACC51,4,2,"Lunge(1)>Attack>DashLeft>Lunge(0)>MoveForward>Lunge(0)>MoveForward>MoveLeft>MoveLeft>MoveLeft>MoveLeft>MoveRight",0,34.000,2,4,3,1,7.786,0,0.000,True,40.573,7.364,0,180,72.000,96.000,0.000,168.000,83.475,DBD63AFA0246C2CB,True,3,False,True,""
S3,S-v2-dense,0-baseline,안정형-무가중진단,0.000,0.000,0.000,False,1.9,1,833B65CAE74ACC51,4,3,"Lunge(1)>Attack>DashLeft>Lunge(0)>MoveForward>Lunge(0)>MoveForward>MoveLeft>MoveLeft>MoveLeft>MoveLeft>Retreat",0,34.000,2,4,3,1,10.056,0,0.000,True,41.000,7.364,0,180,72.000,96.000,0.000,168.000,83.475,F0DA14CE8CD00494,True,1,True,True,"종료 안전도와 퇴로 우세"
S3,S-v2-dense,0-baseline,안정형-무가중진단,0.000,0.000,0.000,False,1.9,1,833B65CAE74ACC51,5,1,"Lunge(1)>Attack>DashLeft>Lunge(0)>MoveForward>Lunge(0)>MoveForward>MoveLeft>MoveLeft>MoveLeft>MoveLeft>MoveLeft",0,34.000,2,4,3,1,7.786,0,0.000,True,40.573,7.364,0,180,72.000,96.000,0.000,168.000,91.413,BD268924DA08C465,True,2,False,True,""
S3,S-v2-dense,0-baseline,안정형-무가중진단,0.000,0.000,0.000,False,1.9,1,833B65CAE74ACC51,5,2,"Lunge(1)>Attack>DashLeft>Lunge(0)>MoveForward>Lunge(0)>MoveForward>MoveLeft>MoveLeft>MoveLeft>MoveLeft>MoveRight",0,34.000,2,4,3,1,7.786,0,0.000,True,40.573,7.364,0,180,72.000,96.000,0.000,168.000,91.413,DBD63AFA0246C2CB,True,3,False,True,""
S3,S-v2-dense,0-baseline,안정형-무가중진단,0.000,0.000,0.000,False,1.9,1,833B65CAE74ACC51,5,3,"Lunge(1)>Attack>DashLeft>Lunge(0)>MoveForward>Lunge(0)>MoveForward>MoveLeft>MoveLeft>MoveLeft>MoveLeft>Retreat",0,34.000,2,4,3,1,10.056,0,0.000,True,41.000,7.364,0,180,72.000,96.000,0.000,168.000,91.413,F0DA14CE8CD00494,True,1,True,True,"종료 안전도와 퇴로 우세"
S3,S-v2-dense,0-baseline,안정형-무가중진단,0.000,0.000,0.000,False,1.9,1,833B65CAE74ACC51,6,1,"Lunge(1)>Attack>DashLeft>Lunge(0)>MoveForward>Lunge(0)>MoveForward>MoveLeft>MoveLeft>MoveLeft>MoveLeft>MoveLeft",0,34.000,2,4,3,1,7.786,0,0.000,True,40.573,7.364,0,180,72.000,96.000,0.000,168.000,101.835,BD268924DA08C465,True,2,False,True,""
S3,S-v2-dense,0-baseline,안정형-무가중진단,0.000,0.000,0.000,False,1.9,1,833B65CAE74ACC51,6,2,"Lunge(1)>Attack>DashLeft>Lunge(0)>MoveForward>Lunge(0)>MoveForward>MoveLeft>MoveLeft>MoveLeft>MoveLeft>MoveRight",0,34.000,2,4,3,1,7.786,0,0.000,True,40.573,7.364,0,180,72.000,96.000,0.000,168.000,101.835,DBD63AFA0246C2CB,True,3,False,True,""
S3,S-v2-dense,0-baseline,안정형-무가중진단,0.000,0.000,0.000,False,1.9,1,833B65CAE74ACC51,6,3,"Lunge(1)>Attack>DashLeft>Lunge(0)>MoveForward>Lunge(0)>MoveForward>MoveLeft>MoveLeft>MoveLeft>MoveLeft>Retreat",0,34.000,2,4,3,1,10.056,0,0.000,True,41.000,7.364,0,180,72.000,96.000,0.000,168.000,101.835,F0DA14CE8CD00494,True,1,True,True,"종료 안전도와 퇴로 우세"
S3,S-v2-dense,0-baseline,안정형-무가중진단,0.000,0.000,0.000,False,1.9,1,833B65CAE74ACC51,7,1,"Lunge(1)>Attack>DashLeft>Lunge(0)>MoveForward>Lunge(0)>MoveForward>MoveLeft>MoveLeft>MoveLeft>MoveLeft>MoveLeft",0,34.000,2,4,3,1,7.786,0,0.000,True,40.573,7.364,0,180,72.000,96.000,0.000,168.000,91.945,BD268924DA08C465,True,2,False,True,""
S3,S-v2-dense,0-baseline,안정형-무가중진단,0.000,0.000,0.000,False,1.9,1,833B65CAE74ACC51,7,2,"Lunge(1)>Attack>DashLeft>Lunge(0)>MoveForward>Lunge(0)>MoveForward>MoveLeft>MoveLeft>MoveLeft>MoveLeft>MoveRight",0,34.000,2,4,3,1,7.786,0,0.000,True,40.573,7.364,0,180,72.000,96.000,0.000,168.000,91.945,DBD63AFA0246C2CB,True,3,False,True,""
S3,S-v2-dense,0-baseline,안정형-무가중진단,0.000,0.000,0.000,False,1.9,1,833B65CAE74ACC51,7,3,"Lunge(1)>Attack>DashLeft>Lunge(0)>MoveForward>Lunge(0)>MoveForward>MoveLeft>MoveLeft>MoveLeft>MoveLeft>Retreat",0,34.000,2,4,3,1,10.056,0,0.000,True,41.000,7.364,0,180,72.000,96.000,0.000,168.000,91.945,F0DA14CE8CD00494,True,1,True,True,"종료 안전도와 퇴로 우세"
S3,S-v2-dense,0-baseline,안정형-무가중진단,0.000,0.000,0.000,False,1.9,1,833B65CAE74ACC51,8,1,"Lunge(1)>Attack>DashLeft>Lunge(0)>MoveForward>Lunge(0)>MoveForward>MoveLeft>MoveLeft>MoveLeft>MoveLeft>MoveLeft",0,34.000,2,4,3,1,7.786,0,0.000,True,40.573,7.364,0,180,72.000,96.000,0.000,168.000,120.295,BD268924DA08C465,True,2,False,True,""
S3,S-v2-dense,0-baseline,안정형-무가중진단,0.000,0.000,0.000,False,1.9,1,833B65CAE74ACC51,8,2,"Lunge(1)>Attack>DashLeft>Lunge(0)>MoveForward>Lunge(0)>MoveForward>MoveLeft>MoveLeft>MoveLeft>MoveLeft>MoveRight",0,34.000,2,4,3,1,7.786,0,0.000,True,40.573,7.364,0,180,72.000,96.000,0.000,168.000,120.295,DBD63AFA0246C2CB,True,3,False,True,""
S3,S-v2-dense,0-baseline,안정형-무가중진단,0.000,0.000,0.000,False,1.9,1,833B65CAE74ACC51,8,3,"Lunge(1)>Attack>DashLeft>Lunge(0)>MoveForward>Lunge(0)>MoveForward>MoveLeft>MoveLeft>MoveLeft>MoveLeft>Retreat",0,34.000,2,4,3,1,10.056,0,0.000,True,41.000,7.364,0,180,72.000,96.000,0.000,168.000,120.295,F0DA14CE8CD00494,True,1,True,True,"종료 안전도와 퇴로 우세"
S3,S-v2-dense,0-baseline,안정형-무가중진단,0.000,0.000,0.000,False,1.9,1,833B65CAE74ACC51,9,1,"Lunge(1)>Attack>DashLeft>Lunge(0)>MoveForward>Lunge(0)>MoveForward>MoveLeft>MoveLeft>MoveLeft>MoveLeft>MoveLeft",0,34.000,2,4,3,1,7.786,0,0.000,True,40.573,7.364,0,180,72.000,96.000,0.000,168.000,86.706,BD268924DA08C465,True,2,False,True,""
S3,S-v2-dense,0-baseline,안정형-무가중진단,0.000,0.000,0.000,False,1.9,1,833B65CAE74ACC51,9,2,"Lunge(1)>Attack>DashLeft>Lunge(0)>MoveForward>Lunge(0)>MoveForward>MoveLeft>MoveLeft>MoveLeft>MoveLeft>MoveRight",0,34.000,2,4,3,1,7.786,0,0.000,True,40.573,7.364,0,180,72.000,96.000,0.000,168.000,86.706,DBD63AFA0246C2CB,True,3,False,True,""
S3,S-v2-dense,0-baseline,안정형-무가중진단,0.000,0.000,0.000,False,1.9,1,833B65CAE74ACC51,9,3,"Lunge(1)>Attack>DashLeft>Lunge(0)>MoveForward>Lunge(0)>MoveForward>MoveLeft>MoveLeft>MoveLeft>MoveLeft>Retreat",0,34.000,2,4,3,1,10.056,0,0.000,True,41.000,7.364,0,180,72.000,96.000,0.000,168.000,86.706,F0DA14CE8CD00494,True,1,True,True,"종료 안전도와 퇴로 우세"
S3,S-v2-dense,0-baseline,안정형-무가중진단,0.000,0.000,0.000,False,1.9,1,833B65CAE74ACC51,10,1,"Lunge(1)>Attack>DashLeft>Lunge(0)>MoveForward>Lunge(0)>MoveForward>MoveLeft>MoveLeft>MoveLeft>MoveLeft>MoveLeft",0,34.000,2,4,3,1,7.786,0,0.000,True,40.573,7.364,0,180,72.000,96.000,0.000,168.000,164.765,BD268924DA08C465,True,2,False,True,""
S3,S-v2-dense,0-baseline,안정형-무가중진단,0.000,0.000,0.000,False,1.9,1,833B65CAE74ACC51,10,2,"Lunge(1)>Attack>DashLeft>Lunge(0)>MoveForward>Lunge(0)>MoveForward>MoveLeft>MoveLeft>MoveLeft>MoveLeft>MoveRight",0,34.000,2,4,3,1,7.786,0,0.000,True,40.573,7.364,0,180,72.000,96.000,0.000,168.000,164.765,DBD63AFA0246C2CB,True,3,False,True,""
S3,S-v2-dense,0-baseline,안정형-무가중진단,0.000,0.000,0.000,False,1.9,1,833B65CAE74ACC51,10,3,"Lunge(1)>Attack>DashLeft>Lunge(0)>MoveForward>Lunge(0)>MoveForward>MoveLeft>MoveLeft>MoveLeft>MoveLeft>Retreat",0,34.000,2,4,3,1,10.056,0,0.000,True,41.000,7.364,0,180,72.000,96.000,0.000,168.000,164.765,F0DA14CE8CD00494,True,1,True,True,"종료 안전도와 퇴로 우세"
S4,S-v2-dense,0-baseline,안정형-무가중진단,0.000,0.000,0.000,False,1.9,1,9C3D2FC112BA32D1,1,1,"LungeStrike(0)>DashRight>Lunge(10)>Attack>Retreat>Attack>Retreat>Lunge(11)>Attack>Retreat>Attack>DashBackward",0,34.000,6,13,12,6,6.922,0,0.000,True,37.345,9.186,0,180,72.000,192.000,0.000,264.000,416.598,75D489C7ECDBCDF0,True,1,True,False,"Beam 1위와 안정형 관측 추천 일치"
S4,S-v2-dense,0-baseline,안정형-무가중진단,0.000,0.000,0.000,False,1.9,1,9C3D2FC112BA32D1,1,2,"LungeStrike(0)>DashRight>Lunge(10)>Attack>Retreat>Attack>Retreat>Lunge(11)>Attack>Retreat>Attack>DashRight",0,34.000,6,13,12,6,6.033,0,0.000,True,35.565,9.186,0,180,72.000,192.000,0.000,264.000,416.598,A6A0785E466BA79E,True,2,False,False,""
S4,S-v2-dense,0-baseline,안정형-무가중진단,0.000,0.000,0.000,False,1.9,1,9C3D2FC112BA32D1,1,3,"LungeStrike(0)>DashRight>Lunge(10)>Attack>Retreat>Attack>Retreat>Lunge(11)>Attack>Retreat>Attack>Retreat",0,34.000,6,13,12,6,3.512,2,0.000,True,30.524,8.436,0,180,67.024,192.000,0.000,259.024,416.598,7508E6B17A3F29FD,True,3,False,False,""
S4,S-v2-dense,0-baseline,안정형-무가중진단,0.000,0.000,0.000,False,1.9,1,9C3D2FC112BA32D1,2,1,"LungeStrike(0)>DashRight>Lunge(10)>Attack>Retreat>Attack>Retreat>Lunge(11)>Attack>Retreat>Attack>DashBackward",0,34.000,6,13,12,6,6.922,0,0.000,True,37.345,9.186,0,180,72.000,192.000,0.000,264.000,324.238,75D489C7ECDBCDF0,True,1,True,False,"Beam 1위와 안정형 관측 추천 일치"
S4,S-v2-dense,0-baseline,안정형-무가중진단,0.000,0.000,0.000,False,1.9,1,9C3D2FC112BA32D1,2,2,"LungeStrike(0)>DashRight>Lunge(10)>Attack>Retreat>Attack>Retreat>Lunge(11)>Attack>Retreat>Attack>DashRight",0,34.000,6,13,12,6,6.033,0,0.000,True,35.565,9.186,0,180,72.000,192.000,0.000,264.000,324.238,A6A0785E466BA79E,True,2,False,False,""
S4,S-v2-dense,0-baseline,안정형-무가중진단,0.000,0.000,0.000,False,1.9,1,9C3D2FC112BA32D1,2,3,"LungeStrike(0)>DashRight>Lunge(10)>Attack>Retreat>Attack>Retreat>Lunge(11)>Attack>Retreat>Attack>Retreat",0,34.000,6,13,12,6,3.512,2,0.000,True,30.524,8.436,0,180,67.024,192.000,0.000,259.024,324.238,7508E6B17A3F29FD,True,3,False,False,""
S4,S-v2-dense,0-baseline,안정형-무가중진단,0.000,0.000,0.000,False,1.9,1,9C3D2FC112BA32D1,3,1,"LungeStrike(0)>DashRight>Lunge(10)>Attack>Retreat>Attack>Retreat>Lunge(11)>Attack>Retreat>Attack>DashBackward",0,34.000,6,13,12,6,6.922,0,0.000,True,37.345,9.186,0,180,72.000,192.000,0.000,264.000,353.547,75D489C7ECDBCDF0,True,1,True,False,"Beam 1위와 안정형 관측 추천 일치"
S4,S-v2-dense,0-baseline,안정형-무가중진단,0.000,0.000,0.000,False,1.9,1,9C3D2FC112BA32D1,3,2,"LungeStrike(0)>DashRight>Lunge(10)>Attack>Retreat>Attack>Retreat>Lunge(11)>Attack>Retreat>Attack>DashRight",0,34.000,6,13,12,6,6.033,0,0.000,True,35.565,9.186,0,180,72.000,192.000,0.000,264.000,353.547,A6A0785E466BA79E,True,2,False,False,""
S4,S-v2-dense,0-baseline,안정형-무가중진단,0.000,0.000,0.000,False,1.9,1,9C3D2FC112BA32D1,3,3,"LungeStrike(0)>DashRight>Lunge(10)>Attack>Retreat>Attack>Retreat>Lunge(11)>Attack>Retreat>Attack>Retreat",0,34.000,6,13,12,6,3.512,2,0.000,True,30.524,8.436,0,180,67.024,192.000,0.000,259.024,353.547,7508E6B17A3F29FD,True,3,False,False,""
S4,S-v2-dense,0-baseline,안정형-무가중진단,0.000,0.000,0.000,False,1.9,1,9C3D2FC112BA32D1,4,1,"LungeStrike(0)>DashRight>Lunge(10)>Attack>Retreat>Attack>Retreat>Lunge(11)>Attack>Retreat>Attack>DashBackward",0,34.000,6,13,12,6,6.922,0,0.000,True,37.345,9.186,0,180,72.000,192.000,0.000,264.000,353.755,75D489C7ECDBCDF0,True,1,True,False,"Beam 1위와 안정형 관측 추천 일치"
S4,S-v2-dense,0-baseline,안정형-무가중진단,0.000,0.000,0.000,False,1.9,1,9C3D2FC112BA32D1,4,2,"LungeStrike(0)>DashRight>Lunge(10)>Attack>Retreat>Attack>Retreat>Lunge(11)>Attack>Retreat>Attack>DashRight",0,34.000,6,13,12,6,6.033,0,0.000,True,35.565,9.186,0,180,72.000,192.000,0.000,264.000,353.755,A6A0785E466BA79E,True,2,False,False,""
S4,S-v2-dense,0-baseline,안정형-무가중진단,0.000,0.000,0.000,False,1.9,1,9C3D2FC112BA32D1,4,3,"LungeStrike(0)>DashRight>Lunge(10)>Attack>Retreat>Attack>Retreat>Lunge(11)>Attack>Retreat>Attack>Retreat",0,34.000,6,13,12,6,3.512,2,0.000,True,30.524,8.436,0,180,67.024,192.000,0.000,259.024,353.755,7508E6B17A3F29FD,True,3,False,False,""
S4,S-v2-dense,0-baseline,안정형-무가중진단,0.000,0.000,0.000,False,1.9,1,9C3D2FC112BA32D1,5,1,"LungeStrike(0)>DashRight>Lunge(10)>Attack>Retreat>Attack>Retreat>Lunge(11)>Attack>Retreat>Attack>DashBackward",0,34.000,6,13,12,6,6.922,0,0.000,True,37.345,9.186,0,180,72.000,192.000,0.000,264.000,321.824,75D489C7ECDBCDF0,True,1,True,False,"Beam 1위와 안정형 관측 추천 일치"
S4,S-v2-dense,0-baseline,안정형-무가중진단,0.000,0.000,0.000,False,1.9,1,9C3D2FC112BA32D1,5,2,"LungeStrike(0)>DashRight>Lunge(10)>Attack>Retreat>Attack>Retreat>Lunge(11)>Attack>Retreat>Attack>DashRight",0,34.000,6,13,12,6,6.033,0,0.000,True,35.565,9.186,0,180,72.000,192.000,0.000,264.000,321.824,A6A0785E466BA79E,True,2,False,False,""
S4,S-v2-dense,0-baseline,안정형-무가중진단,0.000,0.000,0.000,False,1.9,1,9C3D2FC112BA32D1,5,3,"LungeStrike(0)>DashRight>Lunge(10)>Attack>Retreat>Attack>Retreat>Lunge(11)>Attack>Retreat>Attack>Retreat",0,34.000,6,13,12,6,3.512,2,0.000,True,30.524,8.436,0,180,67.024,192.000,0.000,259.024,321.824,7508E6B17A3F29FD,True,3,False,False,""
S4,S-v2-dense,0-baseline,안정형-무가중진단,0.000,0.000,0.000,False,1.9,1,9C3D2FC112BA32D1,6,1,"LungeStrike(0)>DashRight>Lunge(10)>Attack>Retreat>Attack>Retreat>Lunge(11)>Attack>Retreat>Attack>DashBackward",0,34.000,6,13,12,6,6.922,0,0.000,True,37.345,9.186,0,180,72.000,192.000,0.000,264.000,335.074,75D489C7ECDBCDF0,True,1,True,False,"Beam 1위와 안정형 관측 추천 일치"
S4,S-v2-dense,0-baseline,안정형-무가중진단,0.000,0.000,0.000,False,1.9,1,9C3D2FC112BA32D1,6,2,"LungeStrike(0)>DashRight>Lunge(10)>Attack>Retreat>Attack>Retreat>Lunge(11)>Attack>Retreat>Attack>DashRight",0,34.000,6,13,12,6,6.033,0,0.000,True,35.565,9.186,0,180,72.000,192.000,0.000,264.000,335.074,A6A0785E466BA79E,True,2,False,False,""
S4,S-v2-dense,0-baseline,안정형-무가중진단,0.000,0.000,0.000,False,1.9,1,9C3D2FC112BA32D1,6,3,"LungeStrike(0)>DashRight>Lunge(10)>Attack>Retreat>Attack>Retreat>Lunge(11)>Attack>Retreat>Attack>Retreat",0,34.000,6,13,12,6,3.512,2,0.000,True,30.524,8.436,0,180,67.024,192.000,0.000,259.024,335.074,7508E6B17A3F29FD,True,3,False,False,""
S4,S-v2-dense,0-baseline,안정형-무가중진단,0.000,0.000,0.000,False,1.9,1,9C3D2FC112BA32D1,7,1,"LungeStrike(0)>DashRight>Lunge(10)>Attack>Retreat>Attack>Retreat>Lunge(11)>Attack>Retreat>Attack>DashBackward",0,34.000,6,13,12,6,6.922,0,0.000,True,37.345,9.186,0,180,72.000,192.000,0.000,264.000,323.667,75D489C7ECDBCDF0,True,1,True,False,"Beam 1위와 안정형 관측 추천 일치"
S4,S-v2-dense,0-baseline,안정형-무가중진단,0.000,0.000,0.000,False,1.9,1,9C3D2FC112BA32D1,7,2,"LungeStrike(0)>DashRight>Lunge(10)>Attack>Retreat>Attack>Retreat>Lunge(11)>Attack>Retreat>Attack>DashRight",0,34.000,6,13,12,6,6.033,0,0.000,True,35.565,9.186,0,180,72.000,192.000,0.000,264.000,323.667,A6A0785E466BA79E,True,2,False,False,""
S4,S-v2-dense,0-baseline,안정형-무가중진단,0.000,0.000,0.000,False,1.9,1,9C3D2FC112BA32D1,7,3,"LungeStrike(0)>DashRight>Lunge(10)>Attack>Retreat>Attack>Retreat>Lunge(11)>Attack>Retreat>Attack>Retreat",0,34.000,6,13,12,6,3.512,2,0.000,True,30.524,8.436,0,180,67.024,192.000,0.000,259.024,323.667,7508E6B17A3F29FD,True,3,False,False,""
S4,S-v2-dense,0-baseline,안정형-무가중진단,0.000,0.000,0.000,False,1.9,1,9C3D2FC112BA32D1,8,1,"LungeStrike(0)>DashRight>Lunge(10)>Attack>Retreat>Attack>Retreat>Lunge(11)>Attack>Retreat>Attack>DashBackward",0,34.000,6,13,12,6,6.922,0,0.000,True,37.345,9.186,0,180,72.000,192.000,0.000,264.000,332.615,75D489C7ECDBCDF0,True,1,True,False,"Beam 1위와 안정형 관측 추천 일치"
S4,S-v2-dense,0-baseline,안정형-무가중진단,0.000,0.000,0.000,False,1.9,1,9C3D2FC112BA32D1,8,2,"LungeStrike(0)>DashRight>Lunge(10)>Attack>Retreat>Attack>Retreat>Lunge(11)>Attack>Retreat>Attack>DashRight",0,34.000,6,13,12,6,6.033,0,0.000,True,35.565,9.186,0,180,72.000,192.000,0.000,264.000,332.615,A6A0785E466BA79E,True,2,False,False,""
S4,S-v2-dense,0-baseline,안정형-무가중진단,0.000,0.000,0.000,False,1.9,1,9C3D2FC112BA32D1,8,3,"LungeStrike(0)>DashRight>Lunge(10)>Attack>Retreat>Attack>Retreat>Lunge(11)>Attack>Retreat>Attack>Retreat",0,34.000,6,13,12,6,3.512,2,0.000,True,30.524,8.436,0,180,67.024,192.000,0.000,259.024,332.615,7508E6B17A3F29FD,True,3,False,False,""
S4,S-v2-dense,0-baseline,안정형-무가중진단,0.000,0.000,0.000,False,1.9,1,9C3D2FC112BA32D1,9,1,"LungeStrike(0)>DashRight>Lunge(10)>Attack>Retreat>Attack>Retreat>Lunge(11)>Attack>Retreat>Attack>DashBackward",0,34.000,6,13,12,6,6.922,0,0.000,True,37.345,9.186,0,180,72.000,192.000,0.000,264.000,356.460,75D489C7ECDBCDF0,True,1,True,False,"Beam 1위와 안정형 관측 추천 일치"
S4,S-v2-dense,0-baseline,안정형-무가중진단,0.000,0.000,0.000,False,1.9,1,9C3D2FC112BA32D1,9,2,"LungeStrike(0)>DashRight>Lunge(10)>Attack>Retreat>Attack>Retreat>Lunge(11)>Attack>Retreat>Attack>DashRight",0,34.000,6,13,12,6,6.033,0,0.000,True,35.565,9.186,0,180,72.000,192.000,0.000,264.000,356.460,A6A0785E466BA79E,True,2,False,False,""
S4,S-v2-dense,0-baseline,안정형-무가중진단,0.000,0.000,0.000,False,1.9,1,9C3D2FC112BA32D1,9,3,"LungeStrike(0)>DashRight>Lunge(10)>Attack>Retreat>Attack>Retreat>Lunge(11)>Attack>Retreat>Attack>Retreat",0,34.000,6,13,12,6,3.512,2,0.000,True,30.524,8.436,0,180,67.024,192.000,0.000,259.024,356.460,7508E6B17A3F29FD,True,3,False,False,""
S4,S-v2-dense,0-baseline,안정형-무가중진단,0.000,0.000,0.000,False,1.9,1,9C3D2FC112BA32D1,10,1,"LungeStrike(0)>DashRight>Lunge(10)>Attack>Retreat>Attack>Retreat>Lunge(11)>Attack>Retreat>Attack>DashBackward",0,34.000,6,13,12,6,6.922,0,0.000,True,37.345,9.186,0,180,72.000,192.000,0.000,264.000,335.410,75D489C7ECDBCDF0,True,1,True,False,"Beam 1위와 안정형 관측 추천 일치"
S4,S-v2-dense,0-baseline,안정형-무가중진단,0.000,0.000,0.000,False,1.9,1,9C3D2FC112BA32D1,10,2,"LungeStrike(0)>DashRight>Lunge(10)>Attack>Retreat>Attack>Retreat>Lunge(11)>Attack>Retreat>Attack>DashRight",0,34.000,6,13,12,6,6.033,0,0.000,True,35.565,9.186,0,180,72.000,192.000,0.000,264.000,335.410,A6A0785E466BA79E,True,2,False,False,""
S4,S-v2-dense,0-baseline,안정형-무가중진단,0.000,0.000,0.000,False,1.9,1,9C3D2FC112BA32D1,10,3,"LungeStrike(0)>DashRight>Lunge(10)>Attack>Retreat>Attack>Retreat>Lunge(11)>Attack>Retreat>Attack>Retreat",0,34.000,6,13,12,6,3.512,2,0.000,True,30.524,8.436,0,180,67.024,192.000,0.000,259.024,335.410,7508E6B17A3F29FD,True,3,False,False,""
S1,S-v2-dense,1-terminal,안정형-1종료안전,0.000,2.200,0.000,False,1.9,1,AE579F8117AC15E3,1,1,"Lunge(11)>Attack>DashBackward>Lunge(5)>Attack>Retreat>Attack>DashBackward>Lunge(6)>Attack>Jump>DashBackward",11,29.000,5,10,12,7,7.171,0,2.396,True,43.530,9.685,0,180,167.766,165.000,0.000,332.766,352.675,745478D4AA933ED1,True,1,True,False,"Beam 1위와 안정형 관측 추천 일치"
S1,S-v2-dense,1-terminal,안정형-1종료안전,0.000,2.200,0.000,False,1.9,1,AE579F8117AC15E3,1,2,"Lunge(11)>Attack>DashBackward>Lunge(5)>Attack>Retreat>Attack>DashBackward>Lunge(6)>Attack>DashBackward>MoveForward",11,29.000,5,10,12,7,8.144,0,0.000,True,41.000,9.135,0,180,162.200,165.000,0.000,327.200,352.675,5FABDCDB5B110241,True,2,False,False,""
S1,S-v2-dense,1-terminal,안정형-1종료안전,0.000,2.200,0.000,False,1.9,1,AE579F8117AC15E3,1,3,"Lunge(11)>Attack>DashBackward>Lunge(5)>Attack>Retreat>Attack>DashBackward>Lunge(6)>Attack>DashBackward>MoveLeft",11,29.000,5,10,12,7,9.067,0,0.000,True,41.000,9.135,0,180,162.200,165.000,0.000,327.200,352.675,92AC5B1081512589,True,3,False,False,""
S1,S-v2-dense,1-terminal,안정형-1종료안전,0.000,2.200,0.000,False,1.9,1,AE579F8117AC15E3,2,1,"Lunge(11)>Attack>DashBackward>Lunge(5)>Attack>Retreat>Attack>DashBackward>Lunge(6)>Attack>Jump>DashBackward",11,29.000,5,10,12,7,7.171,0,2.396,True,43.530,9.685,0,180,167.766,165.000,0.000,332.766,340.739,745478D4AA933ED1,True,1,True,False,"Beam 1위와 안정형 관측 추천 일치"
S1,S-v2-dense,1-terminal,안정형-1종료안전,0.000,2.200,0.000,False,1.9,1,AE579F8117AC15E3,2,2,"Lunge(11)>Attack>DashBackward>Lunge(5)>Attack>Retreat>Attack>DashBackward>Lunge(6)>Attack>DashBackward>MoveForward",11,29.000,5,10,12,7,8.144,0,0.000,True,41.000,9.135,0,180,162.200,165.000,0.000,327.200,340.739,5FABDCDB5B110241,True,2,False,False,""
S1,S-v2-dense,1-terminal,안정형-1종료안전,0.000,2.200,0.000,False,1.9,1,AE579F8117AC15E3,2,3,"Lunge(11)>Attack>DashBackward>Lunge(5)>Attack>Retreat>Attack>DashBackward>Lunge(6)>Attack>DashBackward>MoveLeft",11,29.000,5,10,12,7,9.067,0,0.000,True,41.000,9.135,0,180,162.200,165.000,0.000,327.200,340.739,92AC5B1081512589,True,3,False,False,""
S1,S-v2-dense,1-terminal,안정형-1종료안전,0.000,2.200,0.000,False,1.9,1,AE579F8117AC15E3,3,1,"Lunge(11)>Attack>DashBackward>Lunge(5)>Attack>Retreat>Attack>DashBackward>Lunge(6)>Attack>Jump>DashBackward",11,29.000,5,10,12,7,7.171,0,2.396,True,43.530,9.685,0,180,167.766,165.000,0.000,332.766,362.798,745478D4AA933ED1,True,1,True,False,"Beam 1위와 안정형 관측 추천 일치"
S1,S-v2-dense,1-terminal,안정형-1종료안전,0.000,2.200,0.000,False,1.9,1,AE579F8117AC15E3,3,2,"Lunge(11)>Attack>DashBackward>Lunge(5)>Attack>Retreat>Attack>DashBackward>Lunge(6)>Attack>DashBackward>MoveForward",11,29.000,5,10,12,7,8.144,0,0.000,True,41.000,9.135,0,180,162.200,165.000,0.000,327.200,362.798,5FABDCDB5B110241,True,2,False,False,""
S1,S-v2-dense,1-terminal,안정형-1종료안전,0.000,2.200,0.000,False,1.9,1,AE579F8117AC15E3,3,3,"Lunge(11)>Attack>DashBackward>Lunge(5)>Attack>Retreat>Attack>DashBackward>Lunge(6)>Attack>DashBackward>MoveLeft",11,29.000,5,10,12,7,9.067,0,0.000,True,41.000,9.135,0,180,162.200,165.000,0.000,327.200,362.798,92AC5B1081512589,True,3,False,False,""
S1,S-v2-dense,1-terminal,안정형-1종료안전,0.000,2.200,0.000,False,1.9,1,AE579F8117AC15E3,4,1,"Lunge(11)>Attack>DashBackward>Lunge(5)>Attack>Retreat>Attack>DashBackward>Lunge(6)>Attack>Jump>DashBackward",11,29.000,5,10,12,7,7.171,0,2.396,True,43.530,9.685,0,180,167.766,165.000,0.000,332.766,347.817,745478D4AA933ED1,True,1,True,False,"Beam 1위와 안정형 관측 추천 일치"
S1,S-v2-dense,1-terminal,안정형-1종료안전,0.000,2.200,0.000,False,1.9,1,AE579F8117AC15E3,4,2,"Lunge(11)>Attack>DashBackward>Lunge(5)>Attack>Retreat>Attack>DashBackward>Lunge(6)>Attack>DashBackward>MoveForward",11,29.000,5,10,12,7,8.144,0,0.000,True,41.000,9.135,0,180,162.200,165.000,0.000,327.200,347.817,5FABDCDB5B110241,True,2,False,False,""
S1,S-v2-dense,1-terminal,안정형-1종료안전,0.000,2.200,0.000,False,1.9,1,AE579F8117AC15E3,4,3,"Lunge(11)>Attack>DashBackward>Lunge(5)>Attack>Retreat>Attack>DashBackward>Lunge(6)>Attack>DashBackward>MoveLeft",11,29.000,5,10,12,7,9.067,0,0.000,True,41.000,9.135,0,180,162.200,165.000,0.000,327.200,347.817,92AC5B1081512589,True,3,False,False,""
S1,S-v2-dense,1-terminal,안정형-1종료안전,0.000,2.200,0.000,False,1.9,1,AE579F8117AC15E3,5,1,"Lunge(11)>Attack>DashBackward>Lunge(5)>Attack>Retreat>Attack>DashBackward>Lunge(6)>Attack>Jump>DashBackward",11,29.000,5,10,12,7,7.171,0,2.396,True,43.530,9.685,0,180,167.766,165.000,0.000,332.766,350.910,745478D4AA933ED1,True,1,True,False,"Beam 1위와 안정형 관측 추천 일치"
S1,S-v2-dense,1-terminal,안정형-1종료안전,0.000,2.200,0.000,False,1.9,1,AE579F8117AC15E3,5,2,"Lunge(11)>Attack>DashBackward>Lunge(5)>Attack>Retreat>Attack>DashBackward>Lunge(6)>Attack>DashBackward>MoveForward",11,29.000,5,10,12,7,8.144,0,0.000,True,41.000,9.135,0,180,162.200,165.000,0.000,327.200,350.910,5FABDCDB5B110241,True,2,False,False,""
S1,S-v2-dense,1-terminal,안정형-1종료안전,0.000,2.200,0.000,False,1.9,1,AE579F8117AC15E3,5,3,"Lunge(11)>Attack>DashBackward>Lunge(5)>Attack>Retreat>Attack>DashBackward>Lunge(6)>Attack>DashBackward>MoveLeft",11,29.000,5,10,12,7,9.067,0,0.000,True,41.000,9.135,0,180,162.200,165.000,0.000,327.200,350.910,92AC5B1081512589,True,3,False,False,""
S1,S-v2-dense,1-terminal,안정형-1종료안전,0.000,2.200,0.000,False,1.9,1,AE579F8117AC15E3,6,1,"Lunge(11)>Attack>DashBackward>Lunge(5)>Attack>Retreat>Attack>DashBackward>Lunge(6)>Attack>Jump>DashBackward",11,29.000,5,10,12,7,7.171,0,2.396,True,43.530,9.685,0,180,167.766,165.000,0.000,332.766,352.600,745478D4AA933ED1,True,1,True,False,"Beam 1위와 안정형 관측 추천 일치"
S1,S-v2-dense,1-terminal,안정형-1종료안전,0.000,2.200,0.000,False,1.9,1,AE579F8117AC15E3,6,2,"Lunge(11)>Attack>DashBackward>Lunge(5)>Attack>Retreat>Attack>DashBackward>Lunge(6)>Attack>DashBackward>MoveForward",11,29.000,5,10,12,7,8.144,0,0.000,True,41.000,9.135,0,180,162.200,165.000,0.000,327.200,352.600,5FABDCDB5B110241,True,2,False,False,""
S1,S-v2-dense,1-terminal,안정형-1종료안전,0.000,2.200,0.000,False,1.9,1,AE579F8117AC15E3,6,3,"Lunge(11)>Attack>DashBackward>Lunge(5)>Attack>Retreat>Attack>DashBackward>Lunge(6)>Attack>DashBackward>MoveLeft",11,29.000,5,10,12,7,9.067,0,0.000,True,41.000,9.135,0,180,162.200,165.000,0.000,327.200,352.600,92AC5B1081512589,True,3,False,False,""
S1,S-v2-dense,1-terminal,안정형-1종료안전,0.000,2.200,0.000,False,1.9,1,AE579F8117AC15E3,7,1,"Lunge(11)>Attack>DashBackward>Lunge(5)>Attack>Retreat>Attack>DashBackward>Lunge(6)>Attack>Jump>DashBackward",11,29.000,5,10,12,7,7.171,0,2.396,True,43.530,9.685,0,180,167.766,165.000,0.000,332.766,402.655,745478D4AA933ED1,True,1,True,False,"Beam 1위와 안정형 관측 추천 일치"
S1,S-v2-dense,1-terminal,안정형-1종료안전,0.000,2.200,0.000,False,1.9,1,AE579F8117AC15E3,7,2,"Lunge(11)>Attack>DashBackward>Lunge(5)>Attack>Retreat>Attack>DashBackward>Lunge(6)>Attack>DashBackward>MoveForward",11,29.000,5,10,12,7,8.144,0,0.000,True,41.000,9.135,0,180,162.200,165.000,0.000,327.200,402.655,5FABDCDB5B110241,True,2,False,False,""
S1,S-v2-dense,1-terminal,안정형-1종료안전,0.000,2.200,0.000,False,1.9,1,AE579F8117AC15E3,7,3,"Lunge(11)>Attack>DashBackward>Lunge(5)>Attack>Retreat>Attack>DashBackward>Lunge(6)>Attack>DashBackward>MoveLeft",11,29.000,5,10,12,7,9.067,0,0.000,True,41.000,9.135,0,180,162.200,165.000,0.000,327.200,402.655,92AC5B1081512589,True,3,False,False,""
S1,S-v2-dense,1-terminal,안정형-1종료안전,0.000,2.200,0.000,False,1.9,1,AE579F8117AC15E3,8,1,"Lunge(11)>Attack>DashBackward>Lunge(5)>Attack>Retreat>Attack>DashBackward>Lunge(6)>Attack>Jump>DashBackward",11,29.000,5,10,12,7,7.171,0,2.396,True,43.530,9.685,0,180,167.766,165.000,0.000,332.766,406.899,745478D4AA933ED1,True,1,True,False,"Beam 1위와 안정형 관측 추천 일치"
S1,S-v2-dense,1-terminal,안정형-1종료안전,0.000,2.200,0.000,False,1.9,1,AE579F8117AC15E3,8,2,"Lunge(11)>Attack>DashBackward>Lunge(5)>Attack>Retreat>Attack>DashBackward>Lunge(6)>Attack>DashBackward>MoveForward",11,29.000,5,10,12,7,8.144,0,0.000,True,41.000,9.135,0,180,162.200,165.000,0.000,327.200,406.899,5FABDCDB5B110241,True,2,False,False,""
S1,S-v2-dense,1-terminal,안정형-1종료안전,0.000,2.200,0.000,False,1.9,1,AE579F8117AC15E3,8,3,"Lunge(11)>Attack>DashBackward>Lunge(5)>Attack>Retreat>Attack>DashBackward>Lunge(6)>Attack>DashBackward>MoveLeft",11,29.000,5,10,12,7,9.067,0,0.000,True,41.000,9.135,0,180,162.200,165.000,0.000,327.200,406.899,92AC5B1081512589,True,3,False,False,""
S1,S-v2-dense,1-terminal,안정형-1종료안전,0.000,2.200,0.000,False,1.9,1,AE579F8117AC15E3,9,1,"Lunge(11)>Attack>DashBackward>Lunge(5)>Attack>Retreat>Attack>DashBackward>Lunge(6)>Attack>Jump>DashBackward",11,29.000,5,10,12,7,7.171,0,2.396,True,43.530,9.685,0,180,167.766,165.000,0.000,332.766,363.478,745478D4AA933ED1,True,1,True,False,"Beam 1위와 안정형 관측 추천 일치"
S1,S-v2-dense,1-terminal,안정형-1종료안전,0.000,2.200,0.000,False,1.9,1,AE579F8117AC15E3,9,2,"Lunge(11)>Attack>DashBackward>Lunge(5)>Attack>Retreat>Attack>DashBackward>Lunge(6)>Attack>DashBackward>MoveForward",11,29.000,5,10,12,7,8.144,0,0.000,True,41.000,9.135,0,180,162.200,165.000,0.000,327.200,363.478,5FABDCDB5B110241,True,2,False,False,""
S1,S-v2-dense,1-terminal,안정형-1종료안전,0.000,2.200,0.000,False,1.9,1,AE579F8117AC15E3,9,3,"Lunge(11)>Attack>DashBackward>Lunge(5)>Attack>Retreat>Attack>DashBackward>Lunge(6)>Attack>DashBackward>MoveLeft",11,29.000,5,10,12,7,9.067,0,0.000,True,41.000,9.135,0,180,162.200,165.000,0.000,327.200,363.478,92AC5B1081512589,True,3,False,False,""
S1,S-v2-dense,1-terminal,안정형-1종료안전,0.000,2.200,0.000,False,1.9,1,AE579F8117AC15E3,10,1,"Lunge(11)>Attack>DashBackward>Lunge(5)>Attack>Retreat>Attack>DashBackward>Lunge(6)>Attack>Jump>DashBackward",11,29.000,5,10,12,7,7.171,0,2.396,True,43.530,9.685,0,180,167.766,165.000,0.000,332.766,352.095,745478D4AA933ED1,True,1,True,False,"Beam 1위와 안정형 관측 추천 일치"
S1,S-v2-dense,1-terminal,안정형-1종료안전,0.000,2.200,0.000,False,1.9,1,AE579F8117AC15E3,10,2,"Lunge(11)>Attack>DashBackward>Lunge(5)>Attack>Retreat>Attack>DashBackward>Lunge(6)>Attack>DashBackward>MoveForward",11,29.000,5,10,12,7,8.144,0,0.000,True,41.000,9.135,0,180,162.200,165.000,0.000,327.200,352.095,5FABDCDB5B110241,True,2,False,False,""
S1,S-v2-dense,1-terminal,안정형-1종료안전,0.000,2.200,0.000,False,1.9,1,AE579F8117AC15E3,10,3,"Lunge(11)>Attack>DashBackward>Lunge(5)>Attack>Retreat>Attack>DashBackward>Lunge(6)>Attack>DashBackward>MoveLeft",11,29.000,5,10,12,7,9.067,0,0.000,True,41.000,9.135,0,180,162.200,165.000,0.000,327.200,352.095,92AC5B1081512589,True,3,False,False,""
S2,S-v2-dense,1-terminal,안정형-1종료안전,0.000,2.200,0.000,False,1.9,1,A674B231EB5B1DA4,1,1,"Lunge(6)>Attack>DashForward>Lunge(0)>Attack>DashLeft>Lunge(7)>Attack>DashLeft>Lunge(8)>MoveRight>Lunge(8)",6,34.000,4,12,14,10,6.958,0,0.000,True,38.916,11.186,0,180,154.615,158.000,0.000,312.615,487.402,15ACABBED5D69F1F,True,2,False,True,""
S2,S-v2-dense,1-terminal,안정형-1종료안전,0.000,2.200,0.000,False,1.9,1,A674B231EB5B1DA4,1,2,"Lunge(6)>Attack>DashForward>Lunge(0)>Attack>DashLeft>Lunge(7)>Attack>DashLeft>Lunge(8)>Jump>Lunge(8)",6,34.000,4,12,14,10,6.430,0,0.000,True,37.859,11.724,0,180,152.291,158.000,0.000,310.291,487.402,7FF1E96D7B895043,True,3,False,True,""
S2,S-v2-dense,1-terminal,안정형-1종료안전,0.000,2.200,0.000,False,1.9,1,A674B231EB5B1DA4,1,3,"Lunge(6)>Attack>DashForward>Lunge(0)>Attack>DashLeft>Lunge(7)>Attack>DashRight>Lunge(4)>TerrainLeap>MoveLeft",6,34.000,3,11,14,11,6.911,0,3.514,True,46.364,13.161,0,180,171.002,139.000,0.000,310.002,487.402,F4F1FA772818F833,True,1,True,True,"종료 안전도와 퇴로 우세"
S2,S-v2-dense,1-terminal,안정형-1종료안전,0.000,2.200,0.000,False,1.9,1,A674B231EB5B1DA4,2,1,"Lunge(6)>Attack>DashForward>Lunge(0)>Attack>DashLeft>Lunge(7)>Attack>DashLeft>Lunge(8)>MoveRight>Lunge(8)",6,34.000,4,12,14,10,6.958,0,0.000,True,38.916,11.186,0,180,154.615,158.000,0.000,312.615,496.654,15ACABBED5D69F1F,True,2,False,True,""
S2,S-v2-dense,1-terminal,안정형-1종료안전,0.000,2.200,0.000,False,1.9,1,A674B231EB5B1DA4,2,2,"Lunge(6)>Attack>DashForward>Lunge(0)>Attack>DashLeft>Lunge(7)>Attack>DashLeft>Lunge(8)>Jump>Lunge(8)",6,34.000,4,12,14,10,6.430,0,0.000,True,37.859,11.724,0,180,152.291,158.000,0.000,310.291,496.654,7FF1E96D7B895043,True,3,False,True,""
S2,S-v2-dense,1-terminal,안정형-1종료안전,0.000,2.200,0.000,False,1.9,1,A674B231EB5B1DA4,2,3,"Lunge(6)>Attack>DashForward>Lunge(0)>Attack>DashLeft>Lunge(7)>Attack>DashRight>Lunge(4)>TerrainLeap>MoveLeft",6,34.000,3,11,14,11,6.911,0,3.514,True,46.364,13.161,0,180,171.002,139.000,0.000,310.002,496.654,F4F1FA772818F833,True,1,True,True,"종료 안전도와 퇴로 우세"
S2,S-v2-dense,1-terminal,안정형-1종료안전,0.000,2.200,0.000,False,1.9,1,A674B231EB5B1DA4,3,1,"Lunge(6)>Attack>DashForward>Lunge(0)>Attack>DashLeft>Lunge(7)>Attack>DashLeft>Lunge(8)>MoveRight>Lunge(8)",6,34.000,4,12,14,10,6.958,0,0.000,True,38.916,11.186,0,180,154.615,158.000,0.000,312.615,530.252,15ACABBED5D69F1F,True,2,False,True,""
S2,S-v2-dense,1-terminal,안정형-1종료안전,0.000,2.200,0.000,False,1.9,1,A674B231EB5B1DA4,3,2,"Lunge(6)>Attack>DashForward>Lunge(0)>Attack>DashLeft>Lunge(7)>Attack>DashLeft>Lunge(8)>Jump>Lunge(8)",6,34.000,4,12,14,10,6.430,0,0.000,True,37.859,11.724,0,180,152.291,158.000,0.000,310.291,530.252,7FF1E96D7B895043,True,3,False,True,""
S2,S-v2-dense,1-terminal,안정형-1종료안전,0.000,2.200,0.000,False,1.9,1,A674B231EB5B1DA4,3,3,"Lunge(6)>Attack>DashForward>Lunge(0)>Attack>DashLeft>Lunge(7)>Attack>DashRight>Lunge(4)>TerrainLeap>MoveLeft",6,34.000,3,11,14,11,6.911,0,3.514,True,46.364,13.161,0,180,171.002,139.000,0.000,310.002,530.252,F4F1FA772818F833,True,1,True,True,"종료 안전도와 퇴로 우세"
S2,S-v2-dense,1-terminal,안정형-1종료안전,0.000,2.200,0.000,False,1.9,1,A674B231EB5B1DA4,4,1,"Lunge(6)>Attack>DashForward>Lunge(0)>Attack>DashLeft>Lunge(7)>Attack>DashLeft>Lunge(8)>MoveRight>Lunge(8)",6,34.000,4,12,14,10,6.958,0,0.000,True,38.916,11.186,0,180,154.615,158.000,0.000,312.615,479.295,15ACABBED5D69F1F,True,2,False,True,""
S2,S-v2-dense,1-terminal,안정형-1종료안전,0.000,2.200,0.000,False,1.9,1,A674B231EB5B1DA4,4,2,"Lunge(6)>Attack>DashForward>Lunge(0)>Attack>DashLeft>Lunge(7)>Attack>DashLeft>Lunge(8)>Jump>Lunge(8)",6,34.000,4,12,14,10,6.430,0,0.000,True,37.859,11.724,0,180,152.291,158.000,0.000,310.291,479.295,7FF1E96D7B895043,True,3,False,True,""
S2,S-v2-dense,1-terminal,안정형-1종료안전,0.000,2.200,0.000,False,1.9,1,A674B231EB5B1DA4,4,3,"Lunge(6)>Attack>DashForward>Lunge(0)>Attack>DashLeft>Lunge(7)>Attack>DashRight>Lunge(4)>TerrainLeap>MoveLeft",6,34.000,3,11,14,11,6.911,0,3.514,True,46.364,13.161,0,180,171.002,139.000,0.000,310.002,479.295,F4F1FA772818F833,True,1,True,True,"종료 안전도와 퇴로 우세"
S2,S-v2-dense,1-terminal,안정형-1종료안전,0.000,2.200,0.000,False,1.9,1,A674B231EB5B1DA4,5,1,"Lunge(6)>Attack>DashForward>Lunge(0)>Attack>DashLeft>Lunge(7)>Attack>DashLeft>Lunge(8)>MoveRight>Lunge(8)",6,34.000,4,12,14,10,6.958,0,0.000,True,38.916,11.186,0,180,154.615,158.000,0.000,312.615,478.388,15ACABBED5D69F1F,True,2,False,True,""
S2,S-v2-dense,1-terminal,안정형-1종료안전,0.000,2.200,0.000,False,1.9,1,A674B231EB5B1DA4,5,2,"Lunge(6)>Attack>DashForward>Lunge(0)>Attack>DashLeft>Lunge(7)>Attack>DashLeft>Lunge(8)>Jump>Lunge(8)",6,34.000,4,12,14,10,6.430,0,0.000,True,37.859,11.724,0,180,152.291,158.000,0.000,310.291,478.388,7FF1E96D7B895043,True,3,False,True,""
S2,S-v2-dense,1-terminal,안정형-1종료안전,0.000,2.200,0.000,False,1.9,1,A674B231EB5B1DA4,5,3,"Lunge(6)>Attack>DashForward>Lunge(0)>Attack>DashLeft>Lunge(7)>Attack>DashRight>Lunge(4)>TerrainLeap>MoveLeft",6,34.000,3,11,14,11,6.911,0,3.514,True,46.364,13.161,0,180,171.002,139.000,0.000,310.002,478.388,F4F1FA772818F833,True,1,True,True,"종료 안전도와 퇴로 우세"
S2,S-v2-dense,1-terminal,안정형-1종료안전,0.000,2.200,0.000,False,1.9,1,A674B231EB5B1DA4,6,1,"Lunge(6)>Attack>DashForward>Lunge(0)>Attack>DashLeft>Lunge(7)>Attack>DashLeft>Lunge(8)>MoveRight>Lunge(8)",6,34.000,4,12,14,10,6.958,0,0.000,True,38.916,11.186,0,180,154.615,158.000,0.000,312.615,477.368,15ACABBED5D69F1F,True,2,False,True,""
S2,S-v2-dense,1-terminal,안정형-1종료안전,0.000,2.200,0.000,False,1.9,1,A674B231EB5B1DA4,6,2,"Lunge(6)>Attack>DashForward>Lunge(0)>Attack>DashLeft>Lunge(7)>Attack>DashLeft>Lunge(8)>Jump>Lunge(8)",6,34.000,4,12,14,10,6.430,0,0.000,True,37.859,11.724,0,180,152.291,158.000,0.000,310.291,477.368,7FF1E96D7B895043,True,3,False,True,""
S2,S-v2-dense,1-terminal,안정형-1종료안전,0.000,2.200,0.000,False,1.9,1,A674B231EB5B1DA4,6,3,"Lunge(6)>Attack>DashForward>Lunge(0)>Attack>DashLeft>Lunge(7)>Attack>DashRight>Lunge(4)>TerrainLeap>MoveLeft",6,34.000,3,11,14,11,6.911,0,3.514,True,46.364,13.161,0,180,171.002,139.000,0.000,310.002,477.368,F4F1FA772818F833,True,1,True,True,"종료 안전도와 퇴로 우세"
S2,S-v2-dense,1-terminal,안정형-1종료안전,0.000,2.200,0.000,False,1.9,1,A674B231EB5B1DA4,7,1,"Lunge(6)>Attack>DashForward>Lunge(0)>Attack>DashLeft>Lunge(7)>Attack>DashLeft>Lunge(8)>MoveRight>Lunge(8)",6,34.000,4,12,14,10,6.958,0,0.000,True,38.916,11.186,0,180,154.615,158.000,0.000,312.615,477.814,15ACABBED5D69F1F,True,2,False,True,""
S2,S-v2-dense,1-terminal,안정형-1종료안전,0.000,2.200,0.000,False,1.9,1,A674B231EB5B1DA4,7,2,"Lunge(6)>Attack>DashForward>Lunge(0)>Attack>DashLeft>Lunge(7)>Attack>DashLeft>Lunge(8)>Jump>Lunge(8)",6,34.000,4,12,14,10,6.430,0,0.000,True,37.859,11.724,0,180,152.291,158.000,0.000,310.291,477.814,7FF1E96D7B895043,True,3,False,True,""
S2,S-v2-dense,1-terminal,안정형-1종료안전,0.000,2.200,0.000,False,1.9,1,A674B231EB5B1DA4,7,3,"Lunge(6)>Attack>DashForward>Lunge(0)>Attack>DashLeft>Lunge(7)>Attack>DashRight>Lunge(4)>TerrainLeap>MoveLeft",6,34.000,3,11,14,11,6.911,0,3.514,True,46.364,13.161,0,180,171.002,139.000,0.000,310.002,477.814,F4F1FA772818F833,True,1,True,True,"종료 안전도와 퇴로 우세"
S2,S-v2-dense,1-terminal,안정형-1종료안전,0.000,2.200,0.000,False,1.9,1,A674B231EB5B1DA4,8,1,"Lunge(6)>Attack>DashForward>Lunge(0)>Attack>DashLeft>Lunge(7)>Attack>DashLeft>Lunge(8)>MoveRight>Lunge(8)",6,34.000,4,12,14,10,6.958,0,0.000,True,38.916,11.186,0,180,154.615,158.000,0.000,312.615,475.897,15ACABBED5D69F1F,True,2,False,True,""
S2,S-v2-dense,1-terminal,안정형-1종료안전,0.000,2.200,0.000,False,1.9,1,A674B231EB5B1DA4,8,2,"Lunge(6)>Attack>DashForward>Lunge(0)>Attack>DashLeft>Lunge(7)>Attack>DashLeft>Lunge(8)>Jump>Lunge(8)",6,34.000,4,12,14,10,6.430,0,0.000,True,37.859,11.724,0,180,152.291,158.000,0.000,310.291,475.897,7FF1E96D7B895043,True,3,False,True,""
S2,S-v2-dense,1-terminal,안정형-1종료안전,0.000,2.200,0.000,False,1.9,1,A674B231EB5B1DA4,8,3,"Lunge(6)>Attack>DashForward>Lunge(0)>Attack>DashLeft>Lunge(7)>Attack>DashRight>Lunge(4)>TerrainLeap>MoveLeft",6,34.000,3,11,14,11,6.911,0,3.514,True,46.364,13.161,0,180,171.002,139.000,0.000,310.002,475.897,F4F1FA772818F833,True,1,True,True,"종료 안전도와 퇴로 우세"
S2,S-v2-dense,1-terminal,안정형-1종료안전,0.000,2.200,0.000,False,1.9,1,A674B231EB5B1DA4,9,1,"Lunge(6)>Attack>DashForward>Lunge(0)>Attack>DashLeft>Lunge(7)>Attack>DashLeft>Lunge(8)>MoveRight>Lunge(8)",6,34.000,4,12,14,10,6.958,0,0.000,True,38.916,11.186,0,180,154.615,158.000,0.000,312.615,474.786,15ACABBED5D69F1F,True,2,False,True,""
S2,S-v2-dense,1-terminal,안정형-1종료안전,0.000,2.200,0.000,False,1.9,1,A674B231EB5B1DA4,9,2,"Lunge(6)>Attack>DashForward>Lunge(0)>Attack>DashLeft>Lunge(7)>Attack>DashLeft>Lunge(8)>Jump>Lunge(8)",6,34.000,4,12,14,10,6.430,0,0.000,True,37.859,11.724,0,180,152.291,158.000,0.000,310.291,474.786,7FF1E96D7B895043,True,3,False,True,""
S2,S-v2-dense,1-terminal,안정형-1종료안전,0.000,2.200,0.000,False,1.9,1,A674B231EB5B1DA4,9,3,"Lunge(6)>Attack>DashForward>Lunge(0)>Attack>DashLeft>Lunge(7)>Attack>DashRight>Lunge(4)>TerrainLeap>MoveLeft",6,34.000,3,11,14,11,6.911,0,3.514,True,46.364,13.161,0,180,171.002,139.000,0.000,310.002,474.786,F4F1FA772818F833,True,1,True,True,"종료 안전도와 퇴로 우세"
S2,S-v2-dense,1-terminal,안정형-1종료안전,0.000,2.200,0.000,False,1.9,1,A674B231EB5B1DA4,10,1,"Lunge(6)>Attack>DashForward>Lunge(0)>Attack>DashLeft>Lunge(7)>Attack>DashLeft>Lunge(8)>MoveRight>Lunge(8)",6,34.000,4,12,14,10,6.958,0,0.000,True,38.916,11.186,0,180,154.615,158.000,0.000,312.615,480.114,15ACABBED5D69F1F,True,2,False,True,""
S2,S-v2-dense,1-terminal,안정형-1종료안전,0.000,2.200,0.000,False,1.9,1,A674B231EB5B1DA4,10,2,"Lunge(6)>Attack>DashForward>Lunge(0)>Attack>DashLeft>Lunge(7)>Attack>DashLeft>Lunge(8)>Jump>Lunge(8)",6,34.000,4,12,14,10,6.430,0,0.000,True,37.859,11.724,0,180,152.291,158.000,0.000,310.291,480.114,7FF1E96D7B895043,True,3,False,True,""
S2,S-v2-dense,1-terminal,안정형-1종료안전,0.000,2.200,0.000,False,1.9,1,A674B231EB5B1DA4,10,3,"Lunge(6)>Attack>DashForward>Lunge(0)>Attack>DashLeft>Lunge(7)>Attack>DashRight>Lunge(4)>TerrainLeap>MoveLeft",6,34.000,3,11,14,11,6.911,0,3.514,True,46.364,13.161,0,180,171.002,139.000,0.000,310.002,480.114,F4F1FA772818F833,True,1,True,True,"종료 안전도와 퇴로 우세"
S3,S-v2-dense,1-terminal,안정형-1종료안전,0.000,2.200,0.000,False,1.9,1,833B65CAE74ACC51,1,1,"Lunge(1)>Attack>DashLeft>Lunge(0)>MoveForward>Lunge(0)>MoveForward>MoveLeft>MoveLeft>MoveLeft>Jump>Jump",0,34.000,2,4,3,1,7.741,0,3.958,True,49.357,8.464,0,180,180.586,96.000,0.000,276.586,68.560,00C37FB57260FDDE,True,1,True,False,"Beam 1위와 안정형 관측 추천 일치"
S3,S-v2-dense,1-terminal,안정형-1종료안전,0.000,2.200,0.000,False,1.9,1,833B65CAE74ACC51,1,2,"Lunge(1)>Attack>DashLeft>Lunge(0)>MoveForward>Lunge(0)>MoveForward>MoveLeft>MoveLeft>MoveRight>Jump>Jump",0,34.000,2,4,3,1,7.741,0,3.958,True,49.357,8.464,0,180,180.586,96.000,0.000,276.586,68.560,78F22063AA6C9472,True,2,False,False,""
S3,S-v2-dense,1-terminal,안정형-1종료안전,0.000,2.200,0.000,False,1.9,1,833B65CAE74ACC51,1,3,"Lunge(1)>Attack>DashLeft>Lunge(0)>MoveForward>Lunge(0)>MoveForward>MoveLeft>MoveLeft>MoveLeft>Jump>MoveLeft",0,34.000,2,4,3,1,7.764,0,2.396,True,44.715,7.914,0,180,170.373,96.000,0.000,266.373,68.560,2D0D81E3220398F7,True,3,False,False,""
S3,S-v2-dense,1-terminal,안정형-1종료안전,0.000,2.200,0.000,False,1.9,1,833B65CAE74ACC51,2,1,"Lunge(1)>Attack>DashLeft>Lunge(0)>MoveForward>Lunge(0)>MoveForward>MoveLeft>MoveLeft>MoveLeft>Jump>Jump",0,34.000,2,4,3,1,7.741,0,3.958,True,49.357,8.464,0,180,180.586,96.000,0.000,276.586,82.207,00C37FB57260FDDE,True,1,True,False,"Beam 1위와 안정형 관측 추천 일치"
S3,S-v2-dense,1-terminal,안정형-1종료안전,0.000,2.200,0.000,False,1.9,1,833B65CAE74ACC51,2,2,"Lunge(1)>Attack>DashLeft>Lunge(0)>MoveForward>Lunge(0)>MoveForward>MoveLeft>MoveLeft>MoveRight>Jump>Jump",0,34.000,2,4,3,1,7.741,0,3.958,True,49.357,8.464,0,180,180.586,96.000,0.000,276.586,82.207,78F22063AA6C9472,True,2,False,False,""
S3,S-v2-dense,1-terminal,안정형-1종료안전,0.000,2.200,0.000,False,1.9,1,833B65CAE74ACC51,2,3,"Lunge(1)>Attack>DashLeft>Lunge(0)>MoveForward>Lunge(0)>MoveForward>MoveLeft>MoveLeft>MoveLeft>Jump>MoveLeft",0,34.000,2,4,3,1,7.764,0,2.396,True,44.715,7.914,0,180,170.373,96.000,0.000,266.373,82.207,2D0D81E3220398F7,True,3,False,False,""
S3,S-v2-dense,1-terminal,안정형-1종료안전,0.000,2.200,0.000,False,1.9,1,833B65CAE74ACC51,3,1,"Lunge(1)>Attack>DashLeft>Lunge(0)>MoveForward>Lunge(0)>MoveForward>MoveLeft>MoveLeft>MoveLeft>Jump>Jump",0,34.000,2,4,3,1,7.741,0,3.958,True,49.357,8.464,0,180,180.586,96.000,0.000,276.586,75.007,00C37FB57260FDDE,True,1,True,False,"Beam 1위와 안정형 관측 추천 일치"
S3,S-v2-dense,1-terminal,안정형-1종료안전,0.000,2.200,0.000,False,1.9,1,833B65CAE74ACC51,3,2,"Lunge(1)>Attack>DashLeft>Lunge(0)>MoveForward>Lunge(0)>MoveForward>MoveLeft>MoveLeft>MoveRight>Jump>Jump",0,34.000,2,4,3,1,7.741,0,3.958,True,49.357,8.464,0,180,180.586,96.000,0.000,276.586,75.007,78F22063AA6C9472,True,2,False,False,""
S3,S-v2-dense,1-terminal,안정형-1종료안전,0.000,2.200,0.000,False,1.9,1,833B65CAE74ACC51,3,3,"Lunge(1)>Attack>DashLeft>Lunge(0)>MoveForward>Lunge(0)>MoveForward>MoveLeft>MoveLeft>MoveLeft>Jump>MoveLeft",0,34.000,2,4,3,1,7.764,0,2.396,True,44.715,7.914,0,180,170.373,96.000,0.000,266.373,75.007,2D0D81E3220398F7,True,3,False,False,""
S3,S-v2-dense,1-terminal,안정형-1종료안전,0.000,2.200,0.000,False,1.9,1,833B65CAE74ACC51,4,1,"Lunge(1)>Attack>DashLeft>Lunge(0)>MoveForward>Lunge(0)>MoveForward>MoveLeft>MoveLeft>MoveLeft>Jump>Jump",0,34.000,2,4,3,1,7.741,0,3.958,True,49.357,8.464,0,180,180.586,96.000,0.000,276.586,71.737,00C37FB57260FDDE,True,1,True,False,"Beam 1위와 안정형 관측 추천 일치"
S3,S-v2-dense,1-terminal,안정형-1종료안전,0.000,2.200,0.000,False,1.9,1,833B65CAE74ACC51,4,2,"Lunge(1)>Attack>DashLeft>Lunge(0)>MoveForward>Lunge(0)>MoveForward>MoveLeft>MoveLeft>MoveRight>Jump>Jump",0,34.000,2,4,3,1,7.741,0,3.958,True,49.357,8.464,0,180,180.586,96.000,0.000,276.586,71.737,78F22063AA6C9472,True,2,False,False,""
S3,S-v2-dense,1-terminal,안정형-1종료안전,0.000,2.200,0.000,False,1.9,1,833B65CAE74ACC51,4,3,"Lunge(1)>Attack>DashLeft>Lunge(0)>MoveForward>Lunge(0)>MoveForward>MoveLeft>MoveLeft>MoveLeft>Jump>MoveLeft",0,34.000,2,4,3,1,7.764,0,2.396,True,44.715,7.914,0,180,170.373,96.000,0.000,266.373,71.737,2D0D81E3220398F7,True,3,False,False,""
S3,S-v2-dense,1-terminal,안정형-1종료안전,0.000,2.200,0.000,False,1.9,1,833B65CAE74ACC51,5,1,"Lunge(1)>Attack>DashLeft>Lunge(0)>MoveForward>Lunge(0)>MoveForward>MoveLeft>MoveLeft>MoveLeft>Jump>Jump",0,34.000,2,4,3,1,7.741,0,3.958,True,49.357,8.464,0,180,180.586,96.000,0.000,276.586,76.299,00C37FB57260FDDE,True,1,True,False,"Beam 1위와 안정형 관측 추천 일치"
S3,S-v2-dense,1-terminal,안정형-1종료안전,0.000,2.200,0.000,False,1.9,1,833B65CAE74ACC51,5,2,"Lunge(1)>Attack>DashLeft>Lunge(0)>MoveForward>Lunge(0)>MoveForward>MoveLeft>MoveLeft>MoveRight>Jump>Jump",0,34.000,2,4,3,1,7.741,0,3.958,True,49.357,8.464,0,180,180.586,96.000,0.000,276.586,76.299,78F22063AA6C9472,True,2,False,False,""
S3,S-v2-dense,1-terminal,안정형-1종료안전,0.000,2.200,0.000,False,1.9,1,833B65CAE74ACC51,5,3,"Lunge(1)>Attack>DashLeft>Lunge(0)>MoveForward>Lunge(0)>MoveForward>MoveLeft>MoveLeft>MoveLeft>Jump>MoveLeft",0,34.000,2,4,3,1,7.764,0,2.396,True,44.715,7.914,0,180,170.373,96.000,0.000,266.373,76.299,2D0D81E3220398F7,True,3,False,False,""
S3,S-v2-dense,1-terminal,안정형-1종료안전,0.000,2.200,0.000,False,1.9,1,833B65CAE74ACC51,6,1,"Lunge(1)>Attack>DashLeft>Lunge(0)>MoveForward>Lunge(0)>MoveForward>MoveLeft>MoveLeft>MoveLeft>Jump>Jump",0,34.000,2,4,3,1,7.741,0,3.958,True,49.357,8.464,0,180,180.586,96.000,0.000,276.586,72.840,00C37FB57260FDDE,True,1,True,False,"Beam 1위와 안정형 관측 추천 일치"
S3,S-v2-dense,1-terminal,안정형-1종료안전,0.000,2.200,0.000,False,1.9,1,833B65CAE74ACC51,6,2,"Lunge(1)>Attack>DashLeft>Lunge(0)>MoveForward>Lunge(0)>MoveForward>MoveLeft>MoveLeft>MoveRight>Jump>Jump",0,34.000,2,4,3,1,7.741,0,3.958,True,49.357,8.464,0,180,180.586,96.000,0.000,276.586,72.840,78F22063AA6C9472,True,2,False,False,""
S3,S-v2-dense,1-terminal,안정형-1종료안전,0.000,2.200,0.000,False,1.9,1,833B65CAE74ACC51,6,3,"Lunge(1)>Attack>DashLeft>Lunge(0)>MoveForward>Lunge(0)>MoveForward>MoveLeft>MoveLeft>MoveLeft>Jump>MoveLeft",0,34.000,2,4,3,1,7.764,0,2.396,True,44.715,7.914,0,180,170.373,96.000,0.000,266.373,72.840,2D0D81E3220398F7,True,3,False,False,""
S3,S-v2-dense,1-terminal,안정형-1종료안전,0.000,2.200,0.000,False,1.9,1,833B65CAE74ACC51,7,1,"Lunge(1)>Attack>DashLeft>Lunge(0)>MoveForward>Lunge(0)>MoveForward>MoveLeft>MoveLeft>MoveLeft>Jump>Jump",0,34.000,2,4,3,1,7.741,0,3.958,True,49.357,8.464,0,180,180.586,96.000,0.000,276.586,76.289,00C37FB57260FDDE,True,1,True,False,"Beam 1위와 안정형 관측 추천 일치"
S3,S-v2-dense,1-terminal,안정형-1종료안전,0.000,2.200,0.000,False,1.9,1,833B65CAE74ACC51,7,2,"Lunge(1)>Attack>DashLeft>Lunge(0)>MoveForward>Lunge(0)>MoveForward>MoveLeft>MoveLeft>MoveRight>Jump>Jump",0,34.000,2,4,3,1,7.741,0,3.958,True,49.357,8.464,0,180,180.586,96.000,0.000,276.586,76.289,78F22063AA6C9472,True,2,False,False,""
S3,S-v2-dense,1-terminal,안정형-1종료안전,0.000,2.200,0.000,False,1.9,1,833B65CAE74ACC51,7,3,"Lunge(1)>Attack>DashLeft>Lunge(0)>MoveForward>Lunge(0)>MoveForward>MoveLeft>MoveLeft>MoveLeft>Jump>MoveLeft",0,34.000,2,4,3,1,7.764,0,2.396,True,44.715,7.914,0,180,170.373,96.000,0.000,266.373,76.289,2D0D81E3220398F7,True,3,False,False,""
S3,S-v2-dense,1-terminal,안정형-1종료안전,0.000,2.200,0.000,False,1.9,1,833B65CAE74ACC51,8,1,"Lunge(1)>Attack>DashLeft>Lunge(0)>MoveForward>Lunge(0)>MoveForward>MoveLeft>MoveLeft>MoveLeft>Jump>Jump",0,34.000,2,4,3,1,7.741,0,3.958,True,49.357,8.464,0,180,180.586,96.000,0.000,276.586,81.755,00C37FB57260FDDE,True,1,True,False,"Beam 1위와 안정형 관측 추천 일치"
S3,S-v2-dense,1-terminal,안정형-1종료안전,0.000,2.200,0.000,False,1.9,1,833B65CAE74ACC51,8,2,"Lunge(1)>Attack>DashLeft>Lunge(0)>MoveForward>Lunge(0)>MoveForward>MoveLeft>MoveLeft>MoveRight>Jump>Jump",0,34.000,2,4,3,1,7.741,0,3.958,True,49.357,8.464,0,180,180.586,96.000,0.000,276.586,81.755,78F22063AA6C9472,True,2,False,False,""
S3,S-v2-dense,1-terminal,안정형-1종료안전,0.000,2.200,0.000,False,1.9,1,833B65CAE74ACC51,8,3,"Lunge(1)>Attack>DashLeft>Lunge(0)>MoveForward>Lunge(0)>MoveForward>MoveLeft>MoveLeft>MoveLeft>Jump>MoveLeft",0,34.000,2,4,3,1,7.764,0,2.396,True,44.715,7.914,0,180,170.373,96.000,0.000,266.373,81.755,2D0D81E3220398F7,True,3,False,False,""
S3,S-v2-dense,1-terminal,안정형-1종료안전,0.000,2.200,0.000,False,1.9,1,833B65CAE74ACC51,9,1,"Lunge(1)>Attack>DashLeft>Lunge(0)>MoveForward>Lunge(0)>MoveForward>MoveLeft>MoveLeft>MoveLeft>Jump>Jump",0,34.000,2,4,3,1,7.741,0,3.958,True,49.357,8.464,0,180,180.586,96.000,0.000,276.586,79.085,00C37FB57260FDDE,True,1,True,False,"Beam 1위와 안정형 관측 추천 일치"
S3,S-v2-dense,1-terminal,안정형-1종료안전,0.000,2.200,0.000,False,1.9,1,833B65CAE74ACC51,9,2,"Lunge(1)>Attack>DashLeft>Lunge(0)>MoveForward>Lunge(0)>MoveForward>MoveLeft>MoveLeft>MoveRight>Jump>Jump",0,34.000,2,4,3,1,7.741,0,3.958,True,49.357,8.464,0,180,180.586,96.000,0.000,276.586,79.085,78F22063AA6C9472,True,2,False,False,""
S3,S-v2-dense,1-terminal,안정형-1종료안전,0.000,2.200,0.000,False,1.9,1,833B65CAE74ACC51,9,3,"Lunge(1)>Attack>DashLeft>Lunge(0)>MoveForward>Lunge(0)>MoveForward>MoveLeft>MoveLeft>MoveLeft>Jump>MoveLeft",0,34.000,2,4,3,1,7.764,0,2.396,True,44.715,7.914,0,180,170.373,96.000,0.000,266.373,79.085,2D0D81E3220398F7,True,3,False,False,""
S3,S-v2-dense,1-terminal,안정형-1종료안전,0.000,2.200,0.000,False,1.9,1,833B65CAE74ACC51,10,1,"Lunge(1)>Attack>DashLeft>Lunge(0)>MoveForward>Lunge(0)>MoveForward>MoveLeft>MoveLeft>MoveLeft>Jump>Jump",0,34.000,2,4,3,1,7.741,0,3.958,True,49.357,8.464,0,180,180.586,96.000,0.000,276.586,81.669,00C37FB57260FDDE,True,1,True,False,"Beam 1위와 안정형 관측 추천 일치"
S3,S-v2-dense,1-terminal,안정형-1종료안전,0.000,2.200,0.000,False,1.9,1,833B65CAE74ACC51,10,2,"Lunge(1)>Attack>DashLeft>Lunge(0)>MoveForward>Lunge(0)>MoveForward>MoveLeft>MoveLeft>MoveRight>Jump>Jump",0,34.000,2,4,3,1,7.741,0,3.958,True,49.357,8.464,0,180,180.586,96.000,0.000,276.586,81.669,78F22063AA6C9472,True,2,False,False,""
S3,S-v2-dense,1-terminal,안정형-1종료안전,0.000,2.200,0.000,False,1.9,1,833B65CAE74ACC51,10,3,"Lunge(1)>Attack>DashLeft>Lunge(0)>MoveForward>Lunge(0)>MoveForward>MoveLeft>MoveLeft>MoveLeft>Jump>MoveLeft",0,34.000,2,4,3,1,7.764,0,2.396,True,44.715,7.914,0,180,170.373,96.000,0.000,266.373,81.669,2D0D81E3220398F7,True,3,False,False,""
S4,S-v2-dense,1-terminal,안정형-1종료안전,0.000,2.200,0.000,False,1.9,1,9C3D2FC112BA32D1,1,1,"LungeStrike(0)>DashRight>Lunge(10)>Attack>Retreat>Attack>Retreat>Lunge(11)>Attack>Retreat>Attack>DashBackward",0,34.000,6,13,12,6,6.922,0,0.000,True,37.345,9.186,0,180,154.159,192.000,0.000,346.158,318.939,75D489C7ECDBCDF0,True,2,False,True,""
S4,S-v2-dense,1-terminal,안정형-1종료안전,0.000,2.200,0.000,False,1.9,1,9C3D2FC112BA32D1,1,2,"LungeStrike(0)>DashRight>Lunge(10)>Attack>Retreat>Attack>Retreat>Lunge(11)>Attack>Retreat>Attack>DashRight",0,34.000,6,13,12,6,6.033,0,0.000,True,35.565,9.186,0,180,150.244,192.000,0.000,342.244,318.939,A6A0785E466BA79E,True,3,False,True,""
S4,S-v2-dense,1-terminal,안정형-1종료안전,0.000,2.200,0.000,False,1.9,1,9C3D2FC112BA32D1,1,3,"LungeStrike(0)>DashRight>Lunge(10)>Attack>Retreat>Attack>Retreat>Lunge(11)>Attack>DashLeft>Lunge(4)>DashBackward",0,34.000,5,12,12,7,7.662,0,0.000,True,38.324,10.643,0,180,156.312,173.000,0.000,329.312,318.939,61A3F7082C9A4164,True,1,True,True,"종료 안전도와 퇴로 우세"
S4,S-v2-dense,1-terminal,안정형-1종료안전,0.000,2.200,0.000,False,1.9,1,9C3D2FC112BA32D1,2,1,"LungeStrike(0)>DashRight>Lunge(10)>Attack>Retreat>Attack>Retreat>Lunge(11)>Attack>Retreat>Attack>DashBackward",0,34.000,6,13,12,6,6.922,0,0.000,True,37.345,9.186,0,180,154.159,192.000,0.000,346.158,329.944,75D489C7ECDBCDF0,True,2,False,True,""
S4,S-v2-dense,1-terminal,안정형-1종료안전,0.000,2.200,0.000,False,1.9,1,9C3D2FC112BA32D1,2,2,"LungeStrike(0)>DashRight>Lunge(10)>Attack>Retreat>Attack>Retreat>Lunge(11)>Attack>Retreat>Attack>DashRight",0,34.000,6,13,12,6,6.033,0,0.000,True,35.565,9.186,0,180,150.244,192.000,0.000,342.244,329.944,A6A0785E466BA79E,True,3,False,True,""
S4,S-v2-dense,1-terminal,안정형-1종료안전,0.000,2.200,0.000,False,1.9,1,9C3D2FC112BA32D1,2,3,"LungeStrike(0)>DashRight>Lunge(10)>Attack>Retreat>Attack>Retreat>Lunge(11)>Attack>DashLeft>Lunge(4)>DashBackward",0,34.000,5,12,12,7,7.662,0,0.000,True,38.324,10.643,0,180,156.312,173.000,0.000,329.312,329.944,61A3F7082C9A4164,True,1,True,True,"종료 안전도와 퇴로 우세"
S4,S-v2-dense,1-terminal,안정형-1종료안전,0.000,2.200,0.000,False,1.9,1,9C3D2FC112BA32D1,3,1,"LungeStrike(0)>DashRight>Lunge(10)>Attack>Retreat>Attack>Retreat>Lunge(11)>Attack>Retreat>Attack>DashBackward",0,34.000,6,13,12,6,6.922,0,0.000,True,37.345,9.186,0,180,154.159,192.000,0.000,346.158,311.810,75D489C7ECDBCDF0,True,2,False,True,""
S4,S-v2-dense,1-terminal,안정형-1종료안전,0.000,2.200,0.000,False,1.9,1,9C3D2FC112BA32D1,3,2,"LungeStrike(0)>DashRight>Lunge(10)>Attack>Retreat>Attack>Retreat>Lunge(11)>Attack>Retreat>Attack>DashRight",0,34.000,6,13,12,6,6.033,0,0.000,True,35.565,9.186,0,180,150.244,192.000,0.000,342.244,311.810,A6A0785E466BA79E,True,3,False,True,""
S4,S-v2-dense,1-terminal,안정형-1종료안전,0.000,2.200,0.000,False,1.9,1,9C3D2FC112BA32D1,3,3,"LungeStrike(0)>DashRight>Lunge(10)>Attack>Retreat>Attack>Retreat>Lunge(11)>Attack>DashLeft>Lunge(4)>DashBackward",0,34.000,5,12,12,7,7.662,0,0.000,True,38.324,10.643,0,180,156.312,173.000,0.000,329.312,311.810,61A3F7082C9A4164,True,1,True,True,"종료 안전도와 퇴로 우세"
S4,S-v2-dense,1-terminal,안정형-1종료안전,0.000,2.200,0.000,False,1.9,1,9C3D2FC112BA32D1,4,1,"LungeStrike(0)>DashRight>Lunge(10)>Attack>Retreat>Attack>Retreat>Lunge(11)>Attack>Retreat>Attack>DashBackward",0,34.000,6,13,12,6,6.922,0,0.000,True,37.345,9.186,0,180,154.159,192.000,0.000,346.158,315.540,75D489C7ECDBCDF0,True,2,False,True,""
S4,S-v2-dense,1-terminal,안정형-1종료안전,0.000,2.200,0.000,False,1.9,1,9C3D2FC112BA32D1,4,2,"LungeStrike(0)>DashRight>Lunge(10)>Attack>Retreat>Attack>Retreat>Lunge(11)>Attack>Retreat>Attack>DashRight",0,34.000,6,13,12,6,6.033,0,0.000,True,35.565,9.186,0,180,150.244,192.000,0.000,342.244,315.540,A6A0785E466BA79E,True,3,False,True,""
S4,S-v2-dense,1-terminal,안정형-1종료안전,0.000,2.200,0.000,False,1.9,1,9C3D2FC112BA32D1,4,3,"LungeStrike(0)>DashRight>Lunge(10)>Attack>Retreat>Attack>Retreat>Lunge(11)>Attack>DashLeft>Lunge(4)>DashBackward",0,34.000,5,12,12,7,7.662,0,0.000,True,38.324,10.643,0,180,156.312,173.000,0.000,329.312,315.540,61A3F7082C9A4164,True,1,True,True,"종료 안전도와 퇴로 우세"
S4,S-v2-dense,1-terminal,안정형-1종료안전,0.000,2.200,0.000,False,1.9,1,9C3D2FC112BA32D1,5,1,"LungeStrike(0)>DashRight>Lunge(10)>Attack>Retreat>Attack>Retreat>Lunge(11)>Attack>Retreat>Attack>DashBackward",0,34.000,6,13,12,6,6.922,0,0.000,True,37.345,9.186,0,180,154.159,192.000,0.000,346.158,317.677,75D489C7ECDBCDF0,True,2,False,True,""
S4,S-v2-dense,1-terminal,안정형-1종료안전,0.000,2.200,0.000,False,1.9,1,9C3D2FC112BA32D1,5,2,"LungeStrike(0)>DashRight>Lunge(10)>Attack>Retreat>Attack>Retreat>Lunge(11)>Attack>Retreat>Attack>DashRight",0,34.000,6,13,12,6,6.033,0,0.000,True,35.565,9.186,0,180,150.244,192.000,0.000,342.244,317.677,A6A0785E466BA79E,True,3,False,True,""
S4,S-v2-dense,1-terminal,안정형-1종료안전,0.000,2.200,0.000,False,1.9,1,9C3D2FC112BA32D1,5,3,"LungeStrike(0)>DashRight>Lunge(10)>Attack>Retreat>Attack>Retreat>Lunge(11)>Attack>DashLeft>Lunge(4)>DashBackward",0,34.000,5,12,12,7,7.662,0,0.000,True,38.324,10.643,0,180,156.312,173.000,0.000,329.312,317.677,61A3F7082C9A4164,True,1,True,True,"종료 안전도와 퇴로 우세"
S4,S-v2-dense,1-terminal,안정형-1종료안전,0.000,2.200,0.000,False,1.9,1,9C3D2FC112BA32D1,6,1,"LungeStrike(0)>DashRight>Lunge(10)>Attack>Retreat>Attack>Retreat>Lunge(11)>Attack>Retreat>Attack>DashBackward",0,34.000,6,13,12,6,6.922,0,0.000,True,37.345,9.186,0,180,154.159,192.000,0.000,346.158,325.264,75D489C7ECDBCDF0,True,2,False,True,""
S4,S-v2-dense,1-terminal,안정형-1종료안전,0.000,2.200,0.000,False,1.9,1,9C3D2FC112BA32D1,6,2,"LungeStrike(0)>DashRight>Lunge(10)>Attack>Retreat>Attack>Retreat>Lunge(11)>Attack>Retreat>Attack>DashRight",0,34.000,6,13,12,6,6.033,0,0.000,True,35.565,9.186,0,180,150.244,192.000,0.000,342.244,325.264,A6A0785E466BA79E,True,3,False,True,""
S4,S-v2-dense,1-terminal,안정형-1종료안전,0.000,2.200,0.000,False,1.9,1,9C3D2FC112BA32D1,6,3,"LungeStrike(0)>DashRight>Lunge(10)>Attack>Retreat>Attack>Retreat>Lunge(11)>Attack>DashLeft>Lunge(4)>DashBackward",0,34.000,5,12,12,7,7.662,0,0.000,True,38.324,10.643,0,180,156.312,173.000,0.000,329.312,325.264,61A3F7082C9A4164,True,1,True,True,"종료 안전도와 퇴로 우세"
S4,S-v2-dense,1-terminal,안정형-1종료안전,0.000,2.200,0.000,False,1.9,1,9C3D2FC112BA32D1,7,1,"LungeStrike(0)>DashRight>Lunge(10)>Attack>Retreat>Attack>Retreat>Lunge(11)>Attack>Retreat>Attack>DashBackward",0,34.000,6,13,12,6,6.922,0,0.000,True,37.345,9.186,0,180,154.159,192.000,0.000,346.158,320.583,75D489C7ECDBCDF0,True,2,False,True,""
S4,S-v2-dense,1-terminal,안정형-1종료안전,0.000,2.200,0.000,False,1.9,1,9C3D2FC112BA32D1,7,2,"LungeStrike(0)>DashRight>Lunge(10)>Attack>Retreat>Attack>Retreat>Lunge(11)>Attack>Retreat>Attack>DashRight",0,34.000,6,13,12,6,6.033,0,0.000,True,35.565,9.186,0,180,150.244,192.000,0.000,342.244,320.583,A6A0785E466BA79E,True,3,False,True,""
S4,S-v2-dense,1-terminal,안정형-1종료안전,0.000,2.200,0.000,False,1.9,1,9C3D2FC112BA32D1,7,3,"LungeStrike(0)>DashRight>Lunge(10)>Attack>Retreat>Attack>Retreat>Lunge(11)>Attack>DashLeft>Lunge(4)>DashBackward",0,34.000,5,12,12,7,7.662,0,0.000,True,38.324,10.643,0,180,156.312,173.000,0.000,329.312,320.583,61A3F7082C9A4164,True,1,True,True,"종료 안전도와 퇴로 우세"
S4,S-v2-dense,1-terminal,안정형-1종료안전,0.000,2.200,0.000,False,1.9,1,9C3D2FC112BA32D1,8,1,"LungeStrike(0)>DashRight>Lunge(10)>Attack>Retreat>Attack>Retreat>Lunge(11)>Attack>Retreat>Attack>DashBackward",0,34.000,6,13,12,6,6.922,0,0.000,True,37.345,9.186,0,180,154.159,192.000,0.000,346.158,327.827,75D489C7ECDBCDF0,True,2,False,True,""
S4,S-v2-dense,1-terminal,안정형-1종료안전,0.000,2.200,0.000,False,1.9,1,9C3D2FC112BA32D1,8,2,"LungeStrike(0)>DashRight>Lunge(10)>Attack>Retreat>Attack>Retreat>Lunge(11)>Attack>Retreat>Attack>DashRight",0,34.000,6,13,12,6,6.033,0,0.000,True,35.565,9.186,0,180,150.244,192.000,0.000,342.244,327.827,A6A0785E466BA79E,True,3,False,True,""
S4,S-v2-dense,1-terminal,안정형-1종료안전,0.000,2.200,0.000,False,1.9,1,9C3D2FC112BA32D1,8,3,"LungeStrike(0)>DashRight>Lunge(10)>Attack>Retreat>Attack>Retreat>Lunge(11)>Attack>DashLeft>Lunge(4)>DashBackward",0,34.000,5,12,12,7,7.662,0,0.000,True,38.324,10.643,0,180,156.312,173.000,0.000,329.312,327.827,61A3F7082C9A4164,True,1,True,True,"종료 안전도와 퇴로 우세"
S4,S-v2-dense,1-terminal,안정형-1종료안전,0.000,2.200,0.000,False,1.9,1,9C3D2FC112BA32D1,9,1,"LungeStrike(0)>DashRight>Lunge(10)>Attack>Retreat>Attack>Retreat>Lunge(11)>Attack>Retreat>Attack>DashBackward",0,34.000,6,13,12,6,6.922,0,0.000,True,37.345,9.186,0,180,154.159,192.000,0.000,346.158,339.538,75D489C7ECDBCDF0,True,2,False,True,""
S4,S-v2-dense,1-terminal,안정형-1종료안전,0.000,2.200,0.000,False,1.9,1,9C3D2FC112BA32D1,9,2,"LungeStrike(0)>DashRight>Lunge(10)>Attack>Retreat>Attack>Retreat>Lunge(11)>Attack>Retreat>Attack>DashRight",0,34.000,6,13,12,6,6.033,0,0.000,True,35.565,9.186,0,180,150.244,192.000,0.000,342.244,339.538,A6A0785E466BA79E,True,3,False,True,""
S4,S-v2-dense,1-terminal,안정형-1종료안전,0.000,2.200,0.000,False,1.9,1,9C3D2FC112BA32D1,9,3,"LungeStrike(0)>DashRight>Lunge(10)>Attack>Retreat>Attack>Retreat>Lunge(11)>Attack>DashLeft>Lunge(4)>DashBackward",0,34.000,5,12,12,7,7.662,0,0.000,True,38.324,10.643,0,180,156.312,173.000,0.000,329.312,339.538,61A3F7082C9A4164,True,1,True,True,"종료 안전도와 퇴로 우세"
S4,S-v2-dense,1-terminal,안정형-1종료안전,0.000,2.200,0.000,False,1.9,1,9C3D2FC112BA32D1,10,1,"LungeStrike(0)>DashRight>Lunge(10)>Attack>Retreat>Attack>Retreat>Lunge(11)>Attack>Retreat>Attack>DashBackward",0,34.000,6,13,12,6,6.922,0,0.000,True,37.345,9.186,0,180,154.159,192.000,0.000,346.158,329.270,75D489C7ECDBCDF0,True,2,False,True,""
S4,S-v2-dense,1-terminal,안정형-1종료안전,0.000,2.200,0.000,False,1.9,1,9C3D2FC112BA32D1,10,2,"LungeStrike(0)>DashRight>Lunge(10)>Attack>Retreat>Attack>Retreat>Lunge(11)>Attack>Retreat>Attack>DashRight",0,34.000,6,13,12,6,6.033,0,0.000,True,35.565,9.186,0,180,150.244,192.000,0.000,342.244,329.270,A6A0785E466BA79E,True,3,False,True,""
S4,S-v2-dense,1-terminal,안정형-1종료안전,0.000,2.200,0.000,False,1.9,1,9C3D2FC112BA32D1,10,3,"LungeStrike(0)>DashRight>Lunge(10)>Attack>Retreat>Attack>Retreat>Lunge(11)>Attack>DashLeft>Lunge(4)>DashBackward",0,34.000,5,12,12,7,7.662,0,0.000,True,38.324,10.643,0,180,156.312,173.000,0.000,329.312,329.270,61A3F7082C9A4164,True,1,True,True,"종료 안전도와 퇴로 우세"
S1,S-v2-dense,2-difficulty,안정형-2입력난이도,0.000,2.200,0.800,True,1.9,1,AE579F8117AC15E3,1,1,"Lunge(11)>Attack>DashBackward>Lunge(5)>Attack>Retreat>Attack>DashBackward>Lunge(6)>Attack>Jump>DashBackward",11,29.000,5,10,12,7,7.171,0,2.396,True,43.530,9.685,0,180,167.766,165.000,-7.748,325.018,354.002,745478D4AA933ED1,True,1,True,False,"Beam 1위와 안정형 관측 추천 일치"
S1,S-v2-dense,2-difficulty,안정형-2입력난이도,0.000,2.200,0.800,True,1.9,1,AE579F8117AC15E3,1,2,"Lunge(11)>Attack>DashBackward>Lunge(5)>Attack>Retreat>Attack>DashBackward>Lunge(6)>Attack>DashBackward>Wait",11,29.000,5,10,12,7,9.061,0,0.000,True,41.000,8.885,0,180,162.200,165.000,-7.108,320.092,354.002,0C346FFD8E1A555E,True,2,False,False,""
S1,S-v2-dense,2-difficulty,안정형-2입력난이도,0.000,2.200,0.800,True,1.9,1,AE579F8117AC15E3,1,3,"Lunge(11)>Attack>DashBackward>Lunge(5)>Attack>Retreat>Attack>DashBackward>Lunge(6)>Attack>DashBackward>MoveForward",11,29.000,5,10,12,7,8.144,0,0.000,True,41.000,9.135,0,180,162.200,165.000,-7.308,319.892,354.002,5FABDCDB5B110241,True,3,False,False,""
S1,S-v2-dense,2-difficulty,안정형-2입력난이도,0.000,2.200,0.800,True,1.9,1,AE579F8117AC15E3,2,1,"Lunge(11)>Attack>DashBackward>Lunge(5)>Attack>Retreat>Attack>DashBackward>Lunge(6)>Attack>Jump>DashBackward",11,29.000,5,10,12,7,7.171,0,2.396,True,43.530,9.685,0,180,167.766,165.000,-7.748,325.018,358.883,745478D4AA933ED1,True,1,True,False,"Beam 1위와 안정형 관측 추천 일치"
S1,S-v2-dense,2-difficulty,안정형-2입력난이도,0.000,2.200,0.800,True,1.9,1,AE579F8117AC15E3,2,2,"Lunge(11)>Attack>DashBackward>Lunge(5)>Attack>Retreat>Attack>DashBackward>Lunge(6)>Attack>DashBackward>Wait",11,29.000,5,10,12,7,9.061,0,0.000,True,41.000,8.885,0,180,162.200,165.000,-7.108,320.092,358.883,0C346FFD8E1A555E,True,2,False,False,""
S1,S-v2-dense,2-difficulty,안정형-2입력난이도,0.000,2.200,0.800,True,1.9,1,AE579F8117AC15E3,2,3,"Lunge(11)>Attack>DashBackward>Lunge(5)>Attack>Retreat>Attack>DashBackward>Lunge(6)>Attack>DashBackward>MoveForward",11,29.000,5,10,12,7,8.144,0,0.000,True,41.000,9.135,0,180,162.200,165.000,-7.308,319.892,358.883,5FABDCDB5B110241,True,3,False,False,""
S1,S-v2-dense,2-difficulty,안정형-2입력난이도,0.000,2.200,0.800,True,1.9,1,AE579F8117AC15E3,3,1,"Lunge(11)>Attack>DashBackward>Lunge(5)>Attack>Retreat>Attack>DashBackward>Lunge(6)>Attack>Jump>DashBackward",11,29.000,5,10,12,7,7.171,0,2.396,True,43.530,9.685,0,180,167.766,165.000,-7.748,325.018,345.286,745478D4AA933ED1,True,1,True,False,"Beam 1위와 안정형 관측 추천 일치"
S1,S-v2-dense,2-difficulty,안정형-2입력난이도,0.000,2.200,0.800,True,1.9,1,AE579F8117AC15E3,3,2,"Lunge(11)>Attack>DashBackward>Lunge(5)>Attack>Retreat>Attack>DashBackward>Lunge(6)>Attack>DashBackward>Wait",11,29.000,5,10,12,7,9.061,0,0.000,True,41.000,8.885,0,180,162.200,165.000,-7.108,320.092,345.286,0C346FFD8E1A555E,True,2,False,False,""
S1,S-v2-dense,2-difficulty,안정형-2입력난이도,0.000,2.200,0.800,True,1.9,1,AE579F8117AC15E3,3,3,"Lunge(11)>Attack>DashBackward>Lunge(5)>Attack>Retreat>Attack>DashBackward>Lunge(6)>Attack>DashBackward>MoveForward",11,29.000,5,10,12,7,8.144,0,0.000,True,41.000,9.135,0,180,162.200,165.000,-7.308,319.892,345.286,5FABDCDB5B110241,True,3,False,False,""
S1,S-v2-dense,2-difficulty,안정형-2입력난이도,0.000,2.200,0.800,True,1.9,1,AE579F8117AC15E3,4,1,"Lunge(11)>Attack>DashBackward>Lunge(5)>Attack>Retreat>Attack>DashBackward>Lunge(6)>Attack>Jump>DashBackward",11,29.000,5,10,12,7,7.171,0,2.396,True,43.530,9.685,0,180,167.766,165.000,-7.748,325.018,352.993,745478D4AA933ED1,True,1,True,False,"Beam 1위와 안정형 관측 추천 일치"
S1,S-v2-dense,2-difficulty,안정형-2입력난이도,0.000,2.200,0.800,True,1.9,1,AE579F8117AC15E3,4,2,"Lunge(11)>Attack>DashBackward>Lunge(5)>Attack>Retreat>Attack>DashBackward>Lunge(6)>Attack>DashBackward>Wait",11,29.000,5,10,12,7,9.061,0,0.000,True,41.000,8.885,0,180,162.200,165.000,-7.108,320.092,352.993,0C346FFD8E1A555E,True,2,False,False,""
S1,S-v2-dense,2-difficulty,안정형-2입력난이도,0.000,2.200,0.800,True,1.9,1,AE579F8117AC15E3,4,3,"Lunge(11)>Attack>DashBackward>Lunge(5)>Attack>Retreat>Attack>DashBackward>Lunge(6)>Attack>DashBackward>MoveForward",11,29.000,5,10,12,7,8.144,0,0.000,True,41.000,9.135,0,180,162.200,165.000,-7.308,319.892,352.993,5FABDCDB5B110241,True,3,False,False,""
S1,S-v2-dense,2-difficulty,안정형-2입력난이도,0.000,2.200,0.800,True,1.9,1,AE579F8117AC15E3,5,1,"Lunge(11)>Attack>DashBackward>Lunge(5)>Attack>Retreat>Attack>DashBackward>Lunge(6)>Attack>Jump>DashBackward",11,29.000,5,10,12,7,7.171,0,2.396,True,43.530,9.685,0,180,167.766,165.000,-7.748,325.018,356.640,745478D4AA933ED1,True,1,True,False,"Beam 1위와 안정형 관측 추천 일치"
S1,S-v2-dense,2-difficulty,안정형-2입력난이도,0.000,2.200,0.800,True,1.9,1,AE579F8117AC15E3,5,2,"Lunge(11)>Attack>DashBackward>Lunge(5)>Attack>Retreat>Attack>DashBackward>Lunge(6)>Attack>DashBackward>Wait",11,29.000,5,10,12,7,9.061,0,0.000,True,41.000,8.885,0,180,162.200,165.000,-7.108,320.092,356.640,0C346FFD8E1A555E,True,2,False,False,""
S1,S-v2-dense,2-difficulty,안정형-2입력난이도,0.000,2.200,0.800,True,1.9,1,AE579F8117AC15E3,5,3,"Lunge(11)>Attack>DashBackward>Lunge(5)>Attack>Retreat>Attack>DashBackward>Lunge(6)>Attack>DashBackward>MoveForward",11,29.000,5,10,12,7,8.144,0,0.000,True,41.000,9.135,0,180,162.200,165.000,-7.308,319.892,356.640,5FABDCDB5B110241,True,3,False,False,""
S1,S-v2-dense,2-difficulty,안정형-2입력난이도,0.000,2.200,0.800,True,1.9,1,AE579F8117AC15E3,6,1,"Lunge(11)>Attack>DashBackward>Lunge(5)>Attack>Retreat>Attack>DashBackward>Lunge(6)>Attack>Jump>DashBackward",11,29.000,5,10,12,7,7.171,0,2.396,True,43.530,9.685,0,180,167.766,165.000,-7.748,325.018,347.374,745478D4AA933ED1,True,1,True,False,"Beam 1위와 안정형 관측 추천 일치"
S1,S-v2-dense,2-difficulty,안정형-2입력난이도,0.000,2.200,0.800,True,1.9,1,AE579F8117AC15E3,6,2,"Lunge(11)>Attack>DashBackward>Lunge(5)>Attack>Retreat>Attack>DashBackward>Lunge(6)>Attack>DashBackward>Wait",11,29.000,5,10,12,7,9.061,0,0.000,True,41.000,8.885,0,180,162.200,165.000,-7.108,320.092,347.374,0C346FFD8E1A555E,True,2,False,False,""
S1,S-v2-dense,2-difficulty,안정형-2입력난이도,0.000,2.200,0.800,True,1.9,1,AE579F8117AC15E3,6,3,"Lunge(11)>Attack>DashBackward>Lunge(5)>Attack>Retreat>Attack>DashBackward>Lunge(6)>Attack>DashBackward>MoveForward",11,29.000,5,10,12,7,8.144,0,0.000,True,41.000,9.135,0,180,162.200,165.000,-7.308,319.892,347.374,5FABDCDB5B110241,True,3,False,False,""
S1,S-v2-dense,2-difficulty,안정형-2입력난이도,0.000,2.200,0.800,True,1.9,1,AE579F8117AC15E3,7,1,"Lunge(11)>Attack>DashBackward>Lunge(5)>Attack>Retreat>Attack>DashBackward>Lunge(6)>Attack>Jump>DashBackward",11,29.000,5,10,12,7,7.171,0,2.396,True,43.530,9.685,0,180,167.766,165.000,-7.748,325.018,349.726,745478D4AA933ED1,True,1,True,False,"Beam 1위와 안정형 관측 추천 일치"
S1,S-v2-dense,2-difficulty,안정형-2입력난이도,0.000,2.200,0.800,True,1.9,1,AE579F8117AC15E3,7,2,"Lunge(11)>Attack>DashBackward>Lunge(5)>Attack>Retreat>Attack>DashBackward>Lunge(6)>Attack>DashBackward>Wait",11,29.000,5,10,12,7,9.061,0,0.000,True,41.000,8.885,0,180,162.200,165.000,-7.108,320.092,349.726,0C346FFD8E1A555E,True,2,False,False,""
S1,S-v2-dense,2-difficulty,안정형-2입력난이도,0.000,2.200,0.800,True,1.9,1,AE579F8117AC15E3,7,3,"Lunge(11)>Attack>DashBackward>Lunge(5)>Attack>Retreat>Attack>DashBackward>Lunge(6)>Attack>DashBackward>MoveForward",11,29.000,5,10,12,7,8.144,0,0.000,True,41.000,9.135,0,180,162.200,165.000,-7.308,319.892,349.726,5FABDCDB5B110241,True,3,False,False,""
S1,S-v2-dense,2-difficulty,안정형-2입력난이도,0.000,2.200,0.800,True,1.9,1,AE579F8117AC15E3,8,1,"Lunge(11)>Attack>DashBackward>Lunge(5)>Attack>Retreat>Attack>DashBackward>Lunge(6)>Attack>Jump>DashBackward",11,29.000,5,10,12,7,7.171,0,2.396,True,43.530,9.685,0,180,167.766,165.000,-7.748,325.018,349.979,745478D4AA933ED1,True,1,True,False,"Beam 1위와 안정형 관측 추천 일치"
S1,S-v2-dense,2-difficulty,안정형-2입력난이도,0.000,2.200,0.800,True,1.9,1,AE579F8117AC15E3,8,2,"Lunge(11)>Attack>DashBackward>Lunge(5)>Attack>Retreat>Attack>DashBackward>Lunge(6)>Attack>DashBackward>Wait",11,29.000,5,10,12,7,9.061,0,0.000,True,41.000,8.885,0,180,162.200,165.000,-7.108,320.092,349.979,0C346FFD8E1A555E,True,2,False,False,""
S1,S-v2-dense,2-difficulty,안정형-2입력난이도,0.000,2.200,0.800,True,1.9,1,AE579F8117AC15E3,8,3,"Lunge(11)>Attack>DashBackward>Lunge(5)>Attack>Retreat>Attack>DashBackward>Lunge(6)>Attack>DashBackward>MoveForward",11,29.000,5,10,12,7,8.144,0,0.000,True,41.000,9.135,0,180,162.200,165.000,-7.308,319.892,349.979,5FABDCDB5B110241,True,3,False,False,""
S1,S-v2-dense,2-difficulty,안정형-2입력난이도,0.000,2.200,0.800,True,1.9,1,AE579F8117AC15E3,9,1,"Lunge(11)>Attack>DashBackward>Lunge(5)>Attack>Retreat>Attack>DashBackward>Lunge(6)>Attack>Jump>DashBackward",11,29.000,5,10,12,7,7.171,0,2.396,True,43.530,9.685,0,180,167.766,165.000,-7.748,325.018,402.141,745478D4AA933ED1,True,1,True,False,"Beam 1위와 안정형 관측 추천 일치"
S1,S-v2-dense,2-difficulty,안정형-2입력난이도,0.000,2.200,0.800,True,1.9,1,AE579F8117AC15E3,9,2,"Lunge(11)>Attack>DashBackward>Lunge(5)>Attack>Retreat>Attack>DashBackward>Lunge(6)>Attack>DashBackward>Wait",11,29.000,5,10,12,7,9.061,0,0.000,True,41.000,8.885,0,180,162.200,165.000,-7.108,320.092,402.141,0C346FFD8E1A555E,True,2,False,False,""
S1,S-v2-dense,2-difficulty,안정형-2입력난이도,0.000,2.200,0.800,True,1.9,1,AE579F8117AC15E3,9,3,"Lunge(11)>Attack>DashBackward>Lunge(5)>Attack>Retreat>Attack>DashBackward>Lunge(6)>Attack>DashBackward>MoveForward",11,29.000,5,10,12,7,8.144,0,0.000,True,41.000,9.135,0,180,162.200,165.000,-7.308,319.892,402.141,5FABDCDB5B110241,True,3,False,False,""
S1,S-v2-dense,2-difficulty,안정형-2입력난이도,0.000,2.200,0.800,True,1.9,1,AE579F8117AC15E3,10,1,"Lunge(11)>Attack>DashBackward>Lunge(5)>Attack>Retreat>Attack>DashBackward>Lunge(6)>Attack>Jump>DashBackward",11,29.000,5,10,12,7,7.171,0,2.396,True,43.530,9.685,0,180,167.766,165.000,-7.748,325.018,342.825,745478D4AA933ED1,True,1,True,False,"Beam 1위와 안정형 관측 추천 일치"
S1,S-v2-dense,2-difficulty,안정형-2입력난이도,0.000,2.200,0.800,True,1.9,1,AE579F8117AC15E3,10,2,"Lunge(11)>Attack>DashBackward>Lunge(5)>Attack>Retreat>Attack>DashBackward>Lunge(6)>Attack>DashBackward>Wait",11,29.000,5,10,12,7,9.061,0,0.000,True,41.000,8.885,0,180,162.200,165.000,-7.108,320.092,342.825,0C346FFD8E1A555E,True,2,False,False,""
S1,S-v2-dense,2-difficulty,안정형-2입력난이도,0.000,2.200,0.800,True,1.9,1,AE579F8117AC15E3,10,3,"Lunge(11)>Attack>DashBackward>Lunge(5)>Attack>Retreat>Attack>DashBackward>Lunge(6)>Attack>DashBackward>MoveForward",11,29.000,5,10,12,7,8.144,0,0.000,True,41.000,9.135,0,180,162.200,165.000,-7.308,319.892,342.825,5FABDCDB5B110241,True,3,False,False,""
S2,S-v2-dense,2-difficulty,안정형-2입력난이도,0.000,2.200,0.800,True,1.9,1,A674B231EB5B1DA4,1,1,"Lunge(6)>Attack>DashForward>Lunge(0)>Attack>DashLeft>Lunge(7)>Attack>DashLeft>Lunge(8)>MoveRight>Lunge(8)",6,34.000,4,12,14,10,6.958,0,0.000,True,38.916,11.186,0,180,154.615,158.000,-8.949,303.666,466.526,15ACABBED5D69F1F,True,1,True,False,"Beam 1위와 안정형 관측 추천 일치"
S2,S-v2-dense,2-difficulty,안정형-2입력난이도,0.000,2.200,0.800,True,1.9,1,A674B231EB5B1DA4,1,2,"Lunge(6)>Attack>DashForward>Lunge(0)>Attack>DashLeft>Lunge(7)>Attack>DashLeft>Lunge(8)>Wait>Lunge(8)",6,34.000,4,12,14,10,6.430,0,0.000,True,37.859,10.924,0,180,152.291,158.000,-8.739,301.552,466.526,C1A9321646B6ECF1,True,2,False,False,""
S2,S-v2-dense,2-difficulty,안정형-2입력난이도,0.000,2.200,0.800,True,1.9,1,A674B231EB5B1DA4,1,3,"Lunge(6)>Attack>DashForward>Lunge(0)>Attack>DashLeft>Lunge(7)>Attack>DashLeft>Lunge(8)>Retreat>Lunge(8)",6,34.000,4,12,14,10,6.134,0,0.000,True,37.268,11.174,0,180,150.989,158.000,-8.939,300.050,466.526,418DC541D2A83C96,True,3,False,False,""
S2,S-v2-dense,2-difficulty,안정형-2입력난이도,0.000,2.200,0.800,True,1.9,1,A674B231EB5B1DA4,2,1,"Lunge(6)>Attack>DashForward>Lunge(0)>Attack>DashLeft>Lunge(7)>Attack>DashLeft>Lunge(8)>MoveRight>Lunge(8)",6,34.000,4,12,14,10,6.958,0,0.000,True,38.916,11.186,0,180,154.615,158.000,-8.949,303.666,489.730,15ACABBED5D69F1F,True,1,True,False,"Beam 1위와 안정형 관측 추천 일치"
S2,S-v2-dense,2-difficulty,안정형-2입력난이도,0.000,2.200,0.800,True,1.9,1,A674B231EB5B1DA4,2,2,"Lunge(6)>Attack>DashForward>Lunge(0)>Attack>DashLeft>Lunge(7)>Attack>DashLeft>Lunge(8)>Wait>Lunge(8)",6,34.000,4,12,14,10,6.430,0,0.000,True,37.859,10.924,0,180,152.291,158.000,-8.739,301.552,489.730,C1A9321646B6ECF1,True,2,False,False,""
S2,S-v2-dense,2-difficulty,안정형-2입력난이도,0.000,2.200,0.800,True,1.9,1,A674B231EB5B1DA4,2,3,"Lunge(6)>Attack>DashForward>Lunge(0)>Attack>DashLeft>Lunge(7)>Attack>DashLeft>Lunge(8)>Retreat>Lunge(8)",6,34.000,4,12,14,10,6.134,0,0.000,True,37.268,11.174,0,180,150.989,158.000,-8.939,300.050,489.730,418DC541D2A83C96,True,3,False,False,""
S2,S-v2-dense,2-difficulty,안정형-2입력난이도,0.000,2.200,0.800,True,1.9,1,A674B231EB5B1DA4,3,1,"Lunge(6)>Attack>DashForward>Lunge(0)>Attack>DashLeft>Lunge(7)>Attack>DashLeft>Lunge(8)>MoveRight>Lunge(8)",6,34.000,4,12,14,10,6.958,0,0.000,True,38.916,11.186,0,180,154.615,158.000,-8.949,303.666,529.365,15ACABBED5D69F1F,True,1,True,False,"Beam 1위와 안정형 관측 추천 일치"
S2,S-v2-dense,2-difficulty,안정형-2입력난이도,0.000,2.200,0.800,True,1.9,1,A674B231EB5B1DA4,3,2,"Lunge(6)>Attack>DashForward>Lunge(0)>Attack>DashLeft>Lunge(7)>Attack>DashLeft>Lunge(8)>Wait>Lunge(8)",6,34.000,4,12,14,10,6.430,0,0.000,True,37.859,10.924,0,180,152.291,158.000,-8.739,301.552,529.365,C1A9321646B6ECF1,True,2,False,False,""
S2,S-v2-dense,2-difficulty,안정형-2입력난이도,0.000,2.200,0.800,True,1.9,1,A674B231EB5B1DA4,3,3,"Lunge(6)>Attack>DashForward>Lunge(0)>Attack>DashLeft>Lunge(7)>Attack>DashLeft>Lunge(8)>Retreat>Lunge(8)",6,34.000,4,12,14,10,6.134,0,0.000,True,37.268,11.174,0,180,150.989,158.000,-8.939,300.050,529.365,418DC541D2A83C96,True,3,False,False,""
S2,S-v2-dense,2-difficulty,안정형-2입력난이도,0.000,2.200,0.800,True,1.9,1,A674B231EB5B1DA4,4,1,"Lunge(6)>Attack>DashForward>Lunge(0)>Attack>DashLeft>Lunge(7)>Attack>DashLeft>Lunge(8)>MoveRight>Lunge(8)",6,34.000,4,12,14,10,6.958,0,0.000,True,38.916,11.186,0,180,154.615,158.000,-8.949,303.666,494.060,15ACABBED5D69F1F,True,1,True,False,"Beam 1위와 안정형 관측 추천 일치"
S2,S-v2-dense,2-difficulty,안정형-2입력난이도,0.000,2.200,0.800,True,1.9,1,A674B231EB5B1DA4,4,2,"Lunge(6)>Attack>DashForward>Lunge(0)>Attack>DashLeft>Lunge(7)>Attack>DashLeft>Lunge(8)>Wait>Lunge(8)",6,34.000,4,12,14,10,6.430,0,0.000,True,37.859,10.924,0,180,152.291,158.000,-8.739,301.552,494.060,C1A9321646B6ECF1,True,2,False,False,""
S2,S-v2-dense,2-difficulty,안정형-2입력난이도,0.000,2.200,0.800,True,1.9,1,A674B231EB5B1DA4,4,3,"Lunge(6)>Attack>DashForward>Lunge(0)>Attack>DashLeft>Lunge(7)>Attack>DashLeft>Lunge(8)>Retreat>Lunge(8)",6,34.000,4,12,14,10,6.134,0,0.000,True,37.268,11.174,0,180,150.989,158.000,-8.939,300.050,494.060,418DC541D2A83C96,True,3,False,False,""
S2,S-v2-dense,2-difficulty,안정형-2입력난이도,0.000,2.200,0.800,True,1.9,1,A674B231EB5B1DA4,5,1,"Lunge(6)>Attack>DashForward>Lunge(0)>Attack>DashLeft>Lunge(7)>Attack>DashLeft>Lunge(8)>MoveRight>Lunge(8)",6,34.000,4,12,14,10,6.958,0,0.000,True,38.916,11.186,0,180,154.615,158.000,-8.949,303.666,479.778,15ACABBED5D69F1F,True,1,True,False,"Beam 1위와 안정형 관측 추천 일치"
S2,S-v2-dense,2-difficulty,안정형-2입력난이도,0.000,2.200,0.800,True,1.9,1,A674B231EB5B1DA4,5,2,"Lunge(6)>Attack>DashForward>Lunge(0)>Attack>DashLeft>Lunge(7)>Attack>DashLeft>Lunge(8)>Wait>Lunge(8)",6,34.000,4,12,14,10,6.430,0,0.000,True,37.859,10.924,0,180,152.291,158.000,-8.739,301.552,479.778,C1A9321646B6ECF1,True,2,False,False,""
S2,S-v2-dense,2-difficulty,안정형-2입력난이도,0.000,2.200,0.800,True,1.9,1,A674B231EB5B1DA4,5,3,"Lunge(6)>Attack>DashForward>Lunge(0)>Attack>DashLeft>Lunge(7)>Attack>DashLeft>Lunge(8)>Retreat>Lunge(8)",6,34.000,4,12,14,10,6.134,0,0.000,True,37.268,11.174,0,180,150.989,158.000,-8.939,300.050,479.778,418DC541D2A83C96,True,3,False,False,""
S2,S-v2-dense,2-difficulty,안정형-2입력난이도,0.000,2.200,0.800,True,1.9,1,A674B231EB5B1DA4,6,1,"Lunge(6)>Attack>DashForward>Lunge(0)>Attack>DashLeft>Lunge(7)>Attack>DashLeft>Lunge(8)>MoveRight>Lunge(8)",6,34.000,4,12,14,10,6.958,0,0.000,True,38.916,11.186,0,180,154.615,158.000,-8.949,303.666,476.820,15ACABBED5D69F1F,True,1,True,False,"Beam 1위와 안정형 관측 추천 일치"
S2,S-v2-dense,2-difficulty,안정형-2입력난이도,0.000,2.200,0.800,True,1.9,1,A674B231EB5B1DA4,6,2,"Lunge(6)>Attack>DashForward>Lunge(0)>Attack>DashLeft>Lunge(7)>Attack>DashLeft>Lunge(8)>Wait>Lunge(8)",6,34.000,4,12,14,10,6.430,0,0.000,True,37.859,10.924,0,180,152.291,158.000,-8.739,301.552,476.820,C1A9321646B6ECF1,True,2,False,False,""
S2,S-v2-dense,2-difficulty,안정형-2입력난이도,0.000,2.200,0.800,True,1.9,1,A674B231EB5B1DA4,6,3,"Lunge(6)>Attack>DashForward>Lunge(0)>Attack>DashLeft>Lunge(7)>Attack>DashLeft>Lunge(8)>Retreat>Lunge(8)",6,34.000,4,12,14,10,6.134,0,0.000,True,37.268,11.174,0,180,150.989,158.000,-8.939,300.050,476.820,418DC541D2A83C96,True,3,False,False,""
S2,S-v2-dense,2-difficulty,안정형-2입력난이도,0.000,2.200,0.800,True,1.9,1,A674B231EB5B1DA4,7,1,"Lunge(6)>Attack>DashForward>Lunge(0)>Attack>DashLeft>Lunge(7)>Attack>DashLeft>Lunge(8)>MoveRight>Lunge(8)",6,34.000,4,12,14,10,6.958,0,0.000,True,38.916,11.186,0,180,154.615,158.000,-8.949,303.666,475.456,15ACABBED5D69F1F,True,1,True,False,"Beam 1위와 안정형 관측 추천 일치"
S2,S-v2-dense,2-difficulty,안정형-2입력난이도,0.000,2.200,0.800,True,1.9,1,A674B231EB5B1DA4,7,2,"Lunge(6)>Attack>DashForward>Lunge(0)>Attack>DashLeft>Lunge(7)>Attack>DashLeft>Lunge(8)>Wait>Lunge(8)",6,34.000,4,12,14,10,6.430,0,0.000,True,37.859,10.924,0,180,152.291,158.000,-8.739,301.552,475.456,C1A9321646B6ECF1,True,2,False,False,""
S2,S-v2-dense,2-difficulty,안정형-2입력난이도,0.000,2.200,0.800,True,1.9,1,A674B231EB5B1DA4,7,3,"Lunge(6)>Attack>DashForward>Lunge(0)>Attack>DashLeft>Lunge(7)>Attack>DashLeft>Lunge(8)>Retreat>Lunge(8)",6,34.000,4,12,14,10,6.134,0,0.000,True,37.268,11.174,0,180,150.989,158.000,-8.939,300.050,475.456,418DC541D2A83C96,True,3,False,False,""
S2,S-v2-dense,2-difficulty,안정형-2입력난이도,0.000,2.200,0.800,True,1.9,1,A674B231EB5B1DA4,8,1,"Lunge(6)>Attack>DashForward>Lunge(0)>Attack>DashLeft>Lunge(7)>Attack>DashLeft>Lunge(8)>MoveRight>Lunge(8)",6,34.000,4,12,14,10,6.958,0,0.000,True,38.916,11.186,0,180,154.615,158.000,-8.949,303.666,478.286,15ACABBED5D69F1F,True,1,True,False,"Beam 1위와 안정형 관측 추천 일치"
S2,S-v2-dense,2-difficulty,안정형-2입력난이도,0.000,2.200,0.800,True,1.9,1,A674B231EB5B1DA4,8,2,"Lunge(6)>Attack>DashForward>Lunge(0)>Attack>DashLeft>Lunge(7)>Attack>DashLeft>Lunge(8)>Wait>Lunge(8)",6,34.000,4,12,14,10,6.430,0,0.000,True,37.859,10.924,0,180,152.291,158.000,-8.739,301.552,478.286,C1A9321646B6ECF1,True,2,False,False,""
S2,S-v2-dense,2-difficulty,안정형-2입력난이도,0.000,2.200,0.800,True,1.9,1,A674B231EB5B1DA4,8,3,"Lunge(6)>Attack>DashForward>Lunge(0)>Attack>DashLeft>Lunge(7)>Attack>DashLeft>Lunge(8)>Retreat>Lunge(8)",6,34.000,4,12,14,10,6.134,0,0.000,True,37.268,11.174,0,180,150.989,158.000,-8.939,300.050,478.286,418DC541D2A83C96,True,3,False,False,""
S2,S-v2-dense,2-difficulty,안정형-2입력난이도,0.000,2.200,0.800,True,1.9,1,A674B231EB5B1DA4,9,1,"Lunge(6)>Attack>DashForward>Lunge(0)>Attack>DashLeft>Lunge(7)>Attack>DashLeft>Lunge(8)>MoveRight>Lunge(8)",6,34.000,4,12,14,10,6.958,0,0.000,True,38.916,11.186,0,180,154.615,158.000,-8.949,303.666,469.448,15ACABBED5D69F1F,True,1,True,False,"Beam 1위와 안정형 관측 추천 일치"
S2,S-v2-dense,2-difficulty,안정형-2입력난이도,0.000,2.200,0.800,True,1.9,1,A674B231EB5B1DA4,9,2,"Lunge(6)>Attack>DashForward>Lunge(0)>Attack>DashLeft>Lunge(7)>Attack>DashLeft>Lunge(8)>Wait>Lunge(8)",6,34.000,4,12,14,10,6.430,0,0.000,True,37.859,10.924,0,180,152.291,158.000,-8.739,301.552,469.448,C1A9321646B6ECF1,True,2,False,False,""
S2,S-v2-dense,2-difficulty,안정형-2입력난이도,0.000,2.200,0.800,True,1.9,1,A674B231EB5B1DA4,9,3,"Lunge(6)>Attack>DashForward>Lunge(0)>Attack>DashLeft>Lunge(7)>Attack>DashLeft>Lunge(8)>Retreat>Lunge(8)",6,34.000,4,12,14,10,6.134,0,0.000,True,37.268,11.174,0,180,150.989,158.000,-8.939,300.050,469.448,418DC541D2A83C96,True,3,False,False,""
S2,S-v2-dense,2-difficulty,안정형-2입력난이도,0.000,2.200,0.800,True,1.9,1,A674B231EB5B1DA4,10,1,"Lunge(6)>Attack>DashForward>Lunge(0)>Attack>DashLeft>Lunge(7)>Attack>DashLeft>Lunge(8)>MoveRight>Lunge(8)",6,34.000,4,12,14,10,6.958,0,0.000,True,38.916,11.186,0,180,154.615,158.000,-8.949,303.666,494.923,15ACABBED5D69F1F,True,1,True,False,"Beam 1위와 안정형 관측 추천 일치"
S2,S-v2-dense,2-difficulty,안정형-2입력난이도,0.000,2.200,0.800,True,1.9,1,A674B231EB5B1DA4,10,2,"Lunge(6)>Attack>DashForward>Lunge(0)>Attack>DashLeft>Lunge(7)>Attack>DashLeft>Lunge(8)>Wait>Lunge(8)",6,34.000,4,12,14,10,6.430,0,0.000,True,37.859,10.924,0,180,152.291,158.000,-8.739,301.552,494.923,C1A9321646B6ECF1,True,2,False,False,""
S2,S-v2-dense,2-difficulty,안정형-2입력난이도,0.000,2.200,0.800,True,1.9,1,A674B231EB5B1DA4,10,3,"Lunge(6)>Attack>DashForward>Lunge(0)>Attack>DashLeft>Lunge(7)>Attack>DashLeft>Lunge(8)>Retreat>Lunge(8)",6,34.000,4,12,14,10,6.134,0,0.000,True,37.268,11.174,0,180,150.989,158.000,-8.939,300.050,494.923,418DC541D2A83C96,True,3,False,False,""
S3,S-v2-dense,2-difficulty,안정형-2입력난이도,0.000,2.200,0.800,True,1.9,1,833B65CAE74ACC51,1,1,"Lunge(1)>Attack>DashLeft>Lunge(0)>MoveForward>Lunge(0)>MoveForward>MoveLeft>MoveLeft>MoveLeft>Jump>Jump",0,34.000,2,4,3,1,7.741,0,3.958,True,49.357,8.464,0,180,180.586,96.000,-6.772,269.815,73.166,00C37FB57260FDDE,True,1,True,False,"Beam 1위와 안정형 관측 추천 일치"
S3,S-v2-dense,2-difficulty,안정형-2입력난이도,0.000,2.200,0.800,True,1.9,1,833B65CAE74ACC51,1,2,"Lunge(1)>Attack>DashLeft>Lunge(0)>MoveForward>Lunge(0)>MoveForward>MoveLeft>MoveLeft>MoveRight>Jump>Jump",0,34.000,2,4,3,1,7.741,0,3.958,True,49.357,8.464,0,180,180.586,96.000,-6.772,269.815,73.166,78F22063AA6C9472,True,2,False,False,""
S3,S-v2-dense,2-difficulty,안정형-2입력난이도,0.000,2.200,0.800,True,1.9,1,833B65CAE74ACC51,1,3,"Lunge(1)>Attack>DashLeft>Lunge(0)>MoveForward>Lunge(0)>MoveForward>MoveLeft>MoveLeft>MoveLeft>Jump>Wait",0,34.000,2,4,3,1,7.741,0,2.396,True,44.670,7.664,0,180,170.274,96.000,-6.132,260.142,73.166,25C3D3AC710D2707,True,3,False,False,""
S3,S-v2-dense,2-difficulty,안정형-2입력난이도,0.000,2.200,0.800,True,1.9,1,833B65CAE74ACC51,2,1,"Lunge(1)>Attack>DashLeft>Lunge(0)>MoveForward>Lunge(0)>MoveForward>MoveLeft>MoveLeft>MoveLeft>Jump>Jump",0,34.000,2,4,3,1,7.741,0,3.958,True,49.357,8.464,0,180,180.586,96.000,-6.772,269.815,71.675,00C37FB57260FDDE,True,1,True,False,"Beam 1위와 안정형 관측 추천 일치"
S3,S-v2-dense,2-difficulty,안정형-2입력난이도,0.000,2.200,0.800,True,1.9,1,833B65CAE74ACC51,2,2,"Lunge(1)>Attack>DashLeft>Lunge(0)>MoveForward>Lunge(0)>MoveForward>MoveLeft>MoveLeft>MoveRight>Jump>Jump",0,34.000,2,4,3,1,7.741,0,3.958,True,49.357,8.464,0,180,180.586,96.000,-6.772,269.815,71.675,78F22063AA6C9472,True,2,False,False,""
S3,S-v2-dense,2-difficulty,안정형-2입력난이도,0.000,2.200,0.800,True,1.9,1,833B65CAE74ACC51,2,3,"Lunge(1)>Attack>DashLeft>Lunge(0)>MoveForward>Lunge(0)>MoveForward>MoveLeft>MoveLeft>MoveLeft>Jump>Wait",0,34.000,2,4,3,1,7.741,0,2.396,True,44.670,7.664,0,180,170.274,96.000,-6.132,260.142,71.675,25C3D3AC710D2707,True,3,False,False,""
S3,S-v2-dense,2-difficulty,안정형-2입력난이도,0.000,2.200,0.800,True,1.9,1,833B65CAE74ACC51,3,1,"Lunge(1)>Attack>DashLeft>Lunge(0)>MoveForward>Lunge(0)>MoveForward>MoveLeft>MoveLeft>MoveLeft>Jump>Jump",0,34.000,2,4,3,1,7.741,0,3.958,True,49.357,8.464,0,180,180.586,96.000,-6.772,269.815,74.417,00C37FB57260FDDE,True,1,True,False,"Beam 1위와 안정형 관측 추천 일치"
S3,S-v2-dense,2-difficulty,안정형-2입력난이도,0.000,2.200,0.800,True,1.9,1,833B65CAE74ACC51,3,2,"Lunge(1)>Attack>DashLeft>Lunge(0)>MoveForward>Lunge(0)>MoveForward>MoveLeft>MoveLeft>MoveRight>Jump>Jump",0,34.000,2,4,3,1,7.741,0,3.958,True,49.357,8.464,0,180,180.586,96.000,-6.772,269.815,74.417,78F22063AA6C9472,True,2,False,False,""
S3,S-v2-dense,2-difficulty,안정형-2입력난이도,0.000,2.200,0.800,True,1.9,1,833B65CAE74ACC51,3,3,"Lunge(1)>Attack>DashLeft>Lunge(0)>MoveForward>Lunge(0)>MoveForward>MoveLeft>MoveLeft>MoveLeft>Jump>Wait",0,34.000,2,4,3,1,7.741,0,2.396,True,44.670,7.664,0,180,170.274,96.000,-6.132,260.142,74.417,25C3D3AC710D2707,True,3,False,False,""
S3,S-v2-dense,2-difficulty,안정형-2입력난이도,0.000,2.200,0.800,True,1.9,1,833B65CAE74ACC51,4,1,"Lunge(1)>Attack>DashLeft>Lunge(0)>MoveForward>Lunge(0)>MoveForward>MoveLeft>MoveLeft>MoveLeft>Jump>Jump",0,34.000,2,4,3,1,7.741,0,3.958,True,49.357,8.464,0,180,180.586,96.000,-6.772,269.815,70.944,00C37FB57260FDDE,True,1,True,False,"Beam 1위와 안정형 관측 추천 일치"
S3,S-v2-dense,2-difficulty,안정형-2입력난이도,0.000,2.200,0.800,True,1.9,1,833B65CAE74ACC51,4,2,"Lunge(1)>Attack>DashLeft>Lunge(0)>MoveForward>Lunge(0)>MoveForward>MoveLeft>MoveLeft>MoveRight>Jump>Jump",0,34.000,2,4,3,1,7.741,0,3.958,True,49.357,8.464,0,180,180.586,96.000,-6.772,269.815,70.944,78F22063AA6C9472,True,2,False,False,""
S3,S-v2-dense,2-difficulty,안정형-2입력난이도,0.000,2.200,0.800,True,1.9,1,833B65CAE74ACC51,4,3,"Lunge(1)>Attack>DashLeft>Lunge(0)>MoveForward>Lunge(0)>MoveForward>MoveLeft>MoveLeft>MoveLeft>Jump>Wait",0,34.000,2,4,3,1,7.741,0,2.396,True,44.670,7.664,0,180,170.274,96.000,-6.132,260.142,70.944,25C3D3AC710D2707,True,3,False,False,""
S3,S-v2-dense,2-difficulty,안정형-2입력난이도,0.000,2.200,0.800,True,1.9,1,833B65CAE74ACC51,5,1,"Lunge(1)>Attack>DashLeft>Lunge(0)>MoveForward>Lunge(0)>MoveForward>MoveLeft>MoveLeft>MoveLeft>Jump>Jump",0,34.000,2,4,3,1,7.741,0,3.958,True,49.357,8.464,0,180,180.586,96.000,-6.772,269.815,71.163,00C37FB57260FDDE,True,1,True,False,"Beam 1위와 안정형 관측 추천 일치"
S3,S-v2-dense,2-difficulty,안정형-2입력난이도,0.000,2.200,0.800,True,1.9,1,833B65CAE74ACC51,5,2,"Lunge(1)>Attack>DashLeft>Lunge(0)>MoveForward>Lunge(0)>MoveForward>MoveLeft>MoveLeft>MoveRight>Jump>Jump",0,34.000,2,4,3,1,7.741,0,3.958,True,49.357,8.464,0,180,180.586,96.000,-6.772,269.815,71.163,78F22063AA6C9472,True,2,False,False,""
S3,S-v2-dense,2-difficulty,안정형-2입력난이도,0.000,2.200,0.800,True,1.9,1,833B65CAE74ACC51,5,3,"Lunge(1)>Attack>DashLeft>Lunge(0)>MoveForward>Lunge(0)>MoveForward>MoveLeft>MoveLeft>MoveLeft>Jump>Wait",0,34.000,2,4,3,1,7.741,0,2.396,True,44.670,7.664,0,180,170.274,96.000,-6.132,260.142,71.163,25C3D3AC710D2707,True,3,False,False,""
S3,S-v2-dense,2-difficulty,안정형-2입력난이도,0.000,2.200,0.800,True,1.9,1,833B65CAE74ACC51,6,1,"Lunge(1)>Attack>DashLeft>Lunge(0)>MoveForward>Lunge(0)>MoveForward>MoveLeft>MoveLeft>MoveLeft>Jump>Jump",0,34.000,2,4,3,1,7.741,0,3.958,True,49.357,8.464,0,180,180.586,96.000,-6.772,269.815,70.655,00C37FB57260FDDE,True,1,True,False,"Beam 1위와 안정형 관측 추천 일치"
S3,S-v2-dense,2-difficulty,안정형-2입력난이도,0.000,2.200,0.800,True,1.9,1,833B65CAE74ACC51,6,2,"Lunge(1)>Attack>DashLeft>Lunge(0)>MoveForward>Lunge(0)>MoveForward>MoveLeft>MoveLeft>MoveRight>Jump>Jump",0,34.000,2,4,3,1,7.741,0,3.958,True,49.357,8.464,0,180,180.586,96.000,-6.772,269.815,70.655,78F22063AA6C9472,True,2,False,False,""
S3,S-v2-dense,2-difficulty,안정형-2입력난이도,0.000,2.200,0.800,True,1.9,1,833B65CAE74ACC51,6,3,"Lunge(1)>Attack>DashLeft>Lunge(0)>MoveForward>Lunge(0)>MoveForward>MoveLeft>MoveLeft>MoveLeft>Jump>Wait",0,34.000,2,4,3,1,7.741,0,2.396,True,44.670,7.664,0,180,170.274,96.000,-6.132,260.142,70.655,25C3D3AC710D2707,True,3,False,False,""
S3,S-v2-dense,2-difficulty,안정형-2입력난이도,0.000,2.200,0.800,True,1.9,1,833B65CAE74ACC51,7,1,"Lunge(1)>Attack>DashLeft>Lunge(0)>MoveForward>Lunge(0)>MoveForward>MoveLeft>MoveLeft>MoveLeft>Jump>Jump",0,34.000,2,4,3,1,7.741,0,3.958,True,49.357,8.464,0,180,180.586,96.000,-6.772,269.815,81.157,00C37FB57260FDDE,True,1,True,False,"Beam 1위와 안정형 관측 추천 일치"
S3,S-v2-dense,2-difficulty,안정형-2입력난이도,0.000,2.200,0.800,True,1.9,1,833B65CAE74ACC51,7,2,"Lunge(1)>Attack>DashLeft>Lunge(0)>MoveForward>Lunge(0)>MoveForward>MoveLeft>MoveLeft>MoveRight>Jump>Jump",0,34.000,2,4,3,1,7.741,0,3.958,True,49.357,8.464,0,180,180.586,96.000,-6.772,269.815,81.157,78F22063AA6C9472,True,2,False,False,""
S3,S-v2-dense,2-difficulty,안정형-2입력난이도,0.000,2.200,0.800,True,1.9,1,833B65CAE74ACC51,7,3,"Lunge(1)>Attack>DashLeft>Lunge(0)>MoveForward>Lunge(0)>MoveForward>MoveLeft>MoveLeft>MoveLeft>Jump>Wait",0,34.000,2,4,3,1,7.741,0,2.396,True,44.670,7.664,0,180,170.274,96.000,-6.132,260.142,81.157,25C3D3AC710D2707,True,3,False,False,""
S3,S-v2-dense,2-difficulty,안정형-2입력난이도,0.000,2.200,0.800,True,1.9,1,833B65CAE74ACC51,8,1,"Lunge(1)>Attack>DashLeft>Lunge(0)>MoveForward>Lunge(0)>MoveForward>MoveLeft>MoveLeft>MoveLeft>Jump>Jump",0,34.000,2,4,3,1,7.741,0,3.958,True,49.357,8.464,0,180,180.586,96.000,-6.772,269.815,75.451,00C37FB57260FDDE,True,1,True,False,"Beam 1위와 안정형 관측 추천 일치"
S3,S-v2-dense,2-difficulty,안정형-2입력난이도,0.000,2.200,0.800,True,1.9,1,833B65CAE74ACC51,8,2,"Lunge(1)>Attack>DashLeft>Lunge(0)>MoveForward>Lunge(0)>MoveForward>MoveLeft>MoveLeft>MoveRight>Jump>Jump",0,34.000,2,4,3,1,7.741,0,3.958,True,49.357,8.464,0,180,180.586,96.000,-6.772,269.815,75.451,78F22063AA6C9472,True,2,False,False,""
S3,S-v2-dense,2-difficulty,안정형-2입력난이도,0.000,2.200,0.800,True,1.9,1,833B65CAE74ACC51,8,3,"Lunge(1)>Attack>DashLeft>Lunge(0)>MoveForward>Lunge(0)>MoveForward>MoveLeft>MoveLeft>MoveLeft>Jump>Wait",0,34.000,2,4,3,1,7.741,0,2.396,True,44.670,7.664,0,180,170.274,96.000,-6.132,260.142,75.451,25C3D3AC710D2707,True,3,False,False,""
S3,S-v2-dense,2-difficulty,안정형-2입력난이도,0.000,2.200,0.800,True,1.9,1,833B65CAE74ACC51,9,1,"Lunge(1)>Attack>DashLeft>Lunge(0)>MoveForward>Lunge(0)>MoveForward>MoveLeft>MoveLeft>MoveLeft>Jump>Jump",0,34.000,2,4,3,1,7.741,0,3.958,True,49.357,8.464,0,180,180.586,96.000,-6.772,269.815,77.110,00C37FB57260FDDE,True,1,True,False,"Beam 1위와 안정형 관측 추천 일치"
S3,S-v2-dense,2-difficulty,안정형-2입력난이도,0.000,2.200,0.800,True,1.9,1,833B65CAE74ACC51,9,2,"Lunge(1)>Attack>DashLeft>Lunge(0)>MoveForward>Lunge(0)>MoveForward>MoveLeft>MoveLeft>MoveRight>Jump>Jump",0,34.000,2,4,3,1,7.741,0,3.958,True,49.357,8.464,0,180,180.586,96.000,-6.772,269.815,77.110,78F22063AA6C9472,True,2,False,False,""
S3,S-v2-dense,2-difficulty,안정형-2입력난이도,0.000,2.200,0.800,True,1.9,1,833B65CAE74ACC51,9,3,"Lunge(1)>Attack>DashLeft>Lunge(0)>MoveForward>Lunge(0)>MoveForward>MoveLeft>MoveLeft>MoveLeft>Jump>Wait",0,34.000,2,4,3,1,7.741,0,2.396,True,44.670,7.664,0,180,170.274,96.000,-6.132,260.142,77.110,25C3D3AC710D2707,True,3,False,False,""
S3,S-v2-dense,2-difficulty,안정형-2입력난이도,0.000,2.200,0.800,True,1.9,1,833B65CAE74ACC51,10,1,"Lunge(1)>Attack>DashLeft>Lunge(0)>MoveForward>Lunge(0)>MoveForward>MoveLeft>MoveLeft>MoveLeft>Jump>Jump",0,34.000,2,4,3,1,7.741,0,3.958,True,49.357,8.464,0,180,180.586,96.000,-6.772,269.815,75.781,00C37FB57260FDDE,True,1,True,False,"Beam 1위와 안정형 관측 추천 일치"
S3,S-v2-dense,2-difficulty,안정형-2입력난이도,0.000,2.200,0.800,True,1.9,1,833B65CAE74ACC51,10,2,"Lunge(1)>Attack>DashLeft>Lunge(0)>MoveForward>Lunge(0)>MoveForward>MoveLeft>MoveLeft>MoveRight>Jump>Jump",0,34.000,2,4,3,1,7.741,0,3.958,True,49.357,8.464,0,180,180.586,96.000,-6.772,269.815,75.781,78F22063AA6C9472,True,2,False,False,""
S3,S-v2-dense,2-difficulty,안정형-2입력난이도,0.000,2.200,0.800,True,1.9,1,833B65CAE74ACC51,10,3,"Lunge(1)>Attack>DashLeft>Lunge(0)>MoveForward>Lunge(0)>MoveForward>MoveLeft>MoveLeft>MoveLeft>Jump>Wait",0,34.000,2,4,3,1,7.741,0,2.396,True,44.670,7.664,0,180,170.274,96.000,-6.132,260.142,75.781,25C3D3AC710D2707,True,3,False,False,""
S4,S-v2-dense,2-difficulty,안정형-2입력난이도,0.000,2.200,0.800,True,1.9,1,9C3D2FC112BA32D1,1,1,"LungeStrike(0)>DashRight>Lunge(10)>Attack>Retreat>Attack>Retreat>Lunge(11)>Attack>Retreat>Attack>DashBackward",0,34.000,6,13,12,6,6.922,0,0.000,True,37.345,9.186,0,180,154.159,192.000,-7.348,338.810,354.700,75D489C7ECDBCDF0,True,2,False,True,""
S4,S-v2-dense,2-difficulty,안정형-2입력난이도,0.000,2.200,0.800,True,1.9,1,9C3D2FC112BA32D1,1,2,"LungeStrike(0)>DashRight>Lunge(10)>Attack>Retreat>Attack>Retreat>Lunge(11)>Attack>Retreat>Attack>DashRight",0,34.000,6,13,12,6,6.033,0,0.000,True,35.565,9.186,0,180,150.244,192.000,-7.348,334.896,354.700,A6A0785E466BA79E,True,3,False,True,""
S4,S-v2-dense,2-difficulty,안정형-2입력난이도,0.000,2.200,0.800,True,1.9,1,9C3D2FC112BA32D1,1,3,"LungeStrike(0)>DashRight>Lunge(10)>Attack>Retreat>Attack>Retreat>Lunge(11)>Attack>DashLeft>Lunge(4)>DashBackward",0,34.000,5,12,12,7,7.662,0,0.000,True,38.324,10.643,0,180,156.312,173.000,-8.514,320.798,354.700,61A3F7082C9A4164,True,1,True,True,"종료 안전도와 퇴로 우세"
S4,S-v2-dense,2-difficulty,안정형-2입력난이도,0.000,2.200,0.800,True,1.9,1,9C3D2FC112BA32D1,2,1,"LungeStrike(0)>DashRight>Lunge(10)>Attack>Retreat>Attack>Retreat>Lunge(11)>Attack>Retreat>Attack>DashBackward",0,34.000,6,13,12,6,6.922,0,0.000,True,37.345,9.186,0,180,154.159,192.000,-7.348,338.810,330.828,75D489C7ECDBCDF0,True,2,False,True,""
S4,S-v2-dense,2-difficulty,안정형-2입력난이도,0.000,2.200,0.800,True,1.9,1,9C3D2FC112BA32D1,2,2,"LungeStrike(0)>DashRight>Lunge(10)>Attack>Retreat>Attack>Retreat>Lunge(11)>Attack>Retreat>Attack>DashRight",0,34.000,6,13,12,6,6.033,0,0.000,True,35.565,9.186,0,180,150.244,192.000,-7.348,334.896,330.828,A6A0785E466BA79E,True,3,False,True,""
S4,S-v2-dense,2-difficulty,안정형-2입력난이도,0.000,2.200,0.800,True,1.9,1,9C3D2FC112BA32D1,2,3,"LungeStrike(0)>DashRight>Lunge(10)>Attack>Retreat>Attack>Retreat>Lunge(11)>Attack>DashLeft>Lunge(4)>DashBackward",0,34.000,5,12,12,7,7.662,0,0.000,True,38.324,10.643,0,180,156.312,173.000,-8.514,320.798,330.828,61A3F7082C9A4164,True,1,True,True,"종료 안전도와 퇴로 우세"
S4,S-v2-dense,2-difficulty,안정형-2입력난이도,0.000,2.200,0.800,True,1.9,1,9C3D2FC112BA32D1,3,1,"LungeStrike(0)>DashRight>Lunge(10)>Attack>Retreat>Attack>Retreat>Lunge(11)>Attack>Retreat>Attack>DashBackward",0,34.000,6,13,12,6,6.922,0,0.000,True,37.345,9.186,0,180,154.159,192.000,-7.348,338.810,325.053,75D489C7ECDBCDF0,True,2,False,True,""
S4,S-v2-dense,2-difficulty,안정형-2입력난이도,0.000,2.200,0.800,True,1.9,1,9C3D2FC112BA32D1,3,2,"LungeStrike(0)>DashRight>Lunge(10)>Attack>Retreat>Attack>Retreat>Lunge(11)>Attack>Retreat>Attack>DashRight",0,34.000,6,13,12,6,6.033,0,0.000,True,35.565,9.186,0,180,150.244,192.000,-7.348,334.896,325.053,A6A0785E466BA79E,True,3,False,True,""
S4,S-v2-dense,2-difficulty,안정형-2입력난이도,0.000,2.200,0.800,True,1.9,1,9C3D2FC112BA32D1,3,3,"LungeStrike(0)>DashRight>Lunge(10)>Attack>Retreat>Attack>Retreat>Lunge(11)>Attack>DashLeft>Lunge(4)>DashBackward",0,34.000,5,12,12,7,7.662,0,0.000,True,38.324,10.643,0,180,156.312,173.000,-8.514,320.798,325.053,61A3F7082C9A4164,True,1,True,True,"종료 안전도와 퇴로 우세"
S4,S-v2-dense,2-difficulty,안정형-2입력난이도,0.000,2.200,0.800,True,1.9,1,9C3D2FC112BA32D1,4,1,"LungeStrike(0)>DashRight>Lunge(10)>Attack>Retreat>Attack>Retreat>Lunge(11)>Attack>Retreat>Attack>DashBackward",0,34.000,6,13,12,6,6.922,0,0.000,True,37.345,9.186,0,180,154.159,192.000,-7.348,338.810,354.839,75D489C7ECDBCDF0,True,2,False,True,""
S4,S-v2-dense,2-difficulty,안정형-2입력난이도,0.000,2.200,0.800,True,1.9,1,9C3D2FC112BA32D1,4,2,"LungeStrike(0)>DashRight>Lunge(10)>Attack>Retreat>Attack>Retreat>Lunge(11)>Attack>Retreat>Attack>DashRight",0,34.000,6,13,12,6,6.033,0,0.000,True,35.565,9.186,0,180,150.244,192.000,-7.348,334.896,354.839,A6A0785E466BA79E,True,3,False,True,""
S4,S-v2-dense,2-difficulty,안정형-2입력난이도,0.000,2.200,0.800,True,1.9,1,9C3D2FC112BA32D1,4,3,"LungeStrike(0)>DashRight>Lunge(10)>Attack>Retreat>Attack>Retreat>Lunge(11)>Attack>DashLeft>Lunge(4)>DashBackward",0,34.000,5,12,12,7,7.662,0,0.000,True,38.324,10.643,0,180,156.312,173.000,-8.514,320.798,354.839,61A3F7082C9A4164,True,1,True,True,"종료 안전도와 퇴로 우세"
S4,S-v2-dense,2-difficulty,안정형-2입력난이도,0.000,2.200,0.800,True,1.9,1,9C3D2FC112BA32D1,5,1,"LungeStrike(0)>DashRight>Lunge(10)>Attack>Retreat>Attack>Retreat>Lunge(11)>Attack>Retreat>Attack>DashBackward",0,34.000,6,13,12,6,6.922,0,0.000,True,37.345,9.186,0,180,154.159,192.000,-7.348,338.810,320.950,75D489C7ECDBCDF0,True,2,False,True,""
S4,S-v2-dense,2-difficulty,안정형-2입력난이도,0.000,2.200,0.800,True,1.9,1,9C3D2FC112BA32D1,5,2,"LungeStrike(0)>DashRight>Lunge(10)>Attack>Retreat>Attack>Retreat>Lunge(11)>Attack>Retreat>Attack>DashRight",0,34.000,6,13,12,6,6.033,0,0.000,True,35.565,9.186,0,180,150.244,192.000,-7.348,334.896,320.950,A6A0785E466BA79E,True,3,False,True,""
S4,S-v2-dense,2-difficulty,안정형-2입력난이도,0.000,2.200,0.800,True,1.9,1,9C3D2FC112BA32D1,5,3,"LungeStrike(0)>DashRight>Lunge(10)>Attack>Retreat>Attack>Retreat>Lunge(11)>Attack>DashLeft>Lunge(4)>DashBackward",0,34.000,5,12,12,7,7.662,0,0.000,True,38.324,10.643,0,180,156.312,173.000,-8.514,320.798,320.950,61A3F7082C9A4164,True,1,True,True,"종료 안전도와 퇴로 우세"
S4,S-v2-dense,2-difficulty,안정형-2입력난이도,0.000,2.200,0.800,True,1.9,1,9C3D2FC112BA32D1,6,1,"LungeStrike(0)>DashRight>Lunge(10)>Attack>Retreat>Attack>Retreat>Lunge(11)>Attack>Retreat>Attack>DashBackward",0,34.000,6,13,12,6,6.922,0,0.000,True,37.345,9.186,0,180,154.159,192.000,-7.348,338.810,322.621,75D489C7ECDBCDF0,True,2,False,True,""
S4,S-v2-dense,2-difficulty,안정형-2입력난이도,0.000,2.200,0.800,True,1.9,1,9C3D2FC112BA32D1,6,2,"LungeStrike(0)>DashRight>Lunge(10)>Attack>Retreat>Attack>Retreat>Lunge(11)>Attack>Retreat>Attack>DashRight",0,34.000,6,13,12,6,6.033,0,0.000,True,35.565,9.186,0,180,150.244,192.000,-7.348,334.896,322.621,A6A0785E466BA79E,True,3,False,True,""
S4,S-v2-dense,2-difficulty,안정형-2입력난이도,0.000,2.200,0.800,True,1.9,1,9C3D2FC112BA32D1,6,3,"LungeStrike(0)>DashRight>Lunge(10)>Attack>Retreat>Attack>Retreat>Lunge(11)>Attack>DashLeft>Lunge(4)>DashBackward",0,34.000,5,12,12,7,7.662,0,0.000,True,38.324,10.643,0,180,156.312,173.000,-8.514,320.798,322.621,61A3F7082C9A4164,True,1,True,True,"종료 안전도와 퇴로 우세"
S4,S-v2-dense,2-difficulty,안정형-2입력난이도,0.000,2.200,0.800,True,1.9,1,9C3D2FC112BA32D1,7,1,"LungeStrike(0)>DashRight>Lunge(10)>Attack>Retreat>Attack>Retreat>Lunge(11)>Attack>Retreat>Attack>DashBackward",0,34.000,6,13,12,6,6.922,0,0.000,True,37.345,9.186,0,180,154.159,192.000,-7.348,338.810,360.598,75D489C7ECDBCDF0,True,2,False,True,""
S4,S-v2-dense,2-difficulty,안정형-2입력난이도,0.000,2.200,0.800,True,1.9,1,9C3D2FC112BA32D1,7,2,"LungeStrike(0)>DashRight>Lunge(10)>Attack>Retreat>Attack>Retreat>Lunge(11)>Attack>Retreat>Attack>DashRight",0,34.000,6,13,12,6,6.033,0,0.000,True,35.565,9.186,0,180,150.244,192.000,-7.348,334.896,360.598,A6A0785E466BA79E,True,3,False,True,""
S4,S-v2-dense,2-difficulty,안정형-2입력난이도,0.000,2.200,0.800,True,1.9,1,9C3D2FC112BA32D1,7,3,"LungeStrike(0)>DashRight>Lunge(10)>Attack>Retreat>Attack>Retreat>Lunge(11)>Attack>DashLeft>Lunge(4)>DashBackward",0,34.000,5,12,12,7,7.662,0,0.000,True,38.324,10.643,0,180,156.312,173.000,-8.514,320.798,360.598,61A3F7082C9A4164,True,1,True,True,"종료 안전도와 퇴로 우세"
S4,S-v2-dense,2-difficulty,안정형-2입력난이도,0.000,2.200,0.800,True,1.9,1,9C3D2FC112BA32D1,8,1,"LungeStrike(0)>DashRight>Lunge(10)>Attack>Retreat>Attack>Retreat>Lunge(11)>Attack>Retreat>Attack>DashBackward",0,34.000,6,13,12,6,6.922,0,0.000,True,37.345,9.186,0,180,154.159,192.000,-7.348,338.810,328.445,75D489C7ECDBCDF0,True,2,False,True,""
S4,S-v2-dense,2-difficulty,안정형-2입력난이도,0.000,2.200,0.800,True,1.9,1,9C3D2FC112BA32D1,8,2,"LungeStrike(0)>DashRight>Lunge(10)>Attack>Retreat>Attack>Retreat>Lunge(11)>Attack>Retreat>Attack>DashRight",0,34.000,6,13,12,6,6.033,0,0.000,True,35.565,9.186,0,180,150.244,192.000,-7.348,334.896,328.445,A6A0785E466BA79E,True,3,False,True,""
S4,S-v2-dense,2-difficulty,안정형-2입력난이도,0.000,2.200,0.800,True,1.9,1,9C3D2FC112BA32D1,8,3,"LungeStrike(0)>DashRight>Lunge(10)>Attack>Retreat>Attack>Retreat>Lunge(11)>Attack>DashLeft>Lunge(4)>DashBackward",0,34.000,5,12,12,7,7.662,0,0.000,True,38.324,10.643,0,180,156.312,173.000,-8.514,320.798,328.445,61A3F7082C9A4164,True,1,True,True,"종료 안전도와 퇴로 우세"
S4,S-v2-dense,2-difficulty,안정형-2입력난이도,0.000,2.200,0.800,True,1.9,1,9C3D2FC112BA32D1,9,1,"LungeStrike(0)>DashRight>Lunge(10)>Attack>Retreat>Attack>Retreat>Lunge(11)>Attack>Retreat>Attack>DashBackward",0,34.000,6,13,12,6,6.922,0,0.000,True,37.345,9.186,0,180,154.159,192.000,-7.348,338.810,319.542,75D489C7ECDBCDF0,True,2,False,True,""
S4,S-v2-dense,2-difficulty,안정형-2입력난이도,0.000,2.200,0.800,True,1.9,1,9C3D2FC112BA32D1,9,2,"LungeStrike(0)>DashRight>Lunge(10)>Attack>Retreat>Attack>Retreat>Lunge(11)>Attack>Retreat>Attack>DashRight",0,34.000,6,13,12,6,6.033,0,0.000,True,35.565,9.186,0,180,150.244,192.000,-7.348,334.896,319.542,A6A0785E466BA79E,True,3,False,True,""
S4,S-v2-dense,2-difficulty,안정형-2입력난이도,0.000,2.200,0.800,True,1.9,1,9C3D2FC112BA32D1,9,3,"LungeStrike(0)>DashRight>Lunge(10)>Attack>Retreat>Attack>Retreat>Lunge(11)>Attack>DashLeft>Lunge(4)>DashBackward",0,34.000,5,12,12,7,7.662,0,0.000,True,38.324,10.643,0,180,156.312,173.000,-8.514,320.798,319.542,61A3F7082C9A4164,True,1,True,True,"종료 안전도와 퇴로 우세"
S4,S-v2-dense,2-difficulty,안정형-2입력난이도,0.000,2.200,0.800,True,1.9,1,9C3D2FC112BA32D1,10,1,"LungeStrike(0)>DashRight>Lunge(10)>Attack>Retreat>Attack>Retreat>Lunge(11)>Attack>Retreat>Attack>DashBackward",0,34.000,6,13,12,6,6.922,0,0.000,True,37.345,9.186,0,180,154.159,192.000,-7.348,338.810,331.681,75D489C7ECDBCDF0,True,2,False,True,""
S4,S-v2-dense,2-difficulty,안정형-2입력난이도,0.000,2.200,0.800,True,1.9,1,9C3D2FC112BA32D1,10,2,"LungeStrike(0)>DashRight>Lunge(10)>Attack>Retreat>Attack>Retreat>Lunge(11)>Attack>Retreat>Attack>DashRight",0,34.000,6,13,12,6,6.033,0,0.000,True,35.565,9.186,0,180,150.244,192.000,-7.348,334.896,331.681,A6A0785E466BA79E,True,3,False,True,""
S4,S-v2-dense,2-difficulty,안정형-2입력난이도,0.000,2.200,0.800,True,1.9,1,9C3D2FC112BA32D1,10,3,"LungeStrike(0)>DashRight>Lunge(10)>Attack>Retreat>Attack>Retreat>Lunge(11)>Attack>DashLeft>Lunge(4)>DashBackward",0,34.000,5,12,12,7,7.662,0,0.000,True,38.324,10.643,0,180,156.312,173.000,-8.514,320.798,331.681,61A3F7082C9A4164,True,1,True,True,"종료 안전도와 퇴로 우세"
S1,S-v2-dense,3-current-final,안전형,0.700,2.200,0.800,False,1.9,1,AE579F8117AC15E3,1,1,"Lunge(11)>Attack>DashBackward>Lunge(5)>Attack>Retreat>Attack>DashBackward>Lunge(6)>Attack>Jump>DashBackward",11,29.000,5,10,12,7,7.171,0,2.396,True,43.530,9.685,0,180,167.766,185.300,-7.748,345.318,329.914,745478D4AA933ED1,True,1,True,False,"Beam 1위와 안정형 관측 추천 일치"
S1,S-v2-dense,3-current-final,안전형,0.700,2.200,0.800,False,1.9,1,AE579F8117AC15E3,1,2,"Lunge(11)>Attack>DashBackward>Lunge(5)>Attack>Retreat>Attack>DashBackward>Lunge(6)>Attack>DashBackward>Wait",11,29.000,5,10,12,7,9.061,0,0.000,True,41.000,8.885,0,180,162.200,185.300,-7.108,340.392,329.914,0C346FFD8E1A555E,True,2,False,False,""
S1,S-v2-dense,3-current-final,안전형,0.700,2.200,0.800,False,1.9,1,AE579F8117AC15E3,1,3,"Lunge(11)>Attack>DashBackward>Lunge(5)>Attack>Retreat>Attack>DashBackward>Lunge(6)>Attack>DashBackward>MoveForward",11,29.000,5,10,12,7,8.144,0,0.000,True,41.000,9.135,0,180,162.200,185.300,-7.308,340.192,329.914,5FABDCDB5B110241,True,3,False,False,""
S1,S-v2-dense,3-current-final,안전형,0.700,2.200,0.800,False,1.9,1,AE579F8117AC15E3,2,1,"Lunge(11)>Attack>DashBackward>Lunge(5)>Attack>Retreat>Attack>DashBackward>Lunge(6)>Attack>Jump>DashBackward",11,29.000,5,10,12,7,7.171,0,2.396,True,43.530,9.685,0,180,167.766,185.300,-7.748,345.318,355.128,745478D4AA933ED1,True,1,True,False,"Beam 1위와 안정형 관측 추천 일치"
S1,S-v2-dense,3-current-final,안전형,0.700,2.200,0.800,False,1.9,1,AE579F8117AC15E3,2,2,"Lunge(11)>Attack>DashBackward>Lunge(5)>Attack>Retreat>Attack>DashBackward>Lunge(6)>Attack>DashBackward>Wait",11,29.000,5,10,12,7,9.061,0,0.000,True,41.000,8.885,0,180,162.200,185.300,-7.108,340.392,355.128,0C346FFD8E1A555E,True,2,False,False,""
S1,S-v2-dense,3-current-final,안전형,0.700,2.200,0.800,False,1.9,1,AE579F8117AC15E3,2,3,"Lunge(11)>Attack>DashBackward>Lunge(5)>Attack>Retreat>Attack>DashBackward>Lunge(6)>Attack>DashBackward>MoveForward",11,29.000,5,10,12,7,8.144,0,0.000,True,41.000,9.135,0,180,162.200,185.300,-7.308,340.192,355.128,5FABDCDB5B110241,True,3,False,False,""
S1,S-v2-dense,3-current-final,안전형,0.700,2.200,0.800,False,1.9,1,AE579F8117AC15E3,3,1,"Lunge(11)>Attack>DashBackward>Lunge(5)>Attack>Retreat>Attack>DashBackward>Lunge(6)>Attack>Jump>DashBackward",11,29.000,5,10,12,7,7.171,0,2.396,True,43.530,9.685,0,180,167.766,185.300,-7.748,345.318,343.049,745478D4AA933ED1,True,1,True,False,"Beam 1위와 안정형 관측 추천 일치"
S1,S-v2-dense,3-current-final,안전형,0.700,2.200,0.800,False,1.9,1,AE579F8117AC15E3,3,2,"Lunge(11)>Attack>DashBackward>Lunge(5)>Attack>Retreat>Attack>DashBackward>Lunge(6)>Attack>DashBackward>Wait",11,29.000,5,10,12,7,9.061,0,0.000,True,41.000,8.885,0,180,162.200,185.300,-7.108,340.392,343.049,0C346FFD8E1A555E,True,2,False,False,""
S1,S-v2-dense,3-current-final,안전형,0.700,2.200,0.800,False,1.9,1,AE579F8117AC15E3,3,3,"Lunge(11)>Attack>DashBackward>Lunge(5)>Attack>Retreat>Attack>DashBackward>Lunge(6)>Attack>DashBackward>MoveForward",11,29.000,5,10,12,7,8.144,0,0.000,True,41.000,9.135,0,180,162.200,185.300,-7.308,340.192,343.049,5FABDCDB5B110241,True,3,False,False,""
S1,S-v2-dense,3-current-final,안전형,0.700,2.200,0.800,False,1.9,1,AE579F8117AC15E3,4,1,"Lunge(11)>Attack>DashBackward>Lunge(5)>Attack>Retreat>Attack>DashBackward>Lunge(6)>Attack>Jump>DashBackward",11,29.000,5,10,12,7,7.171,0,2.396,True,43.530,9.685,0,180,167.766,185.300,-7.748,345.318,336.896,745478D4AA933ED1,True,1,True,False,"Beam 1위와 안정형 관측 추천 일치"
S1,S-v2-dense,3-current-final,안전형,0.700,2.200,0.800,False,1.9,1,AE579F8117AC15E3,4,2,"Lunge(11)>Attack>DashBackward>Lunge(5)>Attack>Retreat>Attack>DashBackward>Lunge(6)>Attack>DashBackward>Wait",11,29.000,5,10,12,7,9.061,0,0.000,True,41.000,8.885,0,180,162.200,185.300,-7.108,340.392,336.896,0C346FFD8E1A555E,True,2,False,False,""
S1,S-v2-dense,3-current-final,안전형,0.700,2.200,0.800,False,1.9,1,AE579F8117AC15E3,4,3,"Lunge(11)>Attack>DashBackward>Lunge(5)>Attack>Retreat>Attack>DashBackward>Lunge(6)>Attack>DashBackward>MoveForward",11,29.000,5,10,12,7,8.144,0,0.000,True,41.000,9.135,0,180,162.200,185.300,-7.308,340.192,336.896,5FABDCDB5B110241,True,3,False,False,""
S1,S-v2-dense,3-current-final,안전형,0.700,2.200,0.800,False,1.9,1,AE579F8117AC15E3,5,1,"Lunge(11)>Attack>DashBackward>Lunge(5)>Attack>Retreat>Attack>DashBackward>Lunge(6)>Attack>Jump>DashBackward",11,29.000,5,10,12,7,7.171,0,2.396,True,43.530,9.685,0,180,167.766,185.300,-7.748,345.318,401.094,745478D4AA933ED1,True,1,True,False,"Beam 1위와 안정형 관측 추천 일치"
S1,S-v2-dense,3-current-final,안전형,0.700,2.200,0.800,False,1.9,1,AE579F8117AC15E3,5,2,"Lunge(11)>Attack>DashBackward>Lunge(5)>Attack>Retreat>Attack>DashBackward>Lunge(6)>Attack>DashBackward>Wait",11,29.000,5,10,12,7,9.061,0,0.000,True,41.000,8.885,0,180,162.200,185.300,-7.108,340.392,401.094,0C346FFD8E1A555E,True,2,False,False,""
S1,S-v2-dense,3-current-final,안전형,0.700,2.200,0.800,False,1.9,1,AE579F8117AC15E3,5,3,"Lunge(11)>Attack>DashBackward>Lunge(5)>Attack>Retreat>Attack>DashBackward>Lunge(6)>Attack>DashBackward>MoveForward",11,29.000,5,10,12,7,8.144,0,0.000,True,41.000,9.135,0,180,162.200,185.300,-7.308,340.192,401.094,5FABDCDB5B110241,True,3,False,False,""
S1,S-v2-dense,3-current-final,안전형,0.700,2.200,0.800,False,1.9,1,AE579F8117AC15E3,6,1,"Lunge(11)>Attack>DashBackward>Lunge(5)>Attack>Retreat>Attack>DashBackward>Lunge(6)>Attack>Jump>DashBackward",11,29.000,5,10,12,7,7.171,0,2.396,True,43.530,9.685,0,180,167.766,185.300,-7.748,345.318,331.306,745478D4AA933ED1,True,1,True,False,"Beam 1위와 안정형 관측 추천 일치"
S1,S-v2-dense,3-current-final,안전형,0.700,2.200,0.800,False,1.9,1,AE579F8117AC15E3,6,2,"Lunge(11)>Attack>DashBackward>Lunge(5)>Attack>Retreat>Attack>DashBackward>Lunge(6)>Attack>DashBackward>Wait",11,29.000,5,10,12,7,9.061,0,0.000,True,41.000,8.885,0,180,162.200,185.300,-7.108,340.392,331.306,0C346FFD8E1A555E,True,2,False,False,""
S1,S-v2-dense,3-current-final,안전형,0.700,2.200,0.800,False,1.9,1,AE579F8117AC15E3,6,3,"Lunge(11)>Attack>DashBackward>Lunge(5)>Attack>Retreat>Attack>DashBackward>Lunge(6)>Attack>DashBackward>MoveForward",11,29.000,5,10,12,7,8.144,0,0.000,True,41.000,9.135,0,180,162.200,185.300,-7.308,340.192,331.306,5FABDCDB5B110241,True,3,False,False,""
S1,S-v2-dense,3-current-final,안전형,0.700,2.200,0.800,False,1.9,1,AE579F8117AC15E3,7,1,"Lunge(11)>Attack>DashBackward>Lunge(5)>Attack>Retreat>Attack>DashBackward>Lunge(6)>Attack>Jump>DashBackward",11,29.000,5,10,12,7,7.171,0,2.396,True,43.530,9.685,0,180,167.766,185.300,-7.748,345.318,344.391,745478D4AA933ED1,True,1,True,False,"Beam 1위와 안정형 관측 추천 일치"
S1,S-v2-dense,3-current-final,안전형,0.700,2.200,0.800,False,1.9,1,AE579F8117AC15E3,7,2,"Lunge(11)>Attack>DashBackward>Lunge(5)>Attack>Retreat>Attack>DashBackward>Lunge(6)>Attack>DashBackward>Wait",11,29.000,5,10,12,7,9.061,0,0.000,True,41.000,8.885,0,180,162.200,185.300,-7.108,340.392,344.391,0C346FFD8E1A555E,True,2,False,False,""
S1,S-v2-dense,3-current-final,안전형,0.700,2.200,0.800,False,1.9,1,AE579F8117AC15E3,7,3,"Lunge(11)>Attack>DashBackward>Lunge(5)>Attack>Retreat>Attack>DashBackward>Lunge(6)>Attack>DashBackward>MoveForward",11,29.000,5,10,12,7,8.144,0,0.000,True,41.000,9.135,0,180,162.200,185.300,-7.308,340.192,344.391,5FABDCDB5B110241,True,3,False,False,""
S1,S-v2-dense,3-current-final,안전형,0.700,2.200,0.800,False,1.9,1,AE579F8117AC15E3,8,1,"Lunge(11)>Attack>DashBackward>Lunge(5)>Attack>Retreat>Attack>DashBackward>Lunge(6)>Attack>Jump>DashBackward",11,29.000,5,10,12,7,7.171,0,2.396,True,43.530,9.685,0,180,167.766,185.300,-7.748,345.318,337.889,745478D4AA933ED1,True,1,True,False,"Beam 1위와 안정형 관측 추천 일치"
S1,S-v2-dense,3-current-final,안전형,0.700,2.200,0.800,False,1.9,1,AE579F8117AC15E3,8,2,"Lunge(11)>Attack>DashBackward>Lunge(5)>Attack>Retreat>Attack>DashBackward>Lunge(6)>Attack>DashBackward>Wait",11,29.000,5,10,12,7,9.061,0,0.000,True,41.000,8.885,0,180,162.200,185.300,-7.108,340.392,337.889,0C346FFD8E1A555E,True,2,False,False,""
S1,S-v2-dense,3-current-final,안전형,0.700,2.200,0.800,False,1.9,1,AE579F8117AC15E3,8,3,"Lunge(11)>Attack>DashBackward>Lunge(5)>Attack>Retreat>Attack>DashBackward>Lunge(6)>Attack>DashBackward>MoveForward",11,29.000,5,10,12,7,8.144,0,0.000,True,41.000,9.135,0,180,162.200,185.300,-7.308,340.192,337.889,5FABDCDB5B110241,True,3,False,False,""
S1,S-v2-dense,3-current-final,안전형,0.700,2.200,0.800,False,1.9,1,AE579F8117AC15E3,9,1,"Lunge(11)>Attack>DashBackward>Lunge(5)>Attack>Retreat>Attack>DashBackward>Lunge(6)>Attack>Jump>DashBackward",11,29.000,5,10,12,7,7.171,0,2.396,True,43.530,9.685,0,180,167.766,185.300,-7.748,345.318,347.048,745478D4AA933ED1,True,1,True,False,"Beam 1위와 안정형 관측 추천 일치"
S1,S-v2-dense,3-current-final,안전형,0.700,2.200,0.800,False,1.9,1,AE579F8117AC15E3,9,2,"Lunge(11)>Attack>DashBackward>Lunge(5)>Attack>Retreat>Attack>DashBackward>Lunge(6)>Attack>DashBackward>Wait",11,29.000,5,10,12,7,9.061,0,0.000,True,41.000,8.885,0,180,162.200,185.300,-7.108,340.392,347.048,0C346FFD8E1A555E,True,2,False,False,""
S1,S-v2-dense,3-current-final,안전형,0.700,2.200,0.800,False,1.9,1,AE579F8117AC15E3,9,3,"Lunge(11)>Attack>DashBackward>Lunge(5)>Attack>Retreat>Attack>DashBackward>Lunge(6)>Attack>DashBackward>MoveForward",11,29.000,5,10,12,7,8.144,0,0.000,True,41.000,9.135,0,180,162.200,185.300,-7.308,340.192,347.048,5FABDCDB5B110241,True,3,False,False,""
S1,S-v2-dense,3-current-final,안전형,0.700,2.200,0.800,False,1.9,1,AE579F8117AC15E3,10,1,"Lunge(11)>Attack>DashBackward>Lunge(5)>Attack>Retreat>Attack>DashBackward>Lunge(6)>Attack>Jump>DashBackward",11,29.000,5,10,12,7,7.171,0,2.396,True,43.530,9.685,0,180,167.766,185.300,-7.748,345.318,341.834,745478D4AA933ED1,True,1,True,False,"Beam 1위와 안정형 관측 추천 일치"
S1,S-v2-dense,3-current-final,안전형,0.700,2.200,0.800,False,1.9,1,AE579F8117AC15E3,10,2,"Lunge(11)>Attack>DashBackward>Lunge(5)>Attack>Retreat>Attack>DashBackward>Lunge(6)>Attack>DashBackward>Wait",11,29.000,5,10,12,7,9.061,0,0.000,True,41.000,8.885,0,180,162.200,185.300,-7.108,340.392,341.834,0C346FFD8E1A555E,True,2,False,False,""
S1,S-v2-dense,3-current-final,안전형,0.700,2.200,0.800,False,1.9,1,AE579F8117AC15E3,10,3,"Lunge(11)>Attack>DashBackward>Lunge(5)>Attack>Retreat>Attack>DashBackward>Lunge(6)>Attack>DashBackward>MoveForward",11,29.000,5,10,12,7,8.144,0,0.000,True,41.000,9.135,0,180,162.200,185.300,-7.308,340.192,341.834,5FABDCDB5B110241,True,3,False,False,""
S2,S-v2-dense,3-current-final,안전형,0.700,2.200,0.800,False,1.9,1,A674B231EB5B1DA4,1,1,"Lunge(6)>Attack>DashForward>Lunge(0)>Attack>Retreat>Wait>MoveRight>Wait>Lunge(5)>DashBackward>Wait",6,34.000,3,8,14,11,9.113,0,0.000,True,41.000,7.485,0,180,160.200,150.800,-5.988,305.012,525.135,2C52B5BF63733AFE,True,1,True,False,"Beam 1위와 안정형 관측 추천 일치"
S2,S-v2-dense,3-current-final,안전형,0.700,2.200,0.800,False,1.9,1,A674B231EB5B1DA4,1,2,"Lunge(6)>Attack>DashForward>Lunge(0)>Attack>Wait>Retreat>Retreat>Wait>Lunge(5)>DashBackward>Wait",6,34.000,3,8,14,11,9.124,0,0.000,True,41.000,7.485,0,180,160.200,150.800,-5.988,305.012,525.135,915114E7F0CC26BE,True,2,False,False,""
S2,S-v2-dense,3-current-final,안전형,0.700,2.200,0.800,False,1.9,1,A674B231EB5B1DA4,1,3,"Lunge(6)>Attack>DashForward>Lunge(0)>Attack>Retreat>Wait>MoveRight>Wait>Lunge(5)>DashBackward>MoveForward",6,34.000,3,8,14,11,8.200,0,0.000,True,41.000,7.735,0,180,160.200,150.800,-6.188,304.812,525.135,EAF5C50A80C0728F,True,3,False,False,""
S2,S-v2-dense,3-current-final,안전형,0.700,2.200,0.800,False,1.9,1,A674B231EB5B1DA4,2,1,"Lunge(6)>Attack>DashForward>Lunge(0)>Attack>Retreat>Wait>MoveRight>Wait>Lunge(5)>DashBackward>Wait",6,34.000,3,8,14,11,9.113,0,0.000,True,41.000,7.485,0,180,160.200,150.800,-5.988,305.012,511.083,2C52B5BF63733AFE,True,1,True,False,"Beam 1위와 안정형 관측 추천 일치"
S2,S-v2-dense,3-current-final,안전형,0.700,2.200,0.800,False,1.9,1,A674B231EB5B1DA4,2,2,"Lunge(6)>Attack>DashForward>Lunge(0)>Attack>Wait>Retreat>Retreat>Wait>Lunge(5)>DashBackward>Wait",6,34.000,3,8,14,11,9.124,0,0.000,True,41.000,7.485,0,180,160.200,150.800,-5.988,305.012,511.083,915114E7F0CC26BE,True,2,False,False,""
S2,S-v2-dense,3-current-final,안전형,0.700,2.200,0.800,False,1.9,1,A674B231EB5B1DA4,2,3,"Lunge(6)>Attack>DashForward>Lunge(0)>Attack>Retreat>Wait>MoveRight>Wait>Lunge(5)>DashBackward>MoveForward",6,34.000,3,8,14,11,8.200,0,0.000,True,41.000,7.735,0,180,160.200,150.800,-6.188,304.812,511.083,EAF5C50A80C0728F,True,3,False,False,""
S2,S-v2-dense,3-current-final,안전형,0.700,2.200,0.800,False,1.9,1,A674B231EB5B1DA4,3,1,"Lunge(6)>Attack>DashForward>Lunge(0)>Attack>Retreat>Wait>MoveRight>Wait>Lunge(5)>DashBackward>Wait",6,34.000,3,8,14,11,9.113,0,0.000,True,41.000,7.485,0,180,160.200,150.800,-5.988,305.012,507.657,2C52B5BF63733AFE,True,1,True,False,"Beam 1위와 안정형 관측 추천 일치"
S2,S-v2-dense,3-current-final,안전형,0.700,2.200,0.800,False,1.9,1,A674B231EB5B1DA4,3,2,"Lunge(6)>Attack>DashForward>Lunge(0)>Attack>Wait>Retreat>Retreat>Wait>Lunge(5)>DashBackward>Wait",6,34.000,3,8,14,11,9.124,0,0.000,True,41.000,7.485,0,180,160.200,150.800,-5.988,305.012,507.657,915114E7F0CC26BE,True,2,False,False,""
S2,S-v2-dense,3-current-final,안전형,0.700,2.200,0.800,False,1.9,1,A674B231EB5B1DA4,3,3,"Lunge(6)>Attack>DashForward>Lunge(0)>Attack>Retreat>Wait>MoveRight>Wait>Lunge(5)>DashBackward>MoveForward",6,34.000,3,8,14,11,8.200,0,0.000,True,41.000,7.735,0,180,160.200,150.800,-6.188,304.812,507.657,EAF5C50A80C0728F,True,3,False,False,""
S2,S-v2-dense,3-current-final,안전형,0.700,2.200,0.800,False,1.9,1,A674B231EB5B1DA4,4,1,"Lunge(6)>Attack>DashForward>Lunge(0)>Attack>Retreat>Wait>MoveRight>Wait>Lunge(5)>DashBackward>Wait",6,34.000,3,8,14,11,9.113,0,0.000,True,41.000,7.485,0,180,160.200,150.800,-5.988,305.012,501.532,2C52B5BF63733AFE,True,1,True,False,"Beam 1위와 안정형 관측 추천 일치"
S2,S-v2-dense,3-current-final,안전형,0.700,2.200,0.800,False,1.9,1,A674B231EB5B1DA4,4,2,"Lunge(6)>Attack>DashForward>Lunge(0)>Attack>Wait>Retreat>Retreat>Wait>Lunge(5)>DashBackward>Wait",6,34.000,3,8,14,11,9.124,0,0.000,True,41.000,7.485,0,180,160.200,150.800,-5.988,305.012,501.532,915114E7F0CC26BE,True,2,False,False,""
S2,S-v2-dense,3-current-final,안전형,0.700,2.200,0.800,False,1.9,1,A674B231EB5B1DA4,4,3,"Lunge(6)>Attack>DashForward>Lunge(0)>Attack>Retreat>Wait>MoveRight>Wait>Lunge(5)>DashBackward>MoveForward",6,34.000,3,8,14,11,8.200,0,0.000,True,41.000,7.735,0,180,160.200,150.800,-6.188,304.812,501.532,EAF5C50A80C0728F,True,3,False,False,""
S2,S-v2-dense,3-current-final,안전형,0.700,2.200,0.800,False,1.9,1,A674B231EB5B1DA4,5,1,"Lunge(6)>Attack>DashForward>Lunge(0)>Attack>Retreat>Wait>MoveRight>Wait>Lunge(5)>DashBackward>Wait",6,34.000,3,8,14,11,9.113,0,0.000,True,41.000,7.485,0,180,160.200,150.800,-5.988,305.012,537.198,2C52B5BF63733AFE,True,1,True,False,"Beam 1위와 안정형 관측 추천 일치"
S2,S-v2-dense,3-current-final,안전형,0.700,2.200,0.800,False,1.9,1,A674B231EB5B1DA4,5,2,"Lunge(6)>Attack>DashForward>Lunge(0)>Attack>Wait>Retreat>Retreat>Wait>Lunge(5)>DashBackward>Wait",6,34.000,3,8,14,11,9.124,0,0.000,True,41.000,7.485,0,180,160.200,150.800,-5.988,305.012,537.198,915114E7F0CC26BE,True,2,False,False,""
S2,S-v2-dense,3-current-final,안전형,0.700,2.200,0.800,False,1.9,1,A674B231EB5B1DA4,5,3,"Lunge(6)>Attack>DashForward>Lunge(0)>Attack>Retreat>Wait>MoveRight>Wait>Lunge(5)>DashBackward>MoveForward",6,34.000,3,8,14,11,8.200,0,0.000,True,41.000,7.735,0,180,160.200,150.800,-6.188,304.812,537.198,EAF5C50A80C0728F,True,3,False,False,""
S2,S-v2-dense,3-current-final,안전형,0.700,2.200,0.800,False,1.9,1,A674B231EB5B1DA4,6,1,"Lunge(6)>Attack>DashForward>Lunge(0)>Attack>Retreat>Wait>MoveRight>Wait>Lunge(5)>DashBackward>Wait",6,34.000,3,8,14,11,9.113,0,0.000,True,41.000,7.485,0,180,160.200,150.800,-5.988,305.012,505.252,2C52B5BF63733AFE,True,1,True,False,"Beam 1위와 안정형 관측 추천 일치"
S2,S-v2-dense,3-current-final,안전형,0.700,2.200,0.800,False,1.9,1,A674B231EB5B1DA4,6,2,"Lunge(6)>Attack>DashForward>Lunge(0)>Attack>Wait>Retreat>Retreat>Wait>Lunge(5)>DashBackward>Wait",6,34.000,3,8,14,11,9.124,0,0.000,True,41.000,7.485,0,180,160.200,150.800,-5.988,305.012,505.252,915114E7F0CC26BE,True,2,False,False,""
S2,S-v2-dense,3-current-final,안전형,0.700,2.200,0.800,False,1.9,1,A674B231EB5B1DA4,6,3,"Lunge(6)>Attack>DashForward>Lunge(0)>Attack>Retreat>Wait>MoveRight>Wait>Lunge(5)>DashBackward>MoveForward",6,34.000,3,8,14,11,8.200,0,0.000,True,41.000,7.735,0,180,160.200,150.800,-6.188,304.812,505.252,EAF5C50A80C0728F,True,3,False,False,""
S2,S-v2-dense,3-current-final,안전형,0.700,2.200,0.800,False,1.9,1,A674B231EB5B1DA4,7,1,"Lunge(6)>Attack>DashForward>Lunge(0)>Attack>Retreat>Wait>MoveRight>Wait>Lunge(5)>DashBackward>Wait",6,34.000,3,8,14,11,9.113,0,0.000,True,41.000,7.485,0,180,160.200,150.800,-5.988,305.012,506.969,2C52B5BF63733AFE,True,1,True,False,"Beam 1위와 안정형 관측 추천 일치"
S2,S-v2-dense,3-current-final,안전형,0.700,2.200,0.800,False,1.9,1,A674B231EB5B1DA4,7,2,"Lunge(6)>Attack>DashForward>Lunge(0)>Attack>Wait>Retreat>Retreat>Wait>Lunge(5)>DashBackward>Wait",6,34.000,3,8,14,11,9.124,0,0.000,True,41.000,7.485,0,180,160.200,150.800,-5.988,305.012,506.969,915114E7F0CC26BE,True,2,False,False,""
S2,S-v2-dense,3-current-final,안전형,0.700,2.200,0.800,False,1.9,1,A674B231EB5B1DA4,7,3,"Lunge(6)>Attack>DashForward>Lunge(0)>Attack>Retreat>Wait>MoveRight>Wait>Lunge(5)>DashBackward>MoveForward",6,34.000,3,8,14,11,8.200,0,0.000,True,41.000,7.735,0,180,160.200,150.800,-6.188,304.812,506.969,EAF5C50A80C0728F,True,3,False,False,""
S2,S-v2-dense,3-current-final,안전형,0.700,2.200,0.800,False,1.9,1,A674B231EB5B1DA4,8,1,"Lunge(6)>Attack>DashForward>Lunge(0)>Attack>Retreat>Wait>MoveRight>Wait>Lunge(5)>DashBackward>Wait",6,34.000,3,8,14,11,9.113,0,0.000,True,41.000,7.485,0,180,160.200,150.800,-5.988,305.012,503.565,2C52B5BF63733AFE,True,1,True,False,"Beam 1위와 안정형 관측 추천 일치"
S2,S-v2-dense,3-current-final,안전형,0.700,2.200,0.800,False,1.9,1,A674B231EB5B1DA4,8,2,"Lunge(6)>Attack>DashForward>Lunge(0)>Attack>Wait>Retreat>Retreat>Wait>Lunge(5)>DashBackward>Wait",6,34.000,3,8,14,11,9.124,0,0.000,True,41.000,7.485,0,180,160.200,150.800,-5.988,305.012,503.565,915114E7F0CC26BE,True,2,False,False,""
S2,S-v2-dense,3-current-final,안전형,0.700,2.200,0.800,False,1.9,1,A674B231EB5B1DA4,8,3,"Lunge(6)>Attack>DashForward>Lunge(0)>Attack>Retreat>Wait>MoveRight>Wait>Lunge(5)>DashBackward>MoveForward",6,34.000,3,8,14,11,8.200,0,0.000,True,41.000,7.735,0,180,160.200,150.800,-6.188,304.812,503.565,EAF5C50A80C0728F,True,3,False,False,""
S2,S-v2-dense,3-current-final,안전형,0.700,2.200,0.800,False,1.9,1,A674B231EB5B1DA4,9,1,"Lunge(6)>Attack>DashForward>Lunge(0)>Attack>Retreat>Wait>MoveRight>Wait>Lunge(5)>DashBackward>Wait",6,34.000,3,8,14,11,9.113,0,0.000,True,41.000,7.485,0,180,160.200,150.800,-5.988,305.012,502.035,2C52B5BF63733AFE,True,1,True,False,"Beam 1위와 안정형 관측 추천 일치"
S2,S-v2-dense,3-current-final,안전형,0.700,2.200,0.800,False,1.9,1,A674B231EB5B1DA4,9,2,"Lunge(6)>Attack>DashForward>Lunge(0)>Attack>Wait>Retreat>Retreat>Wait>Lunge(5)>DashBackward>Wait",6,34.000,3,8,14,11,9.124,0,0.000,True,41.000,7.485,0,180,160.200,150.800,-5.988,305.012,502.035,915114E7F0CC26BE,True,2,False,False,""
S2,S-v2-dense,3-current-final,안전형,0.700,2.200,0.800,False,1.9,1,A674B231EB5B1DA4,9,3,"Lunge(6)>Attack>DashForward>Lunge(0)>Attack>Retreat>Wait>MoveRight>Wait>Lunge(5)>DashBackward>MoveForward",6,34.000,3,8,14,11,8.200,0,0.000,True,41.000,7.735,0,180,160.200,150.800,-6.188,304.812,502.035,EAF5C50A80C0728F,True,3,False,False,""
S2,S-v2-dense,3-current-final,안전형,0.700,2.200,0.800,False,1.9,1,A674B231EB5B1DA4,10,1,"Lunge(6)>Attack>DashForward>Lunge(0)>Attack>Retreat>Wait>MoveRight>Wait>Lunge(5)>DashBackward>Wait",6,34.000,3,8,14,11,9.113,0,0.000,True,41.000,7.485,0,180,160.200,150.800,-5.988,305.012,504.010,2C52B5BF63733AFE,True,1,True,False,"Beam 1위와 안정형 관측 추천 일치"
S2,S-v2-dense,3-current-final,안전형,0.700,2.200,0.800,False,1.9,1,A674B231EB5B1DA4,10,2,"Lunge(6)>Attack>DashForward>Lunge(0)>Attack>Wait>Retreat>Retreat>Wait>Lunge(5)>DashBackward>Wait",6,34.000,3,8,14,11,9.124,0,0.000,True,41.000,7.485,0,180,160.200,150.800,-5.988,305.012,504.010,915114E7F0CC26BE,True,2,False,False,""
S2,S-v2-dense,3-current-final,안전형,0.700,2.200,0.800,False,1.9,1,A674B231EB5B1DA4,10,3,"Lunge(6)>Attack>DashForward>Lunge(0)>Attack>Retreat>Wait>MoveRight>Wait>Lunge(5)>DashBackward>MoveForward",6,34.000,3,8,14,11,8.200,0,0.000,True,41.000,7.735,0,180,160.200,150.800,-6.188,304.812,504.010,EAF5C50A80C0728F,True,3,False,False,""
S3,S-v2-dense,3-current-final,안전형,0.700,2.200,0.800,False,1.9,1,833B65CAE74ACC51,1,1,"DashLeft>Lunge(0)>Attack>MoveRight>Retreat>Wait>Retreat>Wait>Retreat>Wait>MoveRight>Jump",0,34.000,1,2,3,2,7.713,0,1.979,True,43.364,4.910,0,180,167.400,96.800,-3.928,260.272,126.300,CA4224290AB09FC7,True,1,True,False,"Beam 1위와 안정형 관측 추천 일치"
S3,S-v2-dense,3-current-final,안전형,0.700,2.200,0.800,False,1.9,1,833B65CAE74ACC51,1,2,"DashBackward>Lunge(0)>Attack>MoveLeft>Retreat>Wait>MoveLeft>Wait>MoveRight>Wait>Retreat>Jump",0,34.000,1,2,3,2,7.207,0,1.979,True,42.351,4.914,0,180,165.172,96.800,-3.931,258.041,126.300,722332E397184EF3,True,2,False,False,""
S3,S-v2-dense,3-current-final,안전형,0.700,2.200,0.800,False,1.9,1,833B65CAE74ACC51,1,3,"DashLeft>Lunge(0)>Attack>MoveRight>Retreat>Wait>Retreat>Wait>MoveLeft>Wait>Retreat>Wait",0,34.000,1,2,3,2,8.991,0,0.000,True,41.000,4.110,0,180,162.200,96.800,-3.288,255.712,126.300,75C75EF829054F2D,True,3,False,False,""
S3,S-v2-dense,3-current-final,안전형,0.700,2.200,0.800,False,1.9,1,833B65CAE74ACC51,2,1,"DashLeft>Lunge(0)>Attack>MoveRight>Retreat>Wait>Retreat>Wait>Retreat>Wait>MoveRight>Jump",0,34.000,1,2,3,2,7.713,0,1.979,True,43.364,4.910,0,180,167.400,96.800,-3.928,260.272,104.359,CA4224290AB09FC7,True,1,True,False,"Beam 1위와 안정형 관측 추천 일치"
S3,S-v2-dense,3-current-final,안전형,0.700,2.200,0.800,False,1.9,1,833B65CAE74ACC51,2,2,"DashBackward>Lunge(0)>Attack>MoveLeft>Retreat>Wait>MoveLeft>Wait>MoveRight>Wait>Retreat>Jump",0,34.000,1,2,3,2,7.207,0,1.979,True,42.351,4.914,0,180,165.172,96.800,-3.931,258.041,104.359,722332E397184EF3,True,2,False,False,""
S3,S-v2-dense,3-current-final,안전형,0.700,2.200,0.800,False,1.9,1,833B65CAE74ACC51,2,3,"DashLeft>Lunge(0)>Attack>MoveRight>Retreat>Wait>Retreat>Wait>MoveLeft>Wait>Retreat>Wait",0,34.000,1,2,3,2,8.991,0,0.000,True,41.000,4.110,0,180,162.200,96.800,-3.288,255.712,104.359,75C75EF829054F2D,True,3,False,False,""
S3,S-v2-dense,3-current-final,안전형,0.700,2.200,0.800,False,1.9,1,833B65CAE74ACC51,3,1,"DashLeft>Lunge(0)>Attack>MoveRight>Retreat>Wait>Retreat>Wait>Retreat>Wait>MoveRight>Jump",0,34.000,1,2,3,2,7.713,0,1.979,True,43.364,4.910,0,180,167.400,96.800,-3.928,260.272,96.333,CA4224290AB09FC7,True,1,True,False,"Beam 1위와 안정형 관측 추천 일치"
S3,S-v2-dense,3-current-final,안전형,0.700,2.200,0.800,False,1.9,1,833B65CAE74ACC51,3,2,"DashBackward>Lunge(0)>Attack>MoveLeft>Retreat>Wait>MoveLeft>Wait>MoveRight>Wait>Retreat>Jump",0,34.000,1,2,3,2,7.207,0,1.979,True,42.351,4.914,0,180,165.172,96.800,-3.931,258.041,96.333,722332E397184EF3,True,2,False,False,""
S3,S-v2-dense,3-current-final,안전형,0.700,2.200,0.800,False,1.9,1,833B65CAE74ACC51,3,3,"DashLeft>Lunge(0)>Attack>MoveRight>Retreat>Wait>Retreat>Wait>MoveLeft>Wait>Retreat>Wait",0,34.000,1,2,3,2,8.991,0,0.000,True,41.000,4.110,0,180,162.200,96.800,-3.288,255.712,96.333,75C75EF829054F2D,True,3,False,False,""
S3,S-v2-dense,3-current-final,안전형,0.700,2.200,0.800,False,1.9,1,833B65CAE74ACC51,4,1,"DashLeft>Lunge(0)>Attack>MoveRight>Retreat>Wait>Retreat>Wait>Retreat>Wait>MoveRight>Jump",0,34.000,1,2,3,2,7.713,0,1.979,True,43.364,4.910,0,180,167.400,96.800,-3.928,260.272,92.185,CA4224290AB09FC7,True,1,True,False,"Beam 1위와 안정형 관측 추천 일치"
S3,S-v2-dense,3-current-final,안전형,0.700,2.200,0.800,False,1.9,1,833B65CAE74ACC51,4,2,"DashBackward>Lunge(0)>Attack>MoveLeft>Retreat>Wait>MoveLeft>Wait>MoveRight>Wait>Retreat>Jump",0,34.000,1,2,3,2,7.207,0,1.979,True,42.351,4.914,0,180,165.172,96.800,-3.931,258.041,92.185,722332E397184EF3,True,2,False,False,""
S3,S-v2-dense,3-current-final,안전형,0.700,2.200,0.800,False,1.9,1,833B65CAE74ACC51,4,3,"DashLeft>Lunge(0)>Attack>MoveRight>Retreat>Wait>Retreat>Wait>MoveLeft>Wait>Retreat>Wait",0,34.000,1,2,3,2,8.991,0,0.000,True,41.000,4.110,0,180,162.200,96.800,-3.288,255.712,92.185,75C75EF829054F2D,True,3,False,False,""
S3,S-v2-dense,3-current-final,안전형,0.700,2.200,0.800,False,1.9,1,833B65CAE74ACC51,5,1,"DashLeft>Lunge(0)>Attack>MoveRight>Retreat>Wait>Retreat>Wait>Retreat>Wait>MoveRight>Jump",0,34.000,1,2,3,2,7.713,0,1.979,True,43.364,4.910,0,180,167.400,96.800,-3.928,260.272,95.285,CA4224290AB09FC7,True,1,True,False,"Beam 1위와 안정형 관측 추천 일치"
S3,S-v2-dense,3-current-final,안전형,0.700,2.200,0.800,False,1.9,1,833B65CAE74ACC51,5,2,"DashBackward>Lunge(0)>Attack>MoveLeft>Retreat>Wait>MoveLeft>Wait>MoveRight>Wait>Retreat>Jump",0,34.000,1,2,3,2,7.207,0,1.979,True,42.351,4.914,0,180,165.172,96.800,-3.931,258.041,95.285,722332E397184EF3,True,2,False,False,""
S3,S-v2-dense,3-current-final,안전형,0.700,2.200,0.800,False,1.9,1,833B65CAE74ACC51,5,3,"DashLeft>Lunge(0)>Attack>MoveRight>Retreat>Wait>Retreat>Wait>MoveLeft>Wait>Retreat>Wait",0,34.000,1,2,3,2,8.991,0,0.000,True,41.000,4.110,0,180,162.200,96.800,-3.288,255.712,95.285,75C75EF829054F2D,True,3,False,False,""
S3,S-v2-dense,3-current-final,안전형,0.700,2.200,0.800,False,1.9,1,833B65CAE74ACC51,6,1,"DashLeft>Lunge(0)>Attack>MoveRight>Retreat>Wait>Retreat>Wait>Retreat>Wait>MoveRight>Jump",0,34.000,1,2,3,2,7.713,0,1.979,True,43.364,4.910,0,180,167.400,96.800,-3.928,260.272,98.539,CA4224290AB09FC7,True,1,True,False,"Beam 1위와 안정형 관측 추천 일치"
S3,S-v2-dense,3-current-final,안전형,0.700,2.200,0.800,False,1.9,1,833B65CAE74ACC51,6,2,"DashBackward>Lunge(0)>Attack>MoveLeft>Retreat>Wait>MoveLeft>Wait>MoveRight>Wait>Retreat>Jump",0,34.000,1,2,3,2,7.207,0,1.979,True,42.351,4.914,0,180,165.172,96.800,-3.931,258.041,98.539,722332E397184EF3,True,2,False,False,""
S3,S-v2-dense,3-current-final,안전형,0.700,2.200,0.800,False,1.9,1,833B65CAE74ACC51,6,3,"DashLeft>Lunge(0)>Attack>MoveRight>Retreat>Wait>Retreat>Wait>MoveLeft>Wait>Retreat>Wait",0,34.000,1,2,3,2,8.991,0,0.000,True,41.000,4.110,0,180,162.200,96.800,-3.288,255.712,98.539,75C75EF829054F2D,True,3,False,False,""
S3,S-v2-dense,3-current-final,안전형,0.700,2.200,0.800,False,1.9,1,833B65CAE74ACC51,7,1,"DashLeft>Lunge(0)>Attack>MoveRight>Retreat>Wait>Retreat>Wait>Retreat>Wait>MoveRight>Jump",0,34.000,1,2,3,2,7.713,0,1.979,True,43.364,4.910,0,180,167.400,96.800,-3.928,260.272,96.648,CA4224290AB09FC7,True,1,True,False,"Beam 1위와 안정형 관측 추천 일치"
S3,S-v2-dense,3-current-final,안전형,0.700,2.200,0.800,False,1.9,1,833B65CAE74ACC51,7,2,"DashBackward>Lunge(0)>Attack>MoveLeft>Retreat>Wait>MoveLeft>Wait>MoveRight>Wait>Retreat>Jump",0,34.000,1,2,3,2,7.207,0,1.979,True,42.351,4.914,0,180,165.172,96.800,-3.931,258.041,96.648,722332E397184EF3,True,2,False,False,""
S3,S-v2-dense,3-current-final,안전형,0.700,2.200,0.800,False,1.9,1,833B65CAE74ACC51,7,3,"DashLeft>Lunge(0)>Attack>MoveRight>Retreat>Wait>Retreat>Wait>MoveLeft>Wait>Retreat>Wait",0,34.000,1,2,3,2,8.991,0,0.000,True,41.000,4.110,0,180,162.200,96.800,-3.288,255.712,96.648,75C75EF829054F2D,True,3,False,False,""
S3,S-v2-dense,3-current-final,안전형,0.700,2.200,0.800,False,1.9,1,833B65CAE74ACC51,8,1,"DashLeft>Lunge(0)>Attack>MoveRight>Retreat>Wait>Retreat>Wait>Retreat>Wait>MoveRight>Jump",0,34.000,1,2,3,2,7.713,0,1.979,True,43.364,4.910,0,180,167.400,96.800,-3.928,260.272,95.348,CA4224290AB09FC7,True,1,True,False,"Beam 1위와 안정형 관측 추천 일치"
S3,S-v2-dense,3-current-final,안전형,0.700,2.200,0.800,False,1.9,1,833B65CAE74ACC51,8,2,"DashBackward>Lunge(0)>Attack>MoveLeft>Retreat>Wait>MoveLeft>Wait>MoveRight>Wait>Retreat>Jump",0,34.000,1,2,3,2,7.207,0,1.979,True,42.351,4.914,0,180,165.172,96.800,-3.931,258.041,95.348,722332E397184EF3,True,2,False,False,""
S3,S-v2-dense,3-current-final,안전형,0.700,2.200,0.800,False,1.9,1,833B65CAE74ACC51,8,3,"DashLeft>Lunge(0)>Attack>MoveRight>Retreat>Wait>Retreat>Wait>MoveLeft>Wait>Retreat>Wait",0,34.000,1,2,3,2,8.991,0,0.000,True,41.000,4.110,0,180,162.200,96.800,-3.288,255.712,95.348,75C75EF829054F2D,True,3,False,False,""
S3,S-v2-dense,3-current-final,안전형,0.700,2.200,0.800,False,1.9,1,833B65CAE74ACC51,9,1,"DashLeft>Lunge(0)>Attack>MoveRight>Retreat>Wait>Retreat>Wait>Retreat>Wait>MoveRight>Jump",0,34.000,1,2,3,2,7.713,0,1.979,True,43.364,4.910,0,180,167.400,96.800,-3.928,260.272,96.450,CA4224290AB09FC7,True,1,True,False,"Beam 1위와 안정형 관측 추천 일치"
S3,S-v2-dense,3-current-final,안전형,0.700,2.200,0.800,False,1.9,1,833B65CAE74ACC51,9,2,"DashBackward>Lunge(0)>Attack>MoveLeft>Retreat>Wait>MoveLeft>Wait>MoveRight>Wait>Retreat>Jump",0,34.000,1,2,3,2,7.207,0,1.979,True,42.351,4.914,0,180,165.172,96.800,-3.931,258.041,96.450,722332E397184EF3,True,2,False,False,""
S3,S-v2-dense,3-current-final,안전형,0.700,2.200,0.800,False,1.9,1,833B65CAE74ACC51,9,3,"DashLeft>Lunge(0)>Attack>MoveRight>Retreat>Wait>Retreat>Wait>MoveLeft>Wait>Retreat>Wait",0,34.000,1,2,3,2,8.991,0,0.000,True,41.000,4.110,0,180,162.200,96.800,-3.288,255.712,96.450,75C75EF829054F2D,True,3,False,False,""
S3,S-v2-dense,3-current-final,안전형,0.700,2.200,0.800,False,1.9,1,833B65CAE74ACC51,10,1,"DashLeft>Lunge(0)>Attack>MoveRight>Retreat>Wait>Retreat>Wait>Retreat>Wait>MoveRight>Jump",0,34.000,1,2,3,2,7.713,0,1.979,True,43.364,4.910,0,180,167.400,96.800,-3.928,260.272,93.309,CA4224290AB09FC7,True,1,True,False,"Beam 1위와 안정형 관측 추천 일치"
S3,S-v2-dense,3-current-final,안전형,0.700,2.200,0.800,False,1.9,1,833B65CAE74ACC51,10,2,"DashBackward>Lunge(0)>Attack>MoveLeft>Retreat>Wait>MoveLeft>Wait>MoveRight>Wait>Retreat>Jump",0,34.000,1,2,3,2,7.207,0,1.979,True,42.351,4.914,0,180,165.172,96.800,-3.931,258.041,93.309,722332E397184EF3,True,2,False,False,""
S3,S-v2-dense,3-current-final,안전형,0.700,2.200,0.800,False,1.9,1,833B65CAE74ACC51,10,3,"DashLeft>Lunge(0)>Attack>MoveRight>Retreat>Wait>Retreat>Wait>MoveLeft>Wait>Retreat>Wait",0,34.000,1,2,3,2,8.991,0,0.000,True,41.000,4.110,0,180,162.200,96.800,-3.288,255.712,93.309,75C75EF829054F2D,True,3,False,False,""
S4,S-v2-dense,3-current-final,안전형,0.700,2.200,0.800,False,1.9,1,9C3D2FC112BA32D1,1,1,"LungeStrike(0)>DashRight>Lunge(10)>Attack>Retreat>Attack>Retreat>Lunge(11)>Attack>Retreat>Attack>DashBackward",0,34.000,6,13,12,6,6.922,0,0.000,True,37.345,9.186,0,180,154.159,215.800,-7.348,362.610,317.682,75D489C7ECDBCDF0,True,2,False,True,""
S4,S-v2-dense,3-current-final,안전형,0.700,2.200,0.800,False,1.9,1,9C3D2FC112BA32D1,1,2,"LungeStrike(0)>DashRight>Lunge(10)>Attack>Retreat>Attack>Retreat>Lunge(11)>Attack>Retreat>Attack>DashRight",0,34.000,6,13,12,6,6.033,0,0.000,True,35.565,9.186,0,180,150.244,215.800,-7.348,358.696,317.682,A6A0785E466BA79E,True,3,False,True,""
S4,S-v2-dense,3-current-final,안전형,0.700,2.200,0.800,False,1.9,1,9C3D2FC112BA32D1,1,3,"LungeStrike(0)>DashLeft>Lunge(3)>Attack>Retreat>Lunge(5)>Attack>DashBackward>Lunge(11)>Attack>DashBackward>Retreat",0,34.000,5,12,12,7,7.820,0,0.000,True,40.639,10.650,0,180,161.407,196.800,-8.520,349.687,317.682,308CA76F7BDE4847,True,1,True,True,"종료 안전도와 퇴로 우세"
S4,S-v2-dense,3-current-final,안전형,0.700,2.200,0.800,False,1.9,1,9C3D2FC112BA32D1,2,1,"LungeStrike(0)>DashRight>Lunge(10)>Attack>Retreat>Attack>Retreat>Lunge(11)>Attack>Retreat>Attack>DashBackward",0,34.000,6,13,12,6,6.922,0,0.000,True,37.345,9.186,0,180,154.159,215.800,-7.348,362.610,321.849,75D489C7ECDBCDF0,True,2,False,True,""
S4,S-v2-dense,3-current-final,안전형,0.700,2.200,0.800,False,1.9,1,9C3D2FC112BA32D1,2,2,"LungeStrike(0)>DashRight>Lunge(10)>Attack>Retreat>Attack>Retreat>Lunge(11)>Attack>Retreat>Attack>DashRight",0,34.000,6,13,12,6,6.033,0,0.000,True,35.565,9.186,0,180,150.244,215.800,-7.348,358.696,321.849,A6A0785E466BA79E,True,3,False,True,""
S4,S-v2-dense,3-current-final,안전형,0.700,2.200,0.800,False,1.9,1,9C3D2FC112BA32D1,2,3,"LungeStrike(0)>DashLeft>Lunge(3)>Attack>Retreat>Lunge(5)>Attack>DashBackward>Lunge(11)>Attack>DashBackward>Retreat",0,34.000,5,12,12,7,7.820,0,0.000,True,40.639,10.650,0,180,161.407,196.800,-8.520,349.687,321.849,308CA76F7BDE4847,True,1,True,True,"종료 안전도와 퇴로 우세"
S4,S-v2-dense,3-current-final,안전형,0.700,2.200,0.800,False,1.9,1,9C3D2FC112BA32D1,3,1,"LungeStrike(0)>DashRight>Lunge(10)>Attack>Retreat>Attack>Retreat>Lunge(11)>Attack>Retreat>Attack>DashBackward",0,34.000,6,13,12,6,6.922,0,0.000,True,37.345,9.186,0,180,154.159,215.800,-7.348,362.610,329.113,75D489C7ECDBCDF0,True,2,False,True,""
S4,S-v2-dense,3-current-final,안전형,0.700,2.200,0.800,False,1.9,1,9C3D2FC112BA32D1,3,2,"LungeStrike(0)>DashRight>Lunge(10)>Attack>Retreat>Attack>Retreat>Lunge(11)>Attack>Retreat>Attack>DashRight",0,34.000,6,13,12,6,6.033,0,0.000,True,35.565,9.186,0,180,150.244,215.800,-7.348,358.696,329.113,A6A0785E466BA79E,True,3,False,True,""
S4,S-v2-dense,3-current-final,안전형,0.700,2.200,0.800,False,1.9,1,9C3D2FC112BA32D1,3,3,"LungeStrike(0)>DashLeft>Lunge(3)>Attack>Retreat>Lunge(5)>Attack>DashBackward>Lunge(11)>Attack>DashBackward>Retreat",0,34.000,5,12,12,7,7.820,0,0.000,True,40.639,10.650,0,180,161.407,196.800,-8.520,349.687,329.113,308CA76F7BDE4847,True,1,True,True,"종료 안전도와 퇴로 우세"
S4,S-v2-dense,3-current-final,안전형,0.700,2.200,0.800,False,1.9,1,9C3D2FC112BA32D1,4,1,"LungeStrike(0)>DashRight>Lunge(10)>Attack>Retreat>Attack>Retreat>Lunge(11)>Attack>Retreat>Attack>DashBackward",0,34.000,6,13,12,6,6.922,0,0.000,True,37.345,9.186,0,180,154.159,215.800,-7.348,362.610,328.217,75D489C7ECDBCDF0,True,2,False,True,""
S4,S-v2-dense,3-current-final,안전형,0.700,2.200,0.800,False,1.9,1,9C3D2FC112BA32D1,4,2,"LungeStrike(0)>DashRight>Lunge(10)>Attack>Retreat>Attack>Retreat>Lunge(11)>Attack>Retreat>Attack>DashRight",0,34.000,6,13,12,6,6.033,0,0.000,True,35.565,9.186,0,180,150.244,215.800,-7.348,358.696,328.217,A6A0785E466BA79E,True,3,False,True,""
S4,S-v2-dense,3-current-final,안전형,0.700,2.200,0.800,False,1.9,1,9C3D2FC112BA32D1,4,3,"LungeStrike(0)>DashLeft>Lunge(3)>Attack>Retreat>Lunge(5)>Attack>DashBackward>Lunge(11)>Attack>DashBackward>Retreat",0,34.000,5,12,12,7,7.820,0,0.000,True,40.639,10.650,0,180,161.407,196.800,-8.520,349.687,328.217,308CA76F7BDE4847,True,1,True,True,"종료 안전도와 퇴로 우세"
S4,S-v2-dense,3-current-final,안전형,0.700,2.200,0.800,False,1.9,1,9C3D2FC112BA32D1,5,1,"LungeStrike(0)>DashRight>Lunge(10)>Attack>Retreat>Attack>Retreat>Lunge(11)>Attack>Retreat>Attack>DashBackward",0,34.000,6,13,12,6,6.922,0,0.000,True,37.345,9.186,0,180,154.159,215.800,-7.348,362.610,327.239,75D489C7ECDBCDF0,True,2,False,True,""
S4,S-v2-dense,3-current-final,안전형,0.700,2.200,0.800,False,1.9,1,9C3D2FC112BA32D1,5,2,"LungeStrike(0)>DashRight>Lunge(10)>Attack>Retreat>Attack>Retreat>Lunge(11)>Attack>Retreat>Attack>DashRight",0,34.000,6,13,12,6,6.033,0,0.000,True,35.565,9.186,0,180,150.244,215.800,-7.348,358.696,327.239,A6A0785E466BA79E,True,3,False,True,""
S4,S-v2-dense,3-current-final,안전형,0.700,2.200,0.800,False,1.9,1,9C3D2FC112BA32D1,5,3,"LungeStrike(0)>DashLeft>Lunge(3)>Attack>Retreat>Lunge(5)>Attack>DashBackward>Lunge(11)>Attack>DashBackward>Retreat",0,34.000,5,12,12,7,7.820,0,0.000,True,40.639,10.650,0,180,161.407,196.800,-8.520,349.687,327.239,308CA76F7BDE4847,True,1,True,True,"종료 안전도와 퇴로 우세"
S4,S-v2-dense,3-current-final,안전형,0.700,2.200,0.800,False,1.9,1,9C3D2FC112BA32D1,6,1,"LungeStrike(0)>DashRight>Lunge(10)>Attack>Retreat>Attack>Retreat>Lunge(11)>Attack>Retreat>Attack>DashBackward",0,34.000,6,13,12,6,6.922,0,0.000,True,37.345,9.186,0,180,154.159,215.800,-7.348,362.610,318.480,75D489C7ECDBCDF0,True,2,False,True,""
S4,S-v2-dense,3-current-final,안전형,0.700,2.200,0.800,False,1.9,1,9C3D2FC112BA32D1,6,2,"LungeStrike(0)>DashRight>Lunge(10)>Attack>Retreat>Attack>Retreat>Lunge(11)>Attack>Retreat>Attack>DashRight",0,34.000,6,13,12,6,6.033,0,0.000,True,35.565,9.186,0,180,150.244,215.800,-7.348,358.696,318.480,A6A0785E466BA79E,True,3,False,True,""
S4,S-v2-dense,3-current-final,안전형,0.700,2.200,0.800,False,1.9,1,9C3D2FC112BA32D1,6,3,"LungeStrike(0)>DashLeft>Lunge(3)>Attack>Retreat>Lunge(5)>Attack>DashBackward>Lunge(11)>Attack>DashBackward>Retreat",0,34.000,5,12,12,7,7.820,0,0.000,True,40.639,10.650,0,180,161.407,196.800,-8.520,349.687,318.480,308CA76F7BDE4847,True,1,True,True,"종료 안전도와 퇴로 우세"
S4,S-v2-dense,3-current-final,안전형,0.700,2.200,0.800,False,1.9,1,9C3D2FC112BA32D1,7,1,"LungeStrike(0)>DashRight>Lunge(10)>Attack>Retreat>Attack>Retreat>Lunge(11)>Attack>Retreat>Attack>DashBackward",0,34.000,6,13,12,6,6.922,0,0.000,True,37.345,9.186,0,180,154.159,215.800,-7.348,362.610,326.800,75D489C7ECDBCDF0,True,2,False,True,""
S4,S-v2-dense,3-current-final,안전형,0.700,2.200,0.800,False,1.9,1,9C3D2FC112BA32D1,7,2,"LungeStrike(0)>DashRight>Lunge(10)>Attack>Retreat>Attack>Retreat>Lunge(11)>Attack>Retreat>Attack>DashRight",0,34.000,6,13,12,6,6.033,0,0.000,True,35.565,9.186,0,180,150.244,215.800,-7.348,358.696,326.800,A6A0785E466BA79E,True,3,False,True,""
S4,S-v2-dense,3-current-final,안전형,0.700,2.200,0.800,False,1.9,1,9C3D2FC112BA32D1,7,3,"LungeStrike(0)>DashLeft>Lunge(3)>Attack>Retreat>Lunge(5)>Attack>DashBackward>Lunge(11)>Attack>DashBackward>Retreat",0,34.000,5,12,12,7,7.820,0,0.000,True,40.639,10.650,0,180,161.407,196.800,-8.520,349.687,326.800,308CA76F7BDE4847,True,1,True,True,"종료 안전도와 퇴로 우세"
S4,S-v2-dense,3-current-final,안전형,0.700,2.200,0.800,False,1.9,1,9C3D2FC112BA32D1,8,1,"LungeStrike(0)>DashRight>Lunge(10)>Attack>Retreat>Attack>Retreat>Lunge(11)>Attack>Retreat>Attack>DashBackward",0,34.000,6,13,12,6,6.922,0,0.000,True,37.345,9.186,0,180,154.159,215.800,-7.348,362.610,327.710,75D489C7ECDBCDF0,True,2,False,True,""
S4,S-v2-dense,3-current-final,안전형,0.700,2.200,0.800,False,1.9,1,9C3D2FC112BA32D1,8,2,"LungeStrike(0)>DashRight>Lunge(10)>Attack>Retreat>Attack>Retreat>Lunge(11)>Attack>Retreat>Attack>DashRight",0,34.000,6,13,12,6,6.033,0,0.000,True,35.565,9.186,0,180,150.244,215.800,-7.348,358.696,327.710,A6A0785E466BA79E,True,3,False,True,""
S4,S-v2-dense,3-current-final,안전형,0.700,2.200,0.800,False,1.9,1,9C3D2FC112BA32D1,8,3,"LungeStrike(0)>DashLeft>Lunge(3)>Attack>Retreat>Lunge(5)>Attack>DashBackward>Lunge(11)>Attack>DashBackward>Retreat",0,34.000,5,12,12,7,7.820,0,0.000,True,40.639,10.650,0,180,161.407,196.800,-8.520,349.687,327.710,308CA76F7BDE4847,True,1,True,True,"종료 안전도와 퇴로 우세"
S4,S-v2-dense,3-current-final,안전형,0.700,2.200,0.800,False,1.9,1,9C3D2FC112BA32D1,9,1,"LungeStrike(0)>DashRight>Lunge(10)>Attack>Retreat>Attack>Retreat>Lunge(11)>Attack>Retreat>Attack>DashBackward",0,34.000,6,13,12,6,6.922,0,0.000,True,37.345,9.186,0,180,154.159,215.800,-7.348,362.610,328.733,75D489C7ECDBCDF0,True,2,False,True,""
S4,S-v2-dense,3-current-final,안전형,0.700,2.200,0.800,False,1.9,1,9C3D2FC112BA32D1,9,2,"LungeStrike(0)>DashRight>Lunge(10)>Attack>Retreat>Attack>Retreat>Lunge(11)>Attack>Retreat>Attack>DashRight",0,34.000,6,13,12,6,6.033,0,0.000,True,35.565,9.186,0,180,150.244,215.800,-7.348,358.696,328.733,A6A0785E466BA79E,True,3,False,True,""
S4,S-v2-dense,3-current-final,안전형,0.700,2.200,0.800,False,1.9,1,9C3D2FC112BA32D1,9,3,"LungeStrike(0)>DashLeft>Lunge(3)>Attack>Retreat>Lunge(5)>Attack>DashBackward>Lunge(11)>Attack>DashBackward>Retreat",0,34.000,5,12,12,7,7.820,0,0.000,True,40.639,10.650,0,180,161.407,196.800,-8.520,349.687,328.733,308CA76F7BDE4847,True,1,True,True,"종료 안전도와 퇴로 우세"
S4,S-v2-dense,3-current-final,안전형,0.700,2.200,0.800,False,1.9,1,9C3D2FC112BA32D1,10,1,"LungeStrike(0)>DashRight>Lunge(10)>Attack>Retreat>Attack>Retreat>Lunge(11)>Attack>Retreat>Attack>DashBackward",0,34.000,6,13,12,6,6.922,0,0.000,True,37.345,9.186,0,180,154.159,215.800,-7.348,362.610,359.457,75D489C7ECDBCDF0,True,2,False,True,""
S4,S-v2-dense,3-current-final,안전형,0.700,2.200,0.800,False,1.9,1,9C3D2FC112BA32D1,10,2,"LungeStrike(0)>DashRight>Lunge(10)>Attack>Retreat>Attack>Retreat>Lunge(11)>Attack>Retreat>Attack>DashRight",0,34.000,6,13,12,6,6.033,0,0.000,True,35.565,9.186,0,180,150.244,215.800,-7.348,358.696,359.457,A6A0785E466BA79E,True,3,False,True,""
S4,S-v2-dense,3-current-final,안전형,0.700,2.200,0.800,False,1.9,1,9C3D2FC112BA32D1,10,3,"LungeStrike(0)>DashLeft>Lunge(3)>Attack>Retreat>Lunge(5)>Attack>DashBackward>Lunge(11)>Attack>DashBackward>Retreat",0,34.000,5,12,12,7,7.820,0,0.000,True,40.639,10.650,0,180,161.407,196.800,-8.520,349.687,359.457,308CA76F7BDE4847,True,1,True,True,"종료 안전도와 퇴로 우세"
