scenarioId,fixtureVersion,weightStage,profile,salientTargetMul,terminalPositionMul,difficultyPenaltyMul,difficultyTerminalOnly,contractVersion,mapVersion,initialSnapshotHash,repetition,candidateRank,actionSequence,salientEnemyId,salientTargetProgress,killCount,damageDealt,initialEnemyCount,finalAliveEnemyCount,terminalNearestEnemyDistance,terminalNearbyEnemyCount,terminalHeightDelta,terminalActionable,terminalPositionQuality,executionDifficulty,expectedHits,durationTicks,safetyScore,killScore,difficultyScore,totalScore,elapsedMs,worldHashAfterReplay,replayValid,auditRank,auditRecommended,auditDiffersFromBeamWinner,auditReason
S1,S-v1-complex,0-baseline,안정형-무가중진단,0.000,0.000,0.000,False,1.9,1,BACDECFC47DAA410,1,1,"Lunge(5)>Attack>DashRight>Lunge(0)>Attack>MoveLeft>Attack>Retreat>Attack>MoveForward>MoveForward>MoveForward",5,29.000,6,11,6,0,-1.000,0,0.000,True,41.000,6.654,0,180,20000010.000,184.000,0.000,20000200.000,100.395,E8E011ECC50A0CF2,True,1,True,False,"Beam 1위와 안정형 관측 추천 일치"
S1,S-v1-complex,0-baseline,안정형-무가중진단,0.000,0.000,0.000,False,1.9,1,BACDECFC47DAA410,1,2,"Lunge(5)>Attack>DashRight>Lunge(0)>Attack>MoveLeft>Attack>Retreat>Attack>MoveForward>MoveForward>MoveLeft",5,29.000,6,11,6,0,-1.000,0,0.000,True,41.000,6.654,0,180,20000010.000,184.000,0.000,20000200.000,100.395,5597A6E0CF88272D,True,2,False,False,""
S1,S-v1-complex,0-baseline,안정형-무가중진단,0.000,0.000,0.000,False,1.9,1,BACDECFC47DAA410,1,3,"Lunge(5)>Attack>DashRight>Lunge(0)>Attack>MoveLeft>Attack>Retreat>Attack>MoveForward>MoveForward>MoveRight",5,29.000,6,11,6,0,-1.000,0,0.000,True,41.000,6.654,0,180,20000010.000,184.000,0.000,20000200.000,100.395,B9DF8EDE38779BF7,True,3,False,False,""
S1,S-v1-complex,0-baseline,안정형-무가중진단,0.000,0.000,0.000,False,1.9,1,BACDECFC47DAA410,2,1,"Lunge(5)>Attack>DashRight>Lunge(0)>Attack>MoveLeft>Attack>Retreat>Attack>MoveForward>MoveForward>MoveForward",5,29.000,6,11,6,0,-1.000,0,0.000,True,41.000,6.654,0,180,20000010.000,184.000,0.000,20000200.000,78.725,E8E011ECC50A0CF2,True,1,True,False,"Beam 1위와 안정형 관측 추천 일치"
S1,S-v1-complex,0-baseline,안정형-무가중진단,0.000,0.000,0.000,False,1.9,1,BACDECFC47DAA410,2,2,"Lunge(5)>Attack>DashRight>Lunge(0)>Attack>MoveLeft>Attack>Retreat>Attack>MoveForward>MoveForward>MoveLeft",5,29.000,6,11,6,0,-1.000,0,0.000,True,41.000,6.654,0,180,20000010.000,184.000,0.000,20000200.000,78.725,5597A6E0CF88272D,True,2,False,False,""
S1,S-v1-complex,0-baseline,안정형-무가중진단,0.000,0.000,0.000,False,1.9,1,BACDECFC47DAA410,2,3,"Lunge(5)>Attack>DashRight>Lunge(0)>Attack>MoveLeft>Attack>Retreat>Attack>MoveForward>MoveForward>MoveRight",5,29.000,6,11,6,0,-1.000,0,0.000,True,41.000,6.654,0,180,20000010.000,184.000,0.000,20000200.000,78.725,B9DF8EDE38779BF7,True,3,False,False,""
S1,S-v1-complex,0-baseline,안정형-무가중진단,0.000,0.000,0.000,False,1.9,1,BACDECFC47DAA410,3,1,"Lunge(5)>Attack>DashRight>Lunge(0)>Attack>MoveLeft>Attack>Retreat>Attack>MoveForward>MoveForward>MoveForward",5,29.000,6,11,6,0,-1.000,0,0.000,True,41.000,6.654,0,180,20000010.000,184.000,0.000,20000200.000,83.254,E8E011ECC50A0CF2,True,1,True,False,"Beam 1위와 안정형 관측 추천 일치"
S1,S-v1-complex,0-baseline,안정형-무가중진단,0.000,0.000,0.000,False,1.9,1,BACDECFC47DAA410,3,2,"Lunge(5)>Attack>DashRight>Lunge(0)>Attack>MoveLeft>Attack>Retreat>Attack>MoveForward>MoveForward>MoveLeft",5,29.000,6,11,6,0,-1.000,0,0.000,True,41.000,6.654,0,180,20000010.000,184.000,0.000,20000200.000,83.254,5597A6E0CF88272D,True,2,False,False,""
S1,S-v1-complex,0-baseline,안정형-무가중진단,0.000,0.000,0.000,False,1.9,1,BACDECFC47DAA410,3,3,"Lunge(5)>Attack>DashRight>Lunge(0)>Attack>MoveLeft>Attack>Retreat>Attack>MoveForward>MoveForward>MoveRight",5,29.000,6,11,6,0,-1.000,0,0.000,True,41.000,6.654,0,180,20000010.000,184.000,0.000,20000200.000,83.254,B9DF8EDE38779BF7,True,3,False,False,""
S1,S-v1-complex,0-baseline,안정형-무가중진단,0.000,0.000,0.000,False,1.9,1,BACDECFC47DAA410,4,1,"Lunge(5)>Attack>DashRight>Lunge(0)>Attack>MoveLeft>Attack>Retreat>Attack>MoveForward>MoveForward>MoveForward",5,29.000,6,11,6,0,-1.000,0,0.000,True,41.000,6.654,0,180,20000010.000,184.000,0.000,20000200.000,103.683,E8E011ECC50A0CF2,True,1,True,False,"Beam 1위와 안정형 관측 추천 일치"
S1,S-v1-complex,0-baseline,안정형-무가중진단,0.000,0.000,0.000,False,1.9,1,BACDECFC47DAA410,4,2,"Lunge(5)>Attack>DashRight>Lunge(0)>Attack>MoveLeft>Attack>Retreat>Attack>MoveForward>MoveForward>MoveLeft",5,29.000,6,11,6,0,-1.000,0,0.000,True,41.000,6.654,0,180,20000010.000,184.000,0.000,20000200.000,103.683,5597A6E0CF88272D,True,2,False,False,""
S1,S-v1-complex,0-baseline,안정형-무가중진단,0.000,0.000,0.000,False,1.9,1,BACDECFC47DAA410,4,3,"Lunge(5)>Attack>DashRight>Lunge(0)>Attack>MoveLeft>Attack>Retreat>Attack>MoveForward>MoveForward>MoveRight",5,29.000,6,11,6,0,-1.000,0,0.000,True,41.000,6.654,0,180,20000010.000,184.000,0.000,20000200.000,103.683,B9DF8EDE38779BF7,True,3,False,False,""
S1,S-v1-complex,0-baseline,안정형-무가중진단,0.000,0.000,0.000,False,1.9,1,BACDECFC47DAA410,5,1,"Lunge(5)>Attack>DashRight>Lunge(0)>Attack>MoveLeft>Attack>Retreat>Attack>MoveForward>MoveForward>MoveForward",5,29.000,6,11,6,0,-1.000,0,0.000,True,41.000,6.654,0,180,20000010.000,184.000,0.000,20000200.000,100.641,E8E011ECC50A0CF2,True,1,True,False,"Beam 1위와 안정형 관측 추천 일치"
S1,S-v1-complex,0-baseline,안정형-무가중진단,0.000,0.000,0.000,False,1.9,1,BACDECFC47DAA410,5,2,"Lunge(5)>Attack>DashRight>Lunge(0)>Attack>MoveLeft>Attack>Retreat>Attack>MoveForward>MoveForward>MoveLeft",5,29.000,6,11,6,0,-1.000,0,0.000,True,41.000,6.654,0,180,20000010.000,184.000,0.000,20000200.000,100.641,5597A6E0CF88272D,True,2,False,False,""
S1,S-v1-complex,0-baseline,안정형-무가중진단,0.000,0.000,0.000,False,1.9,1,BACDECFC47DAA410,5,3,"Lunge(5)>Attack>DashRight>Lunge(0)>Attack>MoveLeft>Attack>Retreat>Attack>MoveForward>MoveForward>MoveRight",5,29.000,6,11,6,0,-1.000,0,0.000,True,41.000,6.654,0,180,20000010.000,184.000,0.000,20000200.000,100.641,B9DF8EDE38779BF7,True,3,False,False,""
S1,S-v1-complex,0-baseline,안정형-무가중진단,0.000,0.000,0.000,False,1.9,1,BACDECFC47DAA410,6,1,"Lunge(5)>Attack>DashRight>Lunge(0)>Attack>MoveLeft>Attack>Retreat>Attack>MoveForward>MoveForward>MoveForward",5,29.000,6,11,6,0,-1.000,0,0.000,True,41.000,6.654,0,180,20000010.000,184.000,0.000,20000200.000,95.370,E8E011ECC50A0CF2,True,1,True,False,"Beam 1위와 안정형 관측 추천 일치"
S1,S-v1-complex,0-baseline,안정형-무가중진단,0.000,0.000,0.000,False,1.9,1,BACDECFC47DAA410,6,2,"Lunge(5)>Attack>DashRight>Lunge(0)>Attack>MoveLeft>Attack>Retreat>Attack>MoveForward>MoveForward>MoveLeft",5,29.000,6,11,6,0,-1.000,0,0.000,True,41.000,6.654,0,180,20000010.000,184.000,0.000,20000200.000,95.370,5597A6E0CF88272D,True,2,False,False,""
S1,S-v1-complex,0-baseline,안정형-무가중진단,0.000,0.000,0.000,False,1.9,1,BACDECFC47DAA410,6,3,"Lunge(5)>Attack>DashRight>Lunge(0)>Attack>MoveLeft>Attack>Retreat>Attack>MoveForward>MoveForward>MoveRight",5,29.000,6,11,6,0,-1.000,0,0.000,True,41.000,6.654,0,180,20000010.000,184.000,0.000,20000200.000,95.370,B9DF8EDE38779BF7,True,3,False,False,""
S1,S-v1-complex,0-baseline,안정형-무가중진단,0.000,0.000,0.000,False,1.9,1,BACDECFC47DAA410,7,1,"Lunge(5)>Attack>DashRight>Lunge(0)>Attack>MoveLeft>Attack>Retreat>Attack>MoveForward>MoveForward>MoveForward",5,29.000,6,11,6,0,-1.000,0,0.000,True,41.000,6.654,0,180,20000010.000,184.000,0.000,20000200.000,91.459,E8E011ECC50A0CF2,True,1,True,False,"Beam 1위와 안정형 관측 추천 일치"
S1,S-v1-complex,0-baseline,안정형-무가중진단,0.000,0.000,0.000,False,1.9,1,BACDECFC47DAA410,7,2,"Lunge(5)>Attack>DashRight>Lunge(0)>Attack>MoveLeft>Attack>Retreat>Attack>MoveForward>MoveForward>MoveLeft",5,29.000,6,11,6,0,-1.000,0,0.000,True,41.000,6.654,0,180,20000010.000,184.000,0.000,20000200.000,91.459,5597A6E0CF88272D,True,2,False,False,""
S1,S-v1-complex,0-baseline,안정형-무가중진단,0.000,0.000,0.000,False,1.9,1,BACDECFC47DAA410,7,3,"Lunge(5)>Attack>DashRight>Lunge(0)>Attack>MoveLeft>Attack>Retreat>Attack>MoveForward>MoveForward>MoveRight",5,29.000,6,11,6,0,-1.000,0,0.000,True,41.000,6.654,0,180,20000010.000,184.000,0.000,20000200.000,91.459,B9DF8EDE38779BF7,True,3,False,False,""
S1,S-v1-complex,0-baseline,안정형-무가중진단,0.000,0.000,0.000,False,1.9,1,BACDECFC47DAA410,8,1,"Lunge(5)>Attack>DashRight>Lunge(0)>Attack>MoveLeft>Attack>Retreat>Attack>MoveForward>MoveForward>MoveForward",5,29.000,6,11,6,0,-1.000,0,0.000,True,41.000,6.654,0,180,20000010.000,184.000,0.000,20000200.000,89.036,E8E011ECC50A0CF2,True,1,True,False,"Beam 1위와 안정형 관측 추천 일치"
S1,S-v1-complex,0-baseline,안정형-무가중진단,0.000,0.000,0.000,False,1.9,1,BACDECFC47DAA410,8,2,"Lunge(5)>Attack>DashRight>Lunge(0)>Attack>MoveLeft>Attack>Retreat>Attack>MoveForward>MoveForward>MoveLeft",5,29.000,6,11,6,0,-1.000,0,0.000,True,41.000,6.654,0,180,20000010.000,184.000,0.000,20000200.000,89.036,5597A6E0CF88272D,True,2,False,False,""
S1,S-v1-complex,0-baseline,안정형-무가중진단,0.000,0.000,0.000,False,1.9,1,BACDECFC47DAA410,8,3,"Lunge(5)>Attack>DashRight>Lunge(0)>Attack>MoveLeft>Attack>Retreat>Attack>MoveForward>MoveForward>MoveRight",5,29.000,6,11,6,0,-1.000,0,0.000,True,41.000,6.654,0,180,20000010.000,184.000,0.000,20000200.000,89.036,B9DF8EDE38779BF7,True,3,False,False,""
S1,S-v1-complex,0-baseline,안정형-무가중진단,0.000,0.000,0.000,False,1.9,1,BACDECFC47DAA410,9,1,"Lunge(5)>Attack>DashRight>Lunge(0)>Attack>MoveLeft>Attack>Retreat>Attack>MoveForward>MoveForward>MoveForward",5,29.000,6,11,6,0,-1.000,0,0.000,True,41.000,6.654,0,180,20000010.000,184.000,0.000,20000200.000,88.118,E8E011ECC50A0CF2,True,1,True,False,"Beam 1위와 안정형 관측 추천 일치"
S1,S-v1-complex,0-baseline,안정형-무가중진단,0.000,0.000,0.000,False,1.9,1,BACDECFC47DAA410,9,2,"Lunge(5)>Attack>DashRight>Lunge(0)>Attack>MoveLeft>Attack>Retreat>Attack>MoveForward>MoveForward>MoveLeft",5,29.000,6,11,6,0,-1.000,0,0.000,True,41.000,6.654,0,180,20000010.000,184.000,0.000,20000200.000,88.118,5597A6E0CF88272D,True,2,False,False,""
S1,S-v1-complex,0-baseline,안정형-무가중진단,0.000,0.000,0.000,False,1.9,1,BACDECFC47DAA410,9,3,"Lunge(5)>Attack>DashRight>Lunge(0)>Attack>MoveLeft>Attack>Retreat>Attack>MoveForward>MoveForward>MoveRight",5,29.000,6,11,6,0,-1.000,0,0.000,True,41.000,6.654,0,180,20000010.000,184.000,0.000,20000200.000,88.118,B9DF8EDE38779BF7,True,3,False,False,""
S1,S-v1-complex,0-baseline,안정형-무가중진단,0.000,0.000,0.000,False,1.9,1,BACDECFC47DAA410,10,1,"Lunge(5)>Attack>DashRight>Lunge(0)>Attack>MoveLeft>Attack>Retreat>Attack>MoveForward>MoveForward>MoveForward",5,29.000,6,11,6,0,-1.000,0,0.000,True,41.000,6.654,0,180,20000010.000,184.000,0.000,20000200.000,86.374,E8E011ECC50A0CF2,True,1,True,False,"Beam 1위와 안정형 관측 추천 일치"
S1,S-v1-complex,0-baseline,안정형-무가중진단,0.000,0.000,0.000,False,1.9,1,BACDECFC47DAA410,10,2,"Lunge(5)>Attack>DashRight>Lunge(0)>Attack>MoveLeft>Attack>Retreat>Attack>MoveForward>MoveForward>MoveLeft",5,29.000,6,11,6,0,-1.000,0,0.000,True,41.000,6.654,0,180,20000010.000,184.000,0.000,20000200.000,86.374,5597A6E0CF88272D,True,2,False,False,""
S1,S-v1-complex,0-baseline,안정형-무가중진단,0.000,0.000,0.000,False,1.9,1,BACDECFC47DAA410,10,3,"Lunge(5)>Attack>DashRight>Lunge(0)>Attack>MoveLeft>Attack>Retreat>Attack>MoveForward>MoveForward>MoveRight",5,29.000,6,11,6,0,-1.000,0,0.000,True,41.000,6.654,0,180,20000010.000,184.000,0.000,20000200.000,86.374,B9DF8EDE38779BF7,True,3,False,False,""
S2,S-v1-complex,0-baseline,안정형-무가중진단,0.000,0.000,0.000,False,1.9,1,8FE85AD103A4BA3E,1,1,"Attack>DashBackward>Lunge(3)>Attack>MoveLeft>Attack>Retreat>Attack>DashLeft>Lunge(6)>MoveLeft>Lunge(2)",3,34.000,7,14,7,0,-1.000,0,0.000,True,38.000,8.369,0,180,20000010.000,211.000,0.000,20000220.000,110.819,BE865976BF9220E7,True,3,False,True,""
S2,S-v1-complex,0-baseline,안정형-무가중진단,0.000,0.000,0.000,False,1.9,1,8FE85AD103A4BA3E,1,2,"Attack>DashBackward>Lunge(3)>Attack>MoveLeft>Attack>Retreat>Attack>DashLeft>Lunge(6)>MoveRight>Lunge(2)",3,34.000,7,14,7,0,-1.000,0,0.000,True,38.000,8.368,0,180,20000010.000,211.000,0.000,20000220.000,110.819,8A7BF382636B624D,True,2,False,True,""
S2,S-v1-complex,0-baseline,안정형-무가중진단,0.000,0.000,0.000,False,1.9,1,8FE85AD103A4BA3E,1,3,"Attack>DashBackward>Lunge(3)>Attack>MoveLeft>Attack>Retreat>Attack>DashLeft>Lunge(6)>Retreat>Lunge(2)",3,34.000,7,14,7,0,-1.000,0,0.000,True,38.000,8.364,0,180,20000010.000,211.000,0.000,20000220.000,110.819,0418CCEF554BC5A0,True,1,True,True,"입력 난이도 감소"
S2,S-v1-complex,0-baseline,안정형-무가중진단,0.000,0.000,0.000,False,1.9,1,8FE85AD103A4BA3E,2,1,"Attack>DashBackward>Lunge(3)>Attack>MoveLeft>Attack>Retreat>Attack>DashLeft>Lunge(6)>MoveLeft>Lunge(2)",3,34.000,7,14,7,0,-1.000,0,0.000,True,38.000,8.369,0,180,20000010.000,211.000,0.000,20000220.000,143.831,BE865976BF9220E7,True,3,False,True,""
S2,S-v1-complex,0-baseline,안정형-무가중진단,0.000,0.000,0.000,False,1.9,1,8FE85AD103A4BA3E,2,2,"Attack>DashBackward>Lunge(3)>Attack>MoveLeft>Attack>Retreat>Attack>DashLeft>Lunge(6)>MoveRight>Lunge(2)",3,34.000,7,14,7,0,-1.000,0,0.000,True,38.000,8.368,0,180,20000010.000,211.000,0.000,20000220.000,143.831,8A7BF382636B624D,True,2,False,True,""
S2,S-v1-complex,0-baseline,안정형-무가중진단,0.000,0.000,0.000,False,1.9,1,8FE85AD103A4BA3E,2,3,"Attack>DashBackward>Lunge(3)>Attack>MoveLeft>Attack>Retreat>Attack>DashLeft>Lunge(6)>Retreat>Lunge(2)",3,34.000,7,14,7,0,-1.000,0,0.000,True,38.000,8.364,0,180,20000010.000,211.000,0.000,20000220.000,143.831,0418CCEF554BC5A0,True,1,True,True,"입력 난이도 감소"
S2,S-v1-complex,0-baseline,안정형-무가중진단,0.000,0.000,0.000,False,1.9,1,8FE85AD103A4BA3E,3,1,"Attack>DashBackward>Lunge(3)>Attack>MoveLeft>Attack>Retreat>Attack>DashLeft>Lunge(6)>MoveLeft>Lunge(2)",3,34.000,7,14,7,0,-1.000,0,0.000,True,38.000,8.369,0,180,20000010.000,211.000,0.000,20000220.000,102.807,BE865976BF9220E7,True,3,False,True,""
S2,S-v1-complex,0-baseline,안정형-무가중진단,0.000,0.000,0.000,False,1.9,1,8FE85AD103A4BA3E,3,2,"Attack>DashBackward>Lunge(3)>Attack>MoveLeft>Attack>Retreat>Attack>DashLeft>Lunge(6)>MoveRight>Lunge(2)",3,34.000,7,14,7,0,-1.000,0,0.000,True,38.000,8.368,0,180,20000010.000,211.000,0.000,20000220.000,102.807,8A7BF382636B624D,True,2,False,True,""
S2,S-v1-complex,0-baseline,안정형-무가중진단,0.000,0.000,0.000,False,1.9,1,8FE85AD103A4BA3E,3,3,"Attack>DashBackward>Lunge(3)>Attack>MoveLeft>Attack>Retreat>Attack>DashLeft>Lunge(6)>Retreat>Lunge(2)",3,34.000,7,14,7,0,-1.000,0,0.000,True,38.000,8.364,0,180,20000010.000,211.000,0.000,20000220.000,102.807,0418CCEF554BC5A0,True,1,True,True,"입력 난이도 감소"
S2,S-v1-complex,0-baseline,안정형-무가중진단,0.000,0.000,0.000,False,1.9,1,8FE85AD103A4BA3E,4,1,"Attack>DashBackward>Lunge(3)>Attack>MoveLeft>Attack>Retreat>Attack>DashLeft>Lunge(6)>MoveLeft>Lunge(2)",3,34.000,7,14,7,0,-1.000,0,0.000,True,38.000,8.369,0,180,20000010.000,211.000,0.000,20000220.000,100.115,BE865976BF9220E7,True,3,False,True,""
S2,S-v1-complex,0-baseline,안정형-무가중진단,0.000,0.000,0.000,False,1.9,1,8FE85AD103A4BA3E,4,2,"Attack>DashBackward>Lunge(3)>Attack>MoveLeft>Attack>Retreat>Attack>DashLeft>Lunge(6)>MoveRight>Lunge(2)",3,34.000,7,14,7,0,-1.000,0,0.000,True,38.000,8.368,0,180,20000010.000,211.000,0.000,20000220.000,100.115,8A7BF382636B624D,True,2,False,True,""
S2,S-v1-complex,0-baseline,안정형-무가중진단,0.000,0.000,0.000,False,1.9,1,8FE85AD103A4BA3E,4,3,"Attack>DashBackward>Lunge(3)>Attack>MoveLeft>Attack>Retreat>Attack>DashLeft>Lunge(6)>Retreat>Lunge(2)",3,34.000,7,14,7,0,-1.000,0,0.000,True,38.000,8.364,0,180,20000010.000,211.000,0.000,20000220.000,100.115,0418CCEF554BC5A0,True,1,True,True,"입력 난이도 감소"
S2,S-v1-complex,0-baseline,안정형-무가중진단,0.000,0.000,0.000,False,1.9,1,8FE85AD103A4BA3E,5,1,"Attack>DashBackward>Lunge(3)>Attack>MoveLeft>Attack>Retreat>Attack>DashLeft>Lunge(6)>MoveLeft>Lunge(2)",3,34.000,7,14,7,0,-1.000,0,0.000,True,38.000,8.369,0,180,20000010.000,211.000,0.000,20000220.000,109.851,BE865976BF9220E7,True,3,False,True,""
S2,S-v1-complex,0-baseline,안정형-무가중진단,0.000,0.000,0.000,False,1.9,1,8FE85AD103A4BA3E,5,2,"Attack>DashBackward>Lunge(3)>Attack>MoveLeft>Attack>Retreat>Attack>DashLeft>Lunge(6)>MoveRight>Lunge(2)",3,34.000,7,14,7,0,-1.000,0,0.000,True,38.000,8.368,0,180,20000010.000,211.000,0.000,20000220.000,109.851,8A7BF382636B624D,True,2,False,True,""
S2,S-v1-complex,0-baseline,안정형-무가중진단,0.000,0.000,0.000,False,1.9,1,8FE85AD103A4BA3E,5,3,"Attack>DashBackward>Lunge(3)>Attack>MoveLeft>Attack>Retreat>Attack>DashLeft>Lunge(6)>Retreat>Lunge(2)",3,34.000,7,14,7,0,-1.000,0,0.000,True,38.000,8.364,0,180,20000010.000,211.000,0.000,20000220.000,109.851,0418CCEF554BC5A0,True,1,True,True,"입력 난이도 감소"
S2,S-v1-complex,0-baseline,안정형-무가중진단,0.000,0.000,0.000,False,1.9,1,8FE85AD103A4BA3E,6,1,"Attack>DashBackward>Lunge(3)>Attack>MoveLeft>Attack>Retreat>Attack>DashLeft>Lunge(6)>MoveLeft>Lunge(2)",3,34.000,7,14,7,0,-1.000,0,0.000,True,38.000,8.369,0,180,20000010.000,211.000,0.000,20000220.000,109.387,BE865976BF9220E7,True,3,False,True,""
S2,S-v1-complex,0-baseline,안정형-무가중진단,0.000,0.000,0.000,False,1.9,1,8FE85AD103A4BA3E,6,2,"Attack>DashBackward>Lunge(3)>Attack>MoveLeft>Attack>Retreat>Attack>DashLeft>Lunge(6)>MoveRight>Lunge(2)",3,34.000,7,14,7,0,-1.000,0,0.000,True,38.000,8.368,0,180,20000010.000,211.000,0.000,20000220.000,109.387,8A7BF382636B624D,True,2,False,True,""
S2,S-v1-complex,0-baseline,안정형-무가중진단,0.000,0.000,0.000,False,1.9,1,8FE85AD103A4BA3E,6,3,"Attack>DashBackward>Lunge(3)>Attack>MoveLeft>Attack>Retreat>Attack>DashLeft>Lunge(6)>Retreat>Lunge(2)",3,34.000,7,14,7,0,-1.000,0,0.000,True,38.000,8.364,0,180,20000010.000,211.000,0.000,20000220.000,109.387,0418CCEF554BC5A0,True,1,True,True,"입력 난이도 감소"
S2,S-v1-complex,0-baseline,안정형-무가중진단,0.000,0.000,0.000,False,1.9,1,8FE85AD103A4BA3E,7,1,"Attack>DashBackward>Lunge(3)>Attack>MoveLeft>Attack>Retreat>Attack>DashLeft>Lunge(6)>MoveLeft>Lunge(2)",3,34.000,7,14,7,0,-1.000,0,0.000,True,38.000,8.369,0,180,20000010.000,211.000,0.000,20000220.000,116.225,BE865976BF9220E7,True,3,False,True,""
S2,S-v1-complex,0-baseline,안정형-무가중진단,0.000,0.000,0.000,False,1.9,1,8FE85AD103A4BA3E,7,2,"Attack>DashBackward>Lunge(3)>Attack>MoveLeft>Attack>Retreat>Attack>DashLeft>Lunge(6)>MoveRight>Lunge(2)",3,34.000,7,14,7,0,-1.000,0,0.000,True,38.000,8.368,0,180,20000010.000,211.000,0.000,20000220.000,116.225,8A7BF382636B624D,True,2,False,True,""
S2,S-v1-complex,0-baseline,안정형-무가중진단,0.000,0.000,0.000,False,1.9,1,8FE85AD103A4BA3E,7,3,"Attack>DashBackward>Lunge(3)>Attack>MoveLeft>Attack>Retreat>Attack>DashLeft>Lunge(6)>Retreat>Lunge(2)",3,34.000,7,14,7,0,-1.000,0,0.000,True,38.000,8.364,0,180,20000010.000,211.000,0.000,20000220.000,116.225,0418CCEF554BC5A0,True,1,True,True,"입력 난이도 감소"
S2,S-v1-complex,0-baseline,안정형-무가중진단,0.000,0.000,0.000,False,1.9,1,8FE85AD103A4BA3E,8,1,"Attack>DashBackward>Lunge(3)>Attack>MoveLeft>Attack>Retreat>Attack>DashLeft>Lunge(6)>MoveLeft>Lunge(2)",3,34.000,7,14,7,0,-1.000,0,0.000,True,38.000,8.369,0,180,20000010.000,211.000,0.000,20000220.000,121.476,BE865976BF9220E7,True,3,False,True,""
S2,S-v1-complex,0-baseline,안정형-무가중진단,0.000,0.000,0.000,False,1.9,1,8FE85AD103A4BA3E,8,2,"Attack>DashBackward>Lunge(3)>Attack>MoveLeft>Attack>Retreat>Attack>DashLeft>Lunge(6)>MoveRight>Lunge(2)",3,34.000,7,14,7,0,-1.000,0,0.000,True,38.000,8.368,0,180,20000010.000,211.000,0.000,20000220.000,121.476,8A7BF382636B624D,True,2,False,True,""
S2,S-v1-complex,0-baseline,안정형-무가중진단,0.000,0.000,0.000,False,1.9,1,8FE85AD103A4BA3E,8,3,"Attack>DashBackward>Lunge(3)>Attack>MoveLeft>Attack>Retreat>Attack>DashLeft>Lunge(6)>Retreat>Lunge(2)",3,34.000,7,14,7,0,-1.000,0,0.000,True,38.000,8.364,0,180,20000010.000,211.000,0.000,20000220.000,121.476,0418CCEF554BC5A0,True,1,True,True,"입력 난이도 감소"
S2,S-v1-complex,0-baseline,안정형-무가중진단,0.000,0.000,0.000,False,1.9,1,8FE85AD103A4BA3E,9,1,"Attack>DashBackward>Lunge(3)>Attack>MoveLeft>Attack>Retreat>Attack>DashLeft>Lunge(6)>MoveLeft>Lunge(2)",3,34.000,7,14,7,0,-1.000,0,0.000,True,38.000,8.369,0,180,20000010.000,211.000,0.000,20000220.000,397.993,BE865976BF9220E7,True,3,False,True,""
S2,S-v1-complex,0-baseline,안정형-무가중진단,0.000,0.000,0.000,False,1.9,1,8FE85AD103A4BA3E,9,2,"Attack>DashBackward>Lunge(3)>Attack>MoveLeft>Attack>Retreat>Attack>DashLeft>Lunge(6)>MoveRight>Lunge(2)",3,34.000,7,14,7,0,-1.000,0,0.000,True,38.000,8.368,0,180,20000010.000,211.000,0.000,20000220.000,397.993,8A7BF382636B624D,True,2,False,True,""
S2,S-v1-complex,0-baseline,안정형-무가중진단,0.000,0.000,0.000,False,1.9,1,8FE85AD103A4BA3E,9,3,"Attack>DashBackward>Lunge(3)>Attack>MoveLeft>Attack>Retreat>Attack>DashLeft>Lunge(6)>Retreat>Lunge(2)",3,34.000,7,14,7,0,-1.000,0,0.000,True,38.000,8.364,0,180,20000010.000,211.000,0.000,20000220.000,397.993,0418CCEF554BC5A0,True,1,True,True,"입력 난이도 감소"
S2,S-v1-complex,0-baseline,안정형-무가중진단,0.000,0.000,0.000,False,1.9,1,8FE85AD103A4BA3E,10,1,"Attack>DashBackward>Lunge(3)>Attack>MoveLeft>Attack>Retreat>Attack>DashLeft>Lunge(6)>MoveLeft>Lunge(2)",3,34.000,7,14,7,0,-1.000,0,0.000,True,38.000,8.369,0,180,20000010.000,211.000,0.000,20000220.000,307.236,BE865976BF9220E7,True,3,False,True,""
S2,S-v1-complex,0-baseline,안정형-무가중진단,0.000,0.000,0.000,False,1.9,1,8FE85AD103A4BA3E,10,2,"Attack>DashBackward>Lunge(3)>Attack>MoveLeft>Attack>Retreat>Attack>DashLeft>Lunge(6)>MoveRight>Lunge(2)",3,34.000,7,14,7,0,-1.000,0,0.000,True,38.000,8.368,0,180,20000010.000,211.000,0.000,20000220.000,307.236,8A7BF382636B624D,True,2,False,True,""
S2,S-v1-complex,0-baseline,안정형-무가중진단,0.000,0.000,0.000,False,1.9,1,8FE85AD103A4BA3E,10,3,"Attack>DashBackward>Lunge(3)>Attack>MoveLeft>Attack>Retreat>Attack>DashLeft>Lunge(6)>Retreat>Lunge(2)",3,34.000,7,14,7,0,-1.000,0,0.000,True,38.000,8.364,0,180,20000010.000,211.000,0.000,20000220.000,307.236,0418CCEF554BC5A0,True,1,True,True,"입력 난이도 감소"
S3,S-v1-complex,0-baseline,안정형-무가중진단,0.000,0.000,0.000,False,1.9,1,833B65CAE74ACC51,1,1,"Lunge(1)>Attack>DashLeft>Lunge(0)>MoveForward>Lunge(0)>MoveForward>MoveLeft>MoveLeft>MoveLeft>MoveLeft>MoveLeft",0,34.000,2,4,3,1,7.786,0,0.000,True,40.573,7.364,0,180,20000010.000,96.000,0.000,20000110.000,166.864,BD268924DA08C465,True,2,False,True,""
S3,S-v1-complex,0-baseline,안정형-무가중진단,0.000,0.000,0.000,False,1.9,1,833B65CAE74ACC51,1,2,"Lunge(1)>Attack>DashLeft>Lunge(0)>MoveForward>Lunge(0)>MoveForward>MoveLeft>MoveLeft>MoveLeft>MoveLeft>MoveRight",0,34.000,2,4,3,1,7.786,0,0.000,True,40.573,7.364,0,180,20000010.000,96.000,0.000,20000110.000,166.864,DBD63AFA0246C2CB,True,3,False,True,""
S3,S-v1-complex,0-baseline,안정형-무가중진단,0.000,0.000,0.000,False,1.9,1,833B65CAE74ACC51,1,3,"Lunge(1)>Attack>DashLeft>Lunge(0)>MoveForward>Lunge(0)>MoveForward>MoveLeft>MoveLeft>MoveLeft>MoveLeft>Retreat",0,34.000,2,4,3,1,10.056,0,0.000,True,41.000,7.364,0,180,20000010.000,96.000,0.000,20000110.000,166.864,F0DA14CE8CD00494,True,1,True,True,"종료 안전도와 퇴로 우세"
S3,S-v1-complex,0-baseline,안정형-무가중진단,0.000,0.000,0.000,False,1.9,1,833B65CAE74ACC51,2,1,"Lunge(1)>Attack>DashLeft>Lunge(0)>MoveForward>Lunge(0)>MoveForward>MoveLeft>MoveLeft>MoveLeft>MoveLeft>MoveLeft",0,34.000,2,4,3,1,7.786,0,0.000,True,40.573,7.364,0,180,20000010.000,96.000,0.000,20000110.000,146.949,BD268924DA08C465,True,2,False,True,""
S3,S-v1-complex,0-baseline,안정형-무가중진단,0.000,0.000,0.000,False,1.9,1,833B65CAE74ACC51,2,2,"Lunge(1)>Attack>DashLeft>Lunge(0)>MoveForward>Lunge(0)>MoveForward>MoveLeft>MoveLeft>MoveLeft>MoveLeft>MoveRight",0,34.000,2,4,3,1,7.786,0,0.000,True,40.573,7.364,0,180,20000010.000,96.000,0.000,20000110.000,146.949,DBD63AFA0246C2CB,True,3,False,True,""
S3,S-v1-complex,0-baseline,안정형-무가중진단,0.000,0.000,0.000,False,1.9,1,833B65CAE74ACC51,2,3,"Lunge(1)>Attack>DashLeft>Lunge(0)>MoveForward>Lunge(0)>MoveForward>MoveLeft>MoveLeft>MoveLeft>MoveLeft>Retreat",0,34.000,2,4,3,1,10.056,0,0.000,True,41.000,7.364,0,180,20000010.000,96.000,0.000,20000110.000,146.949,F0DA14CE8CD00494,True,1,True,True,"종료 안전도와 퇴로 우세"
S3,S-v1-complex,0-baseline,안정형-무가중진단,0.000,0.000,0.000,False,1.9,1,833B65CAE74ACC51,3,1,"Lunge(1)>Attack>DashLeft>Lunge(0)>MoveForward>Lunge(0)>MoveForward>MoveLeft>MoveLeft>MoveLeft>MoveLeft>MoveLeft",0,34.000,2,4,3,1,7.786,0,0.000,True,40.573,7.364,0,180,20000010.000,96.000,0.000,20000110.000,147.025,BD268924DA08C465,True,2,False,True,""
S3,S-v1-complex,0-baseline,안정형-무가중진단,0.000,0.000,0.000,False,1.9,1,833B65CAE74ACC51,3,2,"Lunge(1)>Attack>DashLeft>Lunge(0)>MoveForward>Lunge(0)>MoveForward>MoveLeft>MoveLeft>MoveLeft>MoveLeft>MoveRight",0,34.000,2,4,3,1,7.786,0,0.000,True,40.573,7.364,0,180,20000010.000,96.000,0.000,20000110.000,147.025,DBD63AFA0246C2CB,True,3,False,True,""
S3,S-v1-complex,0-baseline,안정형-무가중진단,0.000,0.000,0.000,False,1.9,1,833B65CAE74ACC51,3,3,"Lunge(1)>Attack>DashLeft>Lunge(0)>MoveForward>Lunge(0)>MoveForward>MoveLeft>MoveLeft>MoveLeft>MoveLeft>Retreat",0,34.000,2,4,3,1,10.056,0,0.000,True,41.000,7.364,0,180,20000010.000,96.000,0.000,20000110.000,147.025,F0DA14CE8CD00494,True,1,True,True,"종료 안전도와 퇴로 우세"
S3,S-v1-complex,0-baseline,안정형-무가중진단,0.000,0.000,0.000,False,1.9,1,833B65CAE74ACC51,4,1,"Lunge(1)>Attack>DashLeft>Lunge(0)>MoveForward>Lunge(0)>MoveForward>MoveLeft>MoveLeft>MoveLeft>MoveLeft>MoveLeft",0,34.000,2,4,3,1,7.786,0,0.000,True,40.573,7.364,0,180,20000010.000,96.000,0.000,20000110.000,234.215,BD268924DA08C465,True,2,False,True,""
S3,S-v1-complex,0-baseline,안정형-무가중진단,0.000,0.000,0.000,False,1.9,1,833B65CAE74ACC51,4,2,"Lunge(1)>Attack>DashLeft>Lunge(0)>MoveForward>Lunge(0)>MoveForward>MoveLeft>MoveLeft>MoveLeft>MoveLeft>MoveRight",0,34.000,2,4,3,1,7.786,0,0.000,True,40.573,7.364,0,180,20000010.000,96.000,0.000,20000110.000,234.215,DBD63AFA0246C2CB,True,3,False,True,""
S3,S-v1-complex,0-baseline,안정형-무가중진단,0.000,0.000,0.000,False,1.9,1,833B65CAE74ACC51,4,3,"Lunge(1)>Attack>DashLeft>Lunge(0)>MoveForward>Lunge(0)>MoveForward>MoveLeft>MoveLeft>MoveLeft>MoveLeft>Retreat",0,34.000,2,4,3,1,10.056,0,0.000,True,41.000,7.364,0,180,20000010.000,96.000,0.000,20000110.000,234.215,F0DA14CE8CD00494,True,1,True,True,"종료 안전도와 퇴로 우세"
S3,S-v1-complex,0-baseline,안정형-무가중진단,0.000,0.000,0.000,False,1.9,1,833B65CAE74ACC51,5,1,"Lunge(1)>Attack>DashLeft>Lunge(0)>MoveForward>Lunge(0)>MoveForward>MoveLeft>MoveLeft>MoveLeft>MoveLeft>MoveLeft",0,34.000,2,4,3,1,7.786,0,0.000,True,40.573,7.364,0,180,20000010.000,96.000,0.000,20000110.000,163.088,BD268924DA08C465,True,2,False,True,""
S3,S-v1-complex,0-baseline,안정형-무가중진단,0.000,0.000,0.000,False,1.9,1,833B65CAE74ACC51,5,2,"Lunge(1)>Attack>DashLeft>Lunge(0)>MoveForward>Lunge(0)>MoveForward>MoveLeft>MoveLeft>MoveLeft>MoveLeft>MoveRight",0,34.000,2,4,3,1,7.786,0,0.000,True,40.573,7.364,0,180,20000010.000,96.000,0.000,20000110.000,163.088,DBD63AFA0246C2CB,True,3,False,True,""
S3,S-v1-complex,0-baseline,안정형-무가중진단,0.000,0.000,0.000,False,1.9,1,833B65CAE74ACC51,5,3,"Lunge(1)>Attack>DashLeft>Lunge(0)>MoveForward>Lunge(0)>MoveForward>MoveLeft>MoveLeft>MoveLeft>MoveLeft>Retreat",0,34.000,2,4,3,1,10.056,0,0.000,True,41.000,7.364,0,180,20000010.000,96.000,0.000,20000110.000,163.088,F0DA14CE8CD00494,True,1,True,True,"종료 안전도와 퇴로 우세"
S3,S-v1-complex,0-baseline,안정형-무가중진단,0.000,0.000,0.000,False,1.9,1,833B65CAE74ACC51,6,1,"Lunge(1)>Attack>DashLeft>Lunge(0)>MoveForward>Lunge(0)>MoveForward>MoveLeft>MoveLeft>MoveLeft>MoveLeft>MoveLeft",0,34.000,2,4,3,1,7.786,0,0.000,True,40.573,7.364,0,180,20000010.000,96.000,0.000,20000110.000,186.249,BD268924DA08C465,True,2,False,True,""
S3,S-v1-complex,0-baseline,안정형-무가중진단,0.000,0.000,0.000,False,1.9,1,833B65CAE74ACC51,6,2,"Lunge(1)>Attack>DashLeft>Lunge(0)>MoveForward>Lunge(0)>MoveForward>MoveLeft>MoveLeft>MoveLeft>MoveLeft>MoveRight",0,34.000,2,4,3,1,7.786,0,0.000,True,40.573,7.364,0,180,20000010.000,96.000,0.000,20000110.000,186.249,DBD63AFA0246C2CB,True,3,False,True,""
S3,S-v1-complex,0-baseline,안정형-무가중진단,0.000,0.000,0.000,False,1.9,1,833B65CAE74ACC51,6,3,"Lunge(1)>Attack>DashLeft>Lunge(0)>MoveForward>Lunge(0)>MoveForward>MoveLeft>MoveLeft>MoveLeft>MoveLeft>Retreat",0,34.000,2,4,3,1,10.056,0,0.000,True,41.000,7.364,0,180,20000010.000,96.000,0.000,20000110.000,186.249,F0DA14CE8CD00494,True,1,True,True,"종료 안전도와 퇴로 우세"
S3,S-v1-complex,0-baseline,안정형-무가중진단,0.000,0.000,0.000,False,1.9,1,833B65CAE74ACC51,7,1,"Lunge(1)>Attack>DashLeft>Lunge(0)>MoveForward>Lunge(0)>MoveForward>MoveLeft>MoveLeft>MoveLeft>MoveLeft>MoveLeft",0,34.000,2,4,3,1,7.786,0,0.000,True,40.573,7.364,0,180,20000010.000,96.000,0.000,20000110.000,203.281,BD268924DA08C465,True,2,False,True,""
S3,S-v1-complex,0-baseline,안정형-무가중진단,0.000,0.000,0.000,False,1.9,1,833B65CAE74ACC51,7,2,"Lunge(1)>Attack>DashLeft>Lunge(0)>MoveForward>Lunge(0)>MoveForward>MoveLeft>MoveLeft>MoveLeft>MoveLeft>MoveRight",0,34.000,2,4,3,1,7.786,0,0.000,True,40.573,7.364,0,180,20000010.000,96.000,0.000,20000110.000,203.281,DBD63AFA0246C2CB,True,3,False,True,""
S3,S-v1-complex,0-baseline,안정형-무가중진단,0.000,0.000,0.000,False,1.9,1,833B65CAE74ACC51,7,3,"Lunge(1)>Attack>DashLeft>Lunge(0)>MoveForward>Lunge(0)>MoveForward>MoveLeft>MoveLeft>MoveLeft>MoveLeft>Retreat",0,34.000,2,4,3,1,10.056,0,0.000,True,41.000,7.364,0,180,20000010.000,96.000,0.000,20000110.000,203.281,F0DA14CE8CD00494,True,1,True,True,"종료 안전도와 퇴로 우세"
S3,S-v1-complex,0-baseline,안정형-무가중진단,0.000,0.000,0.000,False,1.9,1,833B65CAE74ACC51,8,1,"Lunge(1)>Attack>DashLeft>Lunge(0)>MoveForward>Lunge(0)>MoveForward>MoveLeft>MoveLeft>MoveLeft>MoveLeft>MoveLeft",0,34.000,2,4,3,1,7.786,0,0.000,True,40.573,7.364,0,180,20000010.000,96.000,0.000,20000110.000,176.738,BD268924DA08C465,True,2,False,True,""
S3,S-v1-complex,0-baseline,안정형-무가중진단,0.000,0.000,0.000,False,1.9,1,833B65CAE74ACC51,8,2,"Lunge(1)>Attack>DashLeft>Lunge(0)>MoveForward>Lunge(0)>MoveForward>MoveLeft>MoveLeft>MoveLeft>MoveLeft>MoveRight",0,34.000,2,4,3,1,7.786,0,0.000,True,40.573,7.364,0,180,20000010.000,96.000,0.000,20000110.000,176.738,DBD63AFA0246C2CB,True,3,False,True,""
S3,S-v1-complex,0-baseline,안정형-무가중진단,0.000,0.000,0.000,False,1.9,1,833B65CAE74ACC51,8,3,"Lunge(1)>Attack>DashLeft>Lunge(0)>MoveForward>Lunge(0)>MoveForward>MoveLeft>MoveLeft>MoveLeft>MoveLeft>Retreat",0,34.000,2,4,3,1,10.056,0,0.000,True,41.000,7.364,0,180,20000010.000,96.000,0.000,20000110.000,176.738,F0DA14CE8CD00494,True,1,True,True,"종료 안전도와 퇴로 우세"
S3,S-v1-complex,0-baseline,안정형-무가중진단,0.000,0.000,0.000,False,1.9,1,833B65CAE74ACC51,9,1,"Lunge(1)>Attack>DashLeft>Lunge(0)>MoveForward>Lunge(0)>MoveForward>MoveLeft>MoveLeft>MoveLeft>MoveLeft>MoveLeft",0,34.000,2,4,3,1,7.786,0,0.000,True,40.573,7.364,0,180,20000010.000,96.000,0.000,20000110.000,211.921,BD268924DA08C465,True,2,False,True,""
S3,S-v1-complex,0-baseline,안정형-무가중진단,0.000,0.000,0.000,False,1.9,1,833B65CAE74ACC51,9,2,"Lunge(1)>Attack>DashLeft>Lunge(0)>MoveForward>Lunge(0)>MoveForward>MoveLeft>MoveLeft>MoveLeft>MoveLeft>MoveRight",0,34.000,2,4,3,1,7.786,0,0.000,True,40.573,7.364,0,180,20000010.000,96.000,0.000,20000110.000,211.921,DBD63AFA0246C2CB,True,3,False,True,""
S3,S-v1-complex,0-baseline,안정형-무가중진단,0.000,0.000,0.000,False,1.9,1,833B65CAE74ACC51,9,3,"Lunge(1)>Attack>DashLeft>Lunge(0)>MoveForward>Lunge(0)>MoveForward>MoveLeft>MoveLeft>MoveLeft>MoveLeft>Retreat",0,34.000,2,4,3,1,10.056,0,0.000,True,41.000,7.364,0,180,20000010.000,96.000,0.000,20000110.000,211.921,F0DA14CE8CD00494,True,1,True,True,"종료 안전도와 퇴로 우세"
S3,S-v1-complex,0-baseline,안정형-무가중진단,0.000,0.000,0.000,False,1.9,1,833B65CAE74ACC51,10,1,"Lunge(1)>Attack>DashLeft>Lunge(0)>MoveForward>Lunge(0)>MoveForward>MoveLeft>MoveLeft>MoveLeft>MoveLeft>MoveLeft",0,34.000,2,4,3,1,7.786,0,0.000,True,40.573,7.364,0,180,20000010.000,96.000,0.000,20000110.000,198.678,BD268924DA08C465,True,2,False,True,""
S3,S-v1-complex,0-baseline,안정형-무가중진단,0.000,0.000,0.000,False,1.9,1,833B65CAE74ACC51,10,2,"Lunge(1)>Attack>DashLeft>Lunge(0)>MoveForward>Lunge(0)>MoveForward>MoveLeft>MoveLeft>MoveLeft>MoveLeft>MoveRight",0,34.000,2,4,3,1,7.786,0,0.000,True,40.573,7.364,0,180,20000010.000,96.000,0.000,20000110.000,198.678,DBD63AFA0246C2CB,True,3,False,True,""
S3,S-v1-complex,0-baseline,안정형-무가중진단,0.000,0.000,0.000,False,1.9,1,833B65CAE74ACC51,10,3,"Lunge(1)>Attack>DashLeft>Lunge(0)>MoveForward>Lunge(0)>MoveForward>MoveLeft>MoveLeft>MoveLeft>MoveLeft>Retreat",0,34.000,2,4,3,1,10.056,0,0.000,True,41.000,7.364,0,180,20000010.000,96.000,0.000,20000110.000,198.678,F0DA14CE8CD00494,True,1,True,True,"종료 안전도와 퇴로 우세"
S4,S-v1-complex,0-baseline,안정형-무가중진단,0.000,0.000,0.000,False,1.9,1,CAAD8180ED86D572,1,1,"LungeStrike(0)>DashRight>Lunge(1)>Attack>Wait>Attack>DashRight>Lunge(4)>Attack>MoveLeft>MoveLeft>MoveLeft",0,34.000,5,10,6,1,6.166,0,0.000,True,37.331,8.775,0,180,20000010.000,165.000,0.000,20000180.000,474.786,4CC1A6F6273BDD0E,True,2,False,True,""
S4,S-v1-complex,0-baseline,안정형-무가중진단,0.000,0.000,0.000,False,1.9,1,CAAD8180ED86D572,1,2,"LungeStrike(0)>DashRight>Lunge(1)>Attack>Wait>Attack>DashRight>Lunge(4)>Attack>MoveLeft>MoveLeft>MoveRight",0,34.000,5,10,6,1,6.166,0,0.000,True,37.331,8.775,0,180,20000010.000,165.000,0.000,20000180.000,474.786,B5DB2478A384EE51,True,3,False,True,""
S4,S-v1-complex,0-baseline,안정형-무가중진단,0.000,0.000,0.000,False,1.9,1,CAAD8180ED86D572,1,3,"LungeStrike(0)>DashRight>Lunge(1)>Attack>Wait>Attack>DashRight>Lunge(4)>Attack>MoveLeft>MoveLeft>Retreat",0,34.000,5,10,6,1,8.430,0,0.000,True,41.000,8.775,0,180,20000010.000,165.000,0.000,20000180.000,474.786,58AF3288549D4F24,True,1,True,True,"종료 안전도와 퇴로 우세"
S4,S-v1-complex,0-baseline,안정형-무가중진단,0.000,0.000,0.000,False,1.9,1,CAAD8180ED86D572,2,1,"LungeStrike(0)>DashRight>Lunge(1)>Attack>Wait>Attack>DashRight>Lunge(4)>Attack>MoveLeft>MoveLeft>MoveLeft",0,34.000,5,10,6,1,6.166,0,0.000,True,37.331,8.775,0,180,20000010.000,165.000,0.000,20000180.000,276.583,4CC1A6F6273BDD0E,True,2,False,True,""
S4,S-v1-complex,0-baseline,안정형-무가중진단,0.000,0.000,0.000,False,1.9,1,CAAD8180ED86D572,2,2,"LungeStrike(0)>DashRight>Lunge(1)>Attack>Wait>Attack>DashRight>Lunge(4)>Attack>MoveLeft>MoveLeft>MoveRight",0,34.000,5,10,6,1,6.166,0,0.000,True,37.331,8.775,0,180,20000010.000,165.000,0.000,20000180.000,276.583,B5DB2478A384EE51,True,3,False,True,""
S4,S-v1-complex,0-baseline,안정형-무가중진단,0.000,0.000,0.000,False,1.9,1,CAAD8180ED86D572,2,3,"LungeStrike(0)>DashRight>Lunge(1)>Attack>Wait>Attack>DashRight>Lunge(4)>Attack>MoveLeft>MoveLeft>Retreat",0,34.000,5,10,6,1,8.430,0,0.000,True,41.000,8.775,0,180,20000010.000,165.000,0.000,20000180.000,276.583,58AF3288549D4F24,True,1,True,True,"종료 안전도와 퇴로 우세"
S4,S-v1-complex,0-baseline,안정형-무가중진단,0.000,0.000,0.000,False,1.9,1,CAAD8180ED86D572,3,1,"LungeStrike(0)>DashRight>Lunge(1)>Attack>Wait>Attack>DashRight>Lunge(4)>Attack>MoveLeft>MoveLeft>MoveLeft",0,34.000,5,10,6,1,6.166,0,0.000,True,37.331,8.775,0,180,20000010.000,165.000,0.000,20000180.000,231.857,4CC1A6F6273BDD0E,True,2,False,True,""
S4,S-v1-complex,0-baseline,안정형-무가중진단,0.000,0.000,0.000,False,1.9,1,CAAD8180ED86D572,3,2,"LungeStrike(0)>DashRight>Lunge(1)>Attack>Wait>Attack>DashRight>Lunge(4)>Attack>MoveLeft>MoveLeft>MoveRight",0,34.000,5,10,6,1,6.166,0,0.000,True,37.331,8.775,0,180,20000010.000,165.000,0.000,20000180.000,231.857,B5DB2478A384EE51,True,3,False,True,""
S4,S-v1-complex,0-baseline,안정형-무가중진단,0.000,0.000,0.000,False,1.9,1,CAAD8180ED86D572,3,3,"LungeStrike(0)>DashRight>Lunge(1)>Attack>Wait>Attack>DashRight>Lunge(4)>Attack>MoveLeft>MoveLeft>Retreat",0,34.000,5,10,6,1,8.430,0,0.000,True,41.000,8.775,0,180,20000010.000,165.000,0.000,20000180.000,231.857,58AF3288549D4F24,True,1,True,True,"종료 안전도와 퇴로 우세"
S4,S-v1-complex,0-baseline,안정형-무가중진단,0.000,0.000,0.000,False,1.9,1,CAAD8180ED86D572,4,1,"LungeStrike(0)>DashRight>Lunge(1)>Attack>Wait>Attack>DashRight>Lunge(4)>Attack>MoveLeft>MoveLeft>MoveLeft",0,34.000,5,10,6,1,6.166,0,0.000,True,37.331,8.775,0,180,20000010.000,165.000,0.000,20000180.000,274.348,4CC1A6F6273BDD0E,True,2,False,True,""
S4,S-v1-complex,0-baseline,안정형-무가중진단,0.000,0.000,0.000,False,1.9,1,CAAD8180ED86D572,4,2,"LungeStrike(0)>DashRight>Lunge(1)>Attack>Wait>Attack>DashRight>Lunge(4)>Attack>MoveLeft>MoveLeft>MoveRight",0,34.000,5,10,6,1,6.166,0,0.000,True,37.331,8.775,0,180,20000010.000,165.000,0.000,20000180.000,274.348,B5DB2478A384EE51,True,3,False,True,""
S4,S-v1-complex,0-baseline,안정형-무가중진단,0.000,0.000,0.000,False,1.9,1,CAAD8180ED86D572,4,3,"LungeStrike(0)>DashRight>Lunge(1)>Attack>Wait>Attack>DashRight>Lunge(4)>Attack>MoveLeft>MoveLeft>Retreat",0,34.000,5,10,6,1,8.430,0,0.000,True,41.000,8.775,0,180,20000010.000,165.000,0.000,20000180.000,274.348,58AF3288549D4F24,True,1,True,True,"종료 안전도와 퇴로 우세"
S4,S-v1-complex,0-baseline,안정형-무가중진단,0.000,0.000,0.000,False,1.9,1,CAAD8180ED86D572,5,1,"LungeStrike(0)>DashRight>Lunge(1)>Attack>Wait>Attack>DashRight>Lunge(4)>Attack>MoveLeft>MoveLeft>MoveLeft",0,34.000,5,10,6,1,6.166,0,0.000,True,37.331,8.775,0,180,20000010.000,165.000,0.000,20000180.000,262.874,4CC1A6F6273BDD0E,True,2,False,True,""
S4,S-v1-complex,0-baseline,안정형-무가중진단,0.000,0.000,0.000,False,1.9,1,CAAD8180ED86D572,5,2,"LungeStrike(0)>DashRight>Lunge(1)>Attack>Wait>Attack>DashRight>Lunge(4)>Attack>MoveLeft>MoveLeft>MoveRight",0,34.000,5,10,6,1,6.166,0,0.000,True,37.331,8.775,0,180,20000010.000,165.000,0.000,20000180.000,262.874,B5DB2478A384EE51,True,3,False,True,""
S4,S-v1-complex,0-baseline,안정형-무가중진단,0.000,0.000,0.000,False,1.9,1,CAAD8180ED86D572,5,3,"LungeStrike(0)>DashRight>Lunge(1)>Attack>Wait>Attack>DashRight>Lunge(4)>Attack>MoveLeft>MoveLeft>Retreat",0,34.000,5,10,6,1,8.430,0,0.000,True,41.000,8.775,0,180,20000010.000,165.000,0.000,20000180.000,262.874,58AF3288549D4F24,True,1,True,True,"종료 안전도와 퇴로 우세"
S4,S-v1-complex,0-baseline,안정형-무가중진단,0.000,0.000,0.000,False,1.9,1,CAAD8180ED86D572,6,1,"LungeStrike(0)>DashRight>Lunge(1)>Attack>Wait>Attack>DashRight>Lunge(4)>Attack>MoveLeft>MoveLeft>MoveLeft",0,34.000,5,10,6,1,6.166,0,0.000,True,37.331,8.775,0,180,20000010.000,165.000,0.000,20000180.000,387.393,4CC1A6F6273BDD0E,True,2,False,True,""
S4,S-v1-complex,0-baseline,안정형-무가중진단,0.000,0.000,0.000,False,1.9,1,CAAD8180ED86D572,6,2,"LungeStrike(0)>DashRight>Lunge(1)>Attack>Wait>Attack>DashRight>Lunge(4)>Attack>MoveLeft>MoveLeft>MoveRight",0,34.000,5,10,6,1,6.166,0,0.000,True,37.331,8.775,0,180,20000010.000,165.000,0.000,20000180.000,387.393,B5DB2478A384EE51,True,3,False,True,""
S4,S-v1-complex,0-baseline,안정형-무가중진단,0.000,0.000,0.000,False,1.9,1,CAAD8180ED86D572,6,3,"LungeStrike(0)>DashRight>Lunge(1)>Attack>Wait>Attack>DashRight>Lunge(4)>Attack>MoveLeft>MoveLeft>Retreat",0,34.000,5,10,6,1,8.430,0,0.000,True,41.000,8.775,0,180,20000010.000,165.000,0.000,20000180.000,387.393,58AF3288549D4F24,True,1,True,True,"종료 안전도와 퇴로 우세"
S4,S-v1-complex,0-baseline,안정형-무가중진단,0.000,0.000,0.000,False,1.9,1,CAAD8180ED86D572,7,1,"LungeStrike(0)>DashRight>Lunge(1)>Attack>Wait>Attack>DashRight>Lunge(4)>Attack>MoveLeft>MoveLeft>MoveLeft",0,34.000,5,10,6,1,6.166,0,0.000,True,37.331,8.775,0,180,20000010.000,165.000,0.000,20000180.000,296.114,4CC1A6F6273BDD0E,True,2,False,True,""
S4,S-v1-complex,0-baseline,안정형-무가중진단,0.000,0.000,0.000,False,1.9,1,CAAD8180ED86D572,7,2,"LungeStrike(0)>DashRight>Lunge(1)>Attack>Wait>Attack>DashRight>Lunge(4)>Attack>MoveLeft>MoveLeft>MoveRight",0,34.000,5,10,6,1,6.166,0,0.000,True,37.331,8.775,0,180,20000010.000,165.000,0.000,20000180.000,296.114,B5DB2478A384EE51,True,3,False,True,""
S4,S-v1-complex,0-baseline,안정형-무가중진단,0.000,0.000,0.000,False,1.9,1,CAAD8180ED86D572,7,3,"LungeStrike(0)>DashRight>Lunge(1)>Attack>Wait>Attack>DashRight>Lunge(4)>Attack>MoveLeft>MoveLeft>Retreat",0,34.000,5,10,6,1,8.430,0,0.000,True,41.000,8.775,0,180,20000010.000,165.000,0.000,20000180.000,296.114,58AF3288549D4F24,True,1,True,True,"종료 안전도와 퇴로 우세"
S4,S-v1-complex,0-baseline,안정형-무가중진단,0.000,0.000,0.000,False,1.9,1,CAAD8180ED86D572,8,1,"LungeStrike(0)>DashRight>Lunge(1)>Attack>Wait>Attack>DashRight>Lunge(4)>Attack>MoveLeft>MoveLeft>MoveLeft",0,34.000,5,10,6,1,6.166,0,0.000,True,37.331,8.775,0,180,20000010.000,165.000,0.000,20000180.000,322.565,4CC1A6F6273BDD0E,True,2,False,True,""
S4,S-v1-complex,0-baseline,안정형-무가중진단,0.000,0.000,0.000,False,1.9,1,CAAD8180ED86D572,8,2,"LungeStrike(0)>DashRight>Lunge(1)>Attack>Wait>Attack>DashRight>Lunge(4)>Attack>MoveLeft>MoveLeft>MoveRight",0,34.000,5,10,6,1,6.166,0,0.000,True,37.331,8.775,0,180,20000010.000,165.000,0.000,20000180.000,322.565,B5DB2478A384EE51,True,3,False,True,""
S4,S-v1-complex,0-baseline,안정형-무가중진단,0.000,0.000,0.000,False,1.9,1,CAAD8180ED86D572,8,3,"LungeStrike(0)>DashRight>Lunge(1)>Attack>Wait>Attack>DashRight>Lunge(4)>Attack>MoveLeft>MoveLeft>Retreat",0,34.000,5,10,6,1,8.430,0,0.000,True,41.000,8.775,0,180,20000010.000,165.000,0.000,20000180.000,322.565,58AF3288549D4F24,True,1,True,True,"종료 안전도와 퇴로 우세"
S4,S-v1-complex,0-baseline,안정형-무가중진단,0.000,0.000,0.000,False,1.9,1,CAAD8180ED86D572,9,1,"LungeStrike(0)>DashRight>Lunge(1)>Attack>Wait>Attack>DashRight>Lunge(4)>Attack>MoveLeft>MoveLeft>MoveLeft",0,34.000,5,10,6,1,6.166,0,0.000,True,37.331,8.775,0,180,20000010.000,165.000,0.000,20000180.000,304.162,4CC1A6F6273BDD0E,True,2,False,True,""
S4,S-v1-complex,0-baseline,안정형-무가중진단,0.000,0.000,0.000,False,1.9,1,CAAD8180ED86D572,9,2,"LungeStrike(0)>DashRight>Lunge(1)>Attack>Wait>Attack>DashRight>Lunge(4)>Attack>MoveLeft>MoveLeft>MoveRight",0,34.000,5,10,6,1,6.166,0,0.000,True,37.331,8.775,0,180,20000010.000,165.000,0.000,20000180.000,304.162,B5DB2478A384EE51,True,3,False,True,""
S4,S-v1-complex,0-baseline,안정형-무가중진단,0.000,0.000,0.000,False,1.9,1,CAAD8180ED86D572,9,3,"LungeStrike(0)>DashRight>Lunge(1)>Attack>Wait>Attack>DashRight>Lunge(4)>Attack>MoveLeft>MoveLeft>Retreat",0,34.000,5,10,6,1,8.430,0,0.000,True,41.000,8.775,0,180,20000010.000,165.000,0.000,20000180.000,304.162,58AF3288549D4F24,True,1,True,True,"종료 안전도와 퇴로 우세"
S4,S-v1-complex,0-baseline,안정형-무가중진단,0.000,0.000,0.000,False,1.9,1,CAAD8180ED86D572,10,1,"LungeStrike(0)>DashRight>Lunge(1)>Attack>Wait>Attack>DashRight>Lunge(4)>Attack>MoveLeft>MoveLeft>MoveLeft",0,34.000,5,10,6,1,6.166,0,0.000,True,37.331,8.775,0,180,20000010.000,165.000,0.000,20000180.000,255.283,4CC1A6F6273BDD0E,True,2,False,True,""
S4,S-v1-complex,0-baseline,안정형-무가중진단,0.000,0.000,0.000,False,1.9,1,CAAD8180ED86D572,10,2,"LungeStrike(0)>DashRight>Lunge(1)>Attack>Wait>Attack>DashRight>Lunge(4)>Attack>MoveLeft>MoveLeft>MoveRight",0,34.000,5,10,6,1,6.166,0,0.000,True,37.331,8.775,0,180,20000010.000,165.000,0.000,20000180.000,255.283,B5DB2478A384EE51,True,3,False,True,""
S4,S-v1-complex,0-baseline,안정형-무가중진단,0.000,0.000,0.000,False,1.9,1,CAAD8180ED86D572,10,3,"LungeStrike(0)>DashRight>Lunge(1)>Attack>Wait>Attack>DashRight>Lunge(4)>Attack>MoveLeft>MoveLeft>Retreat",0,34.000,5,10,6,1,8.430,0,0.000,True,41.000,8.775,0,180,20000010.000,165.000,0.000,20000180.000,255.283,58AF3288549D4F24,True,1,True,True,"종료 안전도와 퇴로 우세"
S1,S-v1-complex,1-terminal,안정형-1종료안전,0.000,2.200,0.000,False,1.9,1,BACDECFC47DAA410,1,1,"Lunge(5)>Attack>DashRight>Lunge(0)>Attack>MoveLeft>Attack>Retreat>Attack>MoveForward>MoveForward>MoveForward",5,29.000,6,11,6,0,-1.000,0,0.000,True,41.000,6.654,0,180,20000100.000,184.000,0.000,20000290.000,264.955,E8E011ECC50A0CF2,True,1,True,False,"Beam 1위와 안정형 관측 추천 일치"
S1,S-v1-complex,1-terminal,안정형-1종료안전,0.000,2.200,0.000,False,1.9,1,BACDECFC47DAA410,1,2,"Lunge(5)>Attack>DashRight>Lunge(0)>Attack>MoveLeft>Attack>Retreat>Attack>MoveForward>MoveForward>MoveLeft",5,29.000,6,11,6,0,-1.000,0,0.000,True,41.000,6.654,0,180,20000100.000,184.000,0.000,20000290.000,264.955,5597A6E0CF88272D,True,2,False,False,""
S1,S-v1-complex,1-terminal,안정형-1종료안전,0.000,2.200,0.000,False,1.9,1,BACDECFC47DAA410,1,3,"Lunge(5)>Attack>DashRight>Lunge(0)>Attack>MoveLeft>Attack>Retreat>Attack>MoveForward>MoveForward>MoveRight",5,29.000,6,11,6,0,-1.000,0,0.000,True,41.000,6.654,0,180,20000100.000,184.000,0.000,20000290.000,264.955,B9DF8EDE38779BF7,True,3,False,False,""
S1,S-v1-complex,1-terminal,안정형-1종료안전,0.000,2.200,0.000,False,1.9,1,BACDECFC47DAA410,2,1,"Lunge(5)>Attack>DashRight>Lunge(0)>Attack>MoveLeft>Attack>Retreat>Attack>MoveForward>MoveForward>MoveForward",5,29.000,6,11,6,0,-1.000,0,0.000,True,41.000,6.654,0,180,20000100.000,184.000,0.000,20000290.000,263.424,E8E011ECC50A0CF2,True,1,True,False,"Beam 1위와 안정형 관측 추천 일치"
S1,S-v1-complex,1-terminal,안정형-1종료안전,0.000,2.200,0.000,False,1.9,1,BACDECFC47DAA410,2,2,"Lunge(5)>Attack>DashRight>Lunge(0)>Attack>MoveLeft>Attack>Retreat>Attack>MoveForward>MoveForward>MoveLeft",5,29.000,6,11,6,0,-1.000,0,0.000,True,41.000,6.654,0,180,20000100.000,184.000,0.000,20000290.000,263.424,5597A6E0CF88272D,True,2,False,False,""
S1,S-v1-complex,1-terminal,안정형-1종료안전,0.000,2.200,0.000,False,1.9,1,BACDECFC47DAA410,2,3,"Lunge(5)>Attack>DashRight>Lunge(0)>Attack>MoveLeft>Attack>Retreat>Attack>MoveForward>MoveForward>MoveRight",5,29.000,6,11,6,0,-1.000,0,0.000,True,41.000,6.654,0,180,20000100.000,184.000,0.000,20000290.000,263.424,B9DF8EDE38779BF7,True,3,False,False,""
S1,S-v1-complex,1-terminal,안정형-1종료안전,0.000,2.200,0.000,False,1.9,1,BACDECFC47DAA410,3,1,"Lunge(5)>Attack>DashRight>Lunge(0)>Attack>MoveLeft>Attack>Retreat>Attack>MoveForward>MoveForward>MoveForward",5,29.000,6,11,6,0,-1.000,0,0.000,True,41.000,6.654,0,180,20000100.000,184.000,0.000,20000290.000,230.605,E8E011ECC50A0CF2,True,1,True,False,"Beam 1위와 안정형 관측 추천 일치"
S1,S-v1-complex,1-terminal,안정형-1종료안전,0.000,2.200,0.000,False,1.9,1,BACDECFC47DAA410,3,2,"Lunge(5)>Attack>DashRight>Lunge(0)>Attack>MoveLeft>Attack>Retreat>Attack>MoveForward>MoveForward>MoveLeft",5,29.000,6,11,6,0,-1.000,0,0.000,True,41.000,6.654,0,180,20000100.000,184.000,0.000,20000290.000,230.605,5597A6E0CF88272D,True,2,False,False,""
S1,S-v1-complex,1-terminal,안정형-1종료안전,0.000,2.200,0.000,False,1.9,1,BACDECFC47DAA410,3,3,"Lunge(5)>Attack>DashRight>Lunge(0)>Attack>MoveLeft>Attack>Retreat>Attack>MoveForward>MoveForward>MoveRight",5,29.000,6,11,6,0,-1.000,0,0.000,True,41.000,6.654,0,180,20000100.000,184.000,0.000,20000290.000,230.605,B9DF8EDE38779BF7,True,3,False,False,""
S1,S-v1-complex,1-terminal,안정형-1종료안전,0.000,2.200,0.000,False,1.9,1,BACDECFC47DAA410,4,1,"Lunge(5)>Attack>DashRight>Lunge(0)>Attack>MoveLeft>Attack>Retreat>Attack>MoveForward>MoveForward>MoveForward",5,29.000,6,11,6,0,-1.000,0,0.000,True,41.000,6.654,0,180,20000100.000,184.000,0.000,20000290.000,224.733,E8E011ECC50A0CF2,True,1,True,False,"Beam 1위와 안정형 관측 추천 일치"
S1,S-v1-complex,1-terminal,안정형-1종료안전,0.000,2.200,0.000,False,1.9,1,BACDECFC47DAA410,4,2,"Lunge(5)>Attack>DashRight>Lunge(0)>Attack>MoveLeft>Attack>Retreat>Attack>MoveForward>MoveForward>MoveLeft",5,29.000,6,11,6,0,-1.000,0,0.000,True,41.000,6.654,0,180,20000100.000,184.000,0.000,20000290.000,224.733,5597A6E0CF88272D,True,2,False,False,""
S1,S-v1-complex,1-terminal,안정형-1종료안전,0.000,2.200,0.000,False,1.9,1,BACDECFC47DAA410,4,3,"Lunge(5)>Attack>DashRight>Lunge(0)>Attack>MoveLeft>Attack>Retreat>Attack>MoveForward>MoveForward>MoveRight",5,29.000,6,11,6,0,-1.000,0,0.000,True,41.000,6.654,0,180,20000100.000,184.000,0.000,20000290.000,224.733,B9DF8EDE38779BF7,True,3,False,False,""
S1,S-v1-complex,1-terminal,안정형-1종료안전,0.000,2.200,0.000,False,1.9,1,BACDECFC47DAA410,5,1,"Lunge(5)>Attack>DashRight>Lunge(0)>Attack>MoveLeft>Attack>Retreat>Attack>MoveForward>MoveForward>MoveForward",5,29.000,6,11,6,0,-1.000,0,0.000,True,41.000,6.654,0,180,20000100.000,184.000,0.000,20000290.000,312.995,E8E011ECC50A0CF2,True,1,True,False,"Beam 1위와 안정형 관측 추천 일치"
S1,S-v1-complex,1-terminal,안정형-1종료안전,0.000,2.200,0.000,False,1.9,1,BACDECFC47DAA410,5,2,"Lunge(5)>Attack>DashRight>Lunge(0)>Attack>MoveLeft>Attack>Retreat>Attack>MoveForward>MoveForward>MoveLeft",5,29.000,6,11,6,0,-1.000,0,0.000,True,41.000,6.654,0,180,20000100.000,184.000,0.000,20000290.000,312.995,5597A6E0CF88272D,True,2,False,False,""
S1,S-v1-complex,1-terminal,안정형-1종료안전,0.000,2.200,0.000,False,1.9,1,BACDECFC47DAA410,5,3,"Lunge(5)>Attack>DashRight>Lunge(0)>Attack>MoveLeft>Attack>Retreat>Attack>MoveForward>MoveForward>MoveRight",5,29.000,6,11,6,0,-1.000,0,0.000,True,41.000,6.654,0,180,20000100.000,184.000,0.000,20000290.000,312.995,B9DF8EDE38779BF7,True,3,False,False,""
S1,S-v1-complex,1-terminal,안정형-1종료안전,0.000,2.200,0.000,False,1.9,1,BACDECFC47DAA410,6,1,"Lunge(5)>Attack>DashRight>Lunge(0)>Attack>MoveLeft>Attack>Retreat>Attack>MoveForward>MoveForward>MoveForward",5,29.000,6,11,6,0,-1.000,0,0.000,True,41.000,6.654,0,180,20000100.000,184.000,0.000,20000290.000,350.037,E8E011ECC50A0CF2,True,1,True,False,"Beam 1위와 안정형 관측 추천 일치"
S1,S-v1-complex,1-terminal,안정형-1종료안전,0.000,2.200,0.000,False,1.9,1,BACDECFC47DAA410,6,2,"Lunge(5)>Attack>DashRight>Lunge(0)>Attack>MoveLeft>Attack>Retreat>Attack>MoveForward>MoveForward>MoveLeft",5,29.000,6,11,6,0,-1.000,0,0.000,True,41.000,6.654,0,180,20000100.000,184.000,0.000,20000290.000,350.037,5597A6E0CF88272D,True,2,False,False,""
S1,S-v1-complex,1-terminal,안정형-1종료안전,0.000,2.200,0.000,False,1.9,1,BACDECFC47DAA410,6,3,"Lunge(5)>Attack>DashRight>Lunge(0)>Attack>MoveLeft>Attack>Retreat>Attack>MoveForward>MoveForward>MoveRight",5,29.000,6,11,6,0,-1.000,0,0.000,True,41.000,6.654,0,180,20000100.000,184.000,0.000,20000290.000,350.037,B9DF8EDE38779BF7,True,3,False,False,""
S1,S-v1-complex,1-terminal,안정형-1종료안전,0.000,2.200,0.000,False,1.9,1,BACDECFC47DAA410,7,1,"Lunge(5)>Attack>DashRight>Lunge(0)>Attack>MoveLeft>Attack>Retreat>Attack>MoveForward>MoveForward>MoveForward",5,29.000,6,11,6,0,-1.000,0,0.000,True,41.000,6.654,0,180,20000100.000,184.000,0.000,20000290.000,333.220,E8E011ECC50A0CF2,True,1,True,False,"Beam 1위와 안정형 관측 추천 일치"
S1,S-v1-complex,1-terminal,안정형-1종료안전,0.000,2.200,0.000,False,1.9,1,BACDECFC47DAA410,7,2,"Lunge(5)>Attack>DashRight>Lunge(0)>Attack>MoveLeft>Attack>Retreat>Attack>MoveForward>MoveForward>MoveLeft",5,29.000,6,11,6,0,-1.000,0,0.000,True,41.000,6.654,0,180,20000100.000,184.000,0.000,20000290.000,333.220,5597A6E0CF88272D,True,2,False,False,""
S1,S-v1-complex,1-terminal,안정형-1종료안전,0.000,2.200,0.000,False,1.9,1,BACDECFC47DAA410,7,3,"Lunge(5)>Attack>DashRight>Lunge(0)>Attack>MoveLeft>Attack>Retreat>Attack>MoveForward>MoveForward>MoveRight",5,29.000,6,11,6,0,-1.000,0,0.000,True,41.000,6.654,0,180,20000100.000,184.000,0.000,20000290.000,333.220,B9DF8EDE38779BF7,True,3,False,False,""
S1,S-v1-complex,1-terminal,안정형-1종료안전,0.000,2.200,0.000,False,1.9,1,BACDECFC47DAA410,8,1,"Lunge(5)>Attack>DashRight>Lunge(0)>Attack>MoveLeft>Attack>Retreat>Attack>MoveForward>MoveForward>MoveForward",5,29.000,6,11,6,0,-1.000,0,0.000,True,41.000,6.654,0,180,20000100.000,184.000,0.000,20000290.000,507.039,E8E011ECC50A0CF2,True,1,True,False,"Beam 1위와 안정형 관측 추천 일치"
S1,S-v1-complex,1-terminal,안정형-1종료안전,0.000,2.200,0.000,False,1.9,1,BACDECFC47DAA410,8,2,"Lunge(5)>Attack>DashRight>Lunge(0)>Attack>MoveLeft>Attack>Retreat>Attack>MoveForward>MoveForward>MoveLeft",5,29.000,6,11,6,0,-1.000,0,0.000,True,41.000,6.654,0,180,20000100.000,184.000,0.000,20000290.000,507.039,5597A6E0CF88272D,True,2,False,False,""
S1,S-v1-complex,1-terminal,안정형-1종료안전,0.000,2.200,0.000,False,1.9,1,BACDECFC47DAA410,8,3,"Lunge(5)>Attack>DashRight>Lunge(0)>Attack>MoveLeft>Attack>Retreat>Attack>MoveForward>MoveForward>MoveRight",5,29.000,6,11,6,0,-1.000,0,0.000,True,41.000,6.654,0,180,20000100.000,184.000,0.000,20000290.000,507.039,B9DF8EDE38779BF7,True,3,False,False,""
S1,S-v1-complex,1-terminal,안정형-1종료안전,0.000,2.200,0.000,False,1.9,1,BACDECFC47DAA410,9,1,"Lunge(5)>Attack>DashRight>Lunge(0)>Attack>MoveLeft>Attack>Retreat>Attack>MoveForward>MoveForward>MoveForward",5,29.000,6,11,6,0,-1.000,0,0.000,True,41.000,6.654,0,180,20000100.000,184.000,0.000,20000290.000,498.973,E8E011ECC50A0CF2,True,1,True,False,"Beam 1위와 안정형 관측 추천 일치"
S1,S-v1-complex,1-terminal,안정형-1종료안전,0.000,2.200,0.000,False,1.9,1,BACDECFC47DAA410,9,2,"Lunge(5)>Attack>DashRight>Lunge(0)>Attack>MoveLeft>Attack>Retreat>Attack>MoveForward>MoveForward>MoveLeft",5,29.000,6,11,6,0,-1.000,0,0.000,True,41.000,6.654,0,180,20000100.000,184.000,0.000,20000290.000,498.973,5597A6E0CF88272D,True,2,False,False,""
S1,S-v1-complex,1-terminal,안정형-1종료안전,0.000,2.200,0.000,False,1.9,1,BACDECFC47DAA410,9,3,"Lunge(5)>Attack>DashRight>Lunge(0)>Attack>MoveLeft>Attack>Retreat>Attack>MoveForward>MoveForward>MoveRight",5,29.000,6,11,6,0,-1.000,0,0.000,True,41.000,6.654,0,180,20000100.000,184.000,0.000,20000290.000,498.973,B9DF8EDE38779BF7,True,3,False,False,""
S1,S-v1-complex,1-terminal,안정형-1종료안전,0.000,2.200,0.000,False,1.9,1,BACDECFC47DAA410,10,1,"Lunge(5)>Attack>DashRight>Lunge(0)>Attack>MoveLeft>Attack>Retreat>Attack>MoveForward>MoveForward>MoveForward",5,29.000,6,11,6,0,-1.000,0,0.000,True,41.000,6.654,0,180,20000100.000,184.000,0.000,20000290.000,467.876,E8E011ECC50A0CF2,True,1,True,False,"Beam 1위와 안정형 관측 추천 일치"
S1,S-v1-complex,1-terminal,안정형-1종료안전,0.000,2.200,0.000,False,1.9,1,BACDECFC47DAA410,10,2,"Lunge(5)>Attack>DashRight>Lunge(0)>Attack>MoveLeft>Attack>Retreat>Attack>MoveForward>MoveForward>MoveLeft",5,29.000,6,11,6,0,-1.000,0,0.000,True,41.000,6.654,0,180,20000100.000,184.000,0.000,20000290.000,467.876,5597A6E0CF88272D,True,2,False,False,""
S1,S-v1-complex,1-terminal,안정형-1종료안전,0.000,2.200,0.000,False,1.9,1,BACDECFC47DAA410,10,3,"Lunge(5)>Attack>DashRight>Lunge(0)>Attack>MoveLeft>Attack>Retreat>Attack>MoveForward>MoveForward>MoveRight",5,29.000,6,11,6,0,-1.000,0,0.000,True,41.000,6.654,0,180,20000100.000,184.000,0.000,20000290.000,467.876,B9DF8EDE38779BF7,True,3,False,False,""
S2,S-v1-complex,1-terminal,안정형-1종료안전,0.000,2.200,0.000,False,1.9,1,8FE85AD103A4BA3E,1,1,"Attack>DashBackward>Lunge(3)>Attack>MoveLeft>Attack>Retreat>Attack>DashLeft>Lunge(6)>MoveLeft>Lunge(2)",3,34.000,7,14,7,0,-1.000,0,0.000,True,38.000,8.369,0,180,20000100.000,211.000,0.000,20000310.000,523.574,BE865976BF9220E7,True,3,False,True,""
S2,S-v1-complex,1-terminal,안정형-1종료안전,0.000,2.200,0.000,False,1.9,1,8FE85AD103A4BA3E,1,2,"Attack>DashBackward>Lunge(3)>Attack>MoveLeft>Attack>Retreat>Attack>DashLeft>Lunge(6)>MoveRight>Lunge(2)",3,34.000,7,14,7,0,-1.000,0,0.000,True,38.000,8.368,0,180,20000100.000,211.000,0.000,20000310.000,523.574,8A7BF382636B624D,True,2,False,True,""
S2,S-v1-complex,1-terminal,안정형-1종료안전,0.000,2.200,0.000,False,1.9,1,8FE85AD103A4BA3E,1,3,"Attack>DashBackward>Lunge(3)>Attack>MoveLeft>Attack>Retreat>Attack>DashLeft>Lunge(6)>Retreat>Lunge(2)",3,34.000,7,14,7,0,-1.000,0,0.000,True,38.000,8.364,0,180,20000100.000,211.000,0.000,20000310.000,523.574,0418CCEF554BC5A0,True,1,True,True,"입력 난이도 감소"
S2,S-v1-complex,1-terminal,안정형-1종료안전,0.000,2.200,0.000,False,1.9,1,8FE85AD103A4BA3E,2,1,"Attack>DashBackward>Lunge(3)>Attack>MoveLeft>Attack>Retreat>Attack>DashLeft>Lunge(6)>MoveLeft>Lunge(2)",3,34.000,7,14,7,0,-1.000,0,0.000,True,38.000,8.369,0,180,20000100.000,211.000,0.000,20000310.000,564.023,BE865976BF9220E7,True,3,False,True,""
S2,S-v1-complex,1-terminal,안정형-1종료안전,0.000,2.200,0.000,False,1.9,1,8FE85AD103A4BA3E,2,2,"Attack>DashBackward>Lunge(3)>Attack>MoveLeft>Attack>Retreat>Attack>DashLeft>Lunge(6)>MoveRight>Lunge(2)",3,34.000,7,14,7,0,-1.000,0,0.000,True,38.000,8.368,0,180,20000100.000,211.000,0.000,20000310.000,564.023,8A7BF382636B624D,True,2,False,True,""
S2,S-v1-complex,1-terminal,안정형-1종료안전,0.000,2.200,0.000,False,1.9,1,8FE85AD103A4BA3E,2,3,"Attack>DashBackward>Lunge(3)>Attack>MoveLeft>Attack>Retreat>Attack>DashLeft>Lunge(6)>Retreat>Lunge(2)",3,34.000,7,14,7,0,-1.000,0,0.000,True,38.000,8.364,0,180,20000100.000,211.000,0.000,20000310.000,564.023,0418CCEF554BC5A0,True,1,True,True,"입력 난이도 감소"
S2,S-v1-complex,1-terminal,안정형-1종료안전,0.000,2.200,0.000,False,1.9,1,8FE85AD103A4BA3E,3,1,"Attack>DashBackward>Lunge(3)>Attack>MoveLeft>Attack>Retreat>Attack>DashLeft>Lunge(6)>MoveLeft>Lunge(2)",3,34.000,7,14,7,0,-1.000,0,0.000,True,38.000,8.369,0,180,20000100.000,211.000,0.000,20000310.000,473.334,BE865976BF9220E7,True,3,False,True,""
S2,S-v1-complex,1-terminal,안정형-1종료안전,0.000,2.200,0.000,False,1.9,1,8FE85AD103A4BA3E,3,2,"Attack>DashBackward>Lunge(3)>Attack>MoveLeft>Attack>Retreat>Attack>DashLeft>Lunge(6)>MoveRight>Lunge(2)",3,34.000,7,14,7,0,-1.000,0,0.000,True,38.000,8.368,0,180,20000100.000,211.000,0.000,20000310.000,473.334,8A7BF382636B624D,True,2,False,True,""
S2,S-v1-complex,1-terminal,안정형-1종료안전,0.000,2.200,0.000,False,1.9,1,8FE85AD103A4BA3E,3,3,"Attack>DashBackward>Lunge(3)>Attack>MoveLeft>Attack>Retreat>Attack>DashLeft>Lunge(6)>Retreat>Lunge(2)",3,34.000,7,14,7,0,-1.000,0,0.000,True,38.000,8.364,0,180,20000100.000,211.000,0.000,20000310.000,473.334,0418CCEF554BC5A0,True,1,True,True,"입력 난이도 감소"
S2,S-v1-complex,1-terminal,안정형-1종료안전,0.000,2.200,0.000,False,1.9,1,8FE85AD103A4BA3E,4,1,"Attack>DashBackward>Lunge(3)>Attack>MoveLeft>Attack>Retreat>Attack>DashLeft>Lunge(6)>MoveLeft>Lunge(2)",3,34.000,7,14,7,0,-1.000,0,0.000,True,38.000,8.369,0,180,20000100.000,211.000,0.000,20000310.000,363.084,BE865976BF9220E7,True,3,False,True,""
S2,S-v1-complex,1-terminal,안정형-1종료안전,0.000,2.200,0.000,False,1.9,1,8FE85AD103A4BA3E,4,2,"Attack>DashBackward>Lunge(3)>Attack>MoveLeft>Attack>Retreat>Attack>DashLeft>Lunge(6)>MoveRight>Lunge(2)",3,34.000,7,14,7,0,-1.000,0,0.000,True,38.000,8.368,0,180,20000100.000,211.000,0.000,20000310.000,363.084,8A7BF382636B624D,True,2,False,True,""
S2,S-v1-complex,1-terminal,안정형-1종료안전,0.000,2.200,0.000,False,1.9,1,8FE85AD103A4BA3E,4,3,"Attack>DashBackward>Lunge(3)>Attack>MoveLeft>Attack>Retreat>Attack>DashLeft>Lunge(6)>Retreat>Lunge(2)",3,34.000,7,14,7,0,-1.000,0,0.000,True,38.000,8.364,0,180,20000100.000,211.000,0.000,20000310.000,363.084,0418CCEF554BC5A0,True,1,True,True,"입력 난이도 감소"
S2,S-v1-complex,1-terminal,안정형-1종료안전,0.000,2.200,0.000,False,1.9,1,8FE85AD103A4BA3E,5,1,"Attack>DashBackward>Lunge(3)>Attack>MoveLeft>Attack>Retreat>Attack>DashLeft>Lunge(6)>MoveLeft>Lunge(2)",3,34.000,7,14,7,0,-1.000,0,0.000,True,38.000,8.369,0,180,20000100.000,211.000,0.000,20000310.000,170.977,BE865976BF9220E7,True,3,False,True,""
S2,S-v1-complex,1-terminal,안정형-1종료안전,0.000,2.200,0.000,False,1.9,1,8FE85AD103A4BA3E,5,2,"Attack>DashBackward>Lunge(3)>Attack>MoveLeft>Attack>Retreat>Attack>DashLeft>Lunge(6)>MoveRight>Lunge(2)",3,34.000,7,14,7,0,-1.000,0,0.000,True,38.000,8.368,0,180,20000100.000,211.000,0.000,20000310.000,170.977,8A7BF382636B624D,True,2,False,True,""
S2,S-v1-complex,1-terminal,안정형-1종료안전,0.000,2.200,0.000,False,1.9,1,8FE85AD103A4BA3E,5,3,"Attack>DashBackward>Lunge(3)>Attack>MoveLeft>Attack>Retreat>Attack>DashLeft>Lunge(6)>Retreat>Lunge(2)",3,34.000,7,14,7,0,-1.000,0,0.000,True,38.000,8.364,0,180,20000100.000,211.000,0.000,20000310.000,170.977,0418CCEF554BC5A0,True,1,True,True,"입력 난이도 감소"
S2,S-v1-complex,1-terminal,안정형-1종료안전,0.000,2.200,0.000,False,1.9,1,8FE85AD103A4BA3E,6,1,"Attack>DashBackward>Lunge(3)>Attack>MoveLeft>Attack>Retreat>Attack>DashLeft>Lunge(6)>MoveLeft>Lunge(2)",3,34.000,7,14,7,0,-1.000,0,0.000,True,38.000,8.369,0,180,20000100.000,211.000,0.000,20000310.000,165.950,BE865976BF9220E7,True,3,False,True,""
S2,S-v1-complex,1-terminal,안정형-1종료안전,0.000,2.200,0.000,False,1.9,1,8FE85AD103A4BA3E,6,2,"Attack>DashBackward>Lunge(3)>Attack>MoveLeft>Attack>Retreat>Attack>DashLeft>Lunge(6)>MoveRight>Lunge(2)",3,34.000,7,14,7,0,-1.000,0,0.000,True,38.000,8.368,0,180,20000100.000,211.000,0.000,20000310.000,165.950,8A7BF382636B624D,True,2,False,True,""
S2,S-v1-complex,1-terminal,안정형-1종료안전,0.000,2.200,0.000,False,1.9,1,8FE85AD103A4BA3E,6,3,"Attack>DashBackward>Lunge(3)>Attack>MoveLeft>Attack>Retreat>Attack>DashLeft>Lunge(6)>Retreat>Lunge(2)",3,34.000,7,14,7,0,-1.000,0,0.000,True,38.000,8.364,0,180,20000100.000,211.000,0.000,20000310.000,165.950,0418CCEF554BC5A0,True,1,True,True,"입력 난이도 감소"
S2,S-v1-complex,1-terminal,안정형-1종료안전,0.000,2.200,0.000,False,1.9,1,8FE85AD103A4BA3E,7,1,"Attack>DashBackward>Lunge(3)>Attack>MoveLeft>Attack>Retreat>Attack>DashLeft>Lunge(6)>MoveLeft>Lunge(2)",3,34.000,7,14,7,0,-1.000,0,0.000,True,38.000,8.369,0,180,20000100.000,211.000,0.000,20000310.000,192.241,BE865976BF9220E7,True,3,False,True,""
S2,S-v1-complex,1-terminal,안정형-1종료안전,0.000,2.200,0.000,False,1.9,1,8FE85AD103A4BA3E,7,2,"Attack>DashBackward>Lunge(3)>Attack>MoveLeft>Attack>Retreat>Attack>DashLeft>Lunge(6)>MoveRight>Lunge(2)",3,34.000,7,14,7,0,-1.000,0,0.000,True,38.000,8.368,0,180,20000100.000,211.000,0.000,20000310.000,192.241,8A7BF382636B624D,True,2,False,True,""
S2,S-v1-complex,1-terminal,안정형-1종료안전,0.000,2.200,0.000,False,1.9,1,8FE85AD103A4BA3E,7,3,"Attack>DashBackward>Lunge(3)>Attack>MoveLeft>Attack>Retreat>Attack>DashLeft>Lunge(6)>Retreat>Lunge(2)",3,34.000,7,14,7,0,-1.000,0,0.000,True,38.000,8.364,0,180,20000100.000,211.000,0.000,20000310.000,192.241,0418CCEF554BC5A0,True,1,True,True,"입력 난이도 감소"
S2,S-v1-complex,1-terminal,안정형-1종료안전,0.000,2.200,0.000,False,1.9,1,8FE85AD103A4BA3E,8,1,"Attack>DashBackward>Lunge(3)>Attack>MoveLeft>Attack>Retreat>Attack>DashLeft>Lunge(6)>MoveLeft>Lunge(2)",3,34.000,7,14,7,0,-1.000,0,0.000,True,38.000,8.369,0,180,20000100.000,211.000,0.000,20000310.000,191.512,BE865976BF9220E7,True,3,False,True,""
S2,S-v1-complex,1-terminal,안정형-1종료안전,0.000,2.200,0.000,False,1.9,1,8FE85AD103A4BA3E,8,2,"Attack>DashBackward>Lunge(3)>Attack>MoveLeft>Attack>Retreat>Attack>DashLeft>Lunge(6)>MoveRight>Lunge(2)",3,34.000,7,14,7,0,-1.000,0,0.000,True,38.000,8.368,0,180,20000100.000,211.000,0.000,20000310.000,191.512,8A7BF382636B624D,True,2,False,True,""
S2,S-v1-complex,1-terminal,안정형-1종료안전,0.000,2.200,0.000,False,1.9,1,8FE85AD103A4BA3E,8,3,"Attack>DashBackward>Lunge(3)>Attack>MoveLeft>Attack>Retreat>Attack>DashLeft>Lunge(6)>Retreat>Lunge(2)",3,34.000,7,14,7,0,-1.000,0,0.000,True,38.000,8.364,0,180,20000100.000,211.000,0.000,20000310.000,191.512,0418CCEF554BC5A0,True,1,True,True,"입력 난이도 감소"
S2,S-v1-complex,1-terminal,안정형-1종료안전,0.000,2.200,0.000,False,1.9,1,8FE85AD103A4BA3E,9,1,"Attack>DashBackward>Lunge(3)>Attack>MoveLeft>Attack>Retreat>Attack>DashLeft>Lunge(6)>MoveLeft>Lunge(2)",3,34.000,7,14,7,0,-1.000,0,0.000,True,38.000,8.369,0,180,20000100.000,211.000,0.000,20000310.000,173.993,BE865976BF9220E7,True,3,False,True,""
S2,S-v1-complex,1-terminal,안정형-1종료안전,0.000,2.200,0.000,False,1.9,1,8FE85AD103A4BA3E,9,2,"Attack>DashBackward>Lunge(3)>Attack>MoveLeft>Attack>Retreat>Attack>DashLeft>Lunge(6)>MoveRight>Lunge(2)",3,34.000,7,14,7,0,-1.000,0,0.000,True,38.000,8.368,0,180,20000100.000,211.000,0.000,20000310.000,173.993,8A7BF382636B624D,True,2,False,True,""
S2,S-v1-complex,1-terminal,안정형-1종료안전,0.000,2.200,0.000,False,1.9,1,8FE85AD103A4BA3E,9,3,"Attack>DashBackward>Lunge(3)>Attack>MoveLeft>Attack>Retreat>Attack>DashLeft>Lunge(6)>Retreat>Lunge(2)",3,34.000,7,14,7,0,-1.000,0,0.000,True,38.000,8.364,0,180,20000100.000,211.000,0.000,20000310.000,173.993,0418CCEF554BC5A0,True,1,True,True,"입력 난이도 감소"
S2,S-v1-complex,1-terminal,안정형-1종료안전,0.000,2.200,0.000,False,1.9,1,8FE85AD103A4BA3E,10,1,"Attack>DashBackward>Lunge(3)>Attack>MoveLeft>Attack>Retreat>Attack>DashLeft>Lunge(6)>MoveLeft>Lunge(2)",3,34.000,7,14,7,0,-1.000,0,0.000,True,38.000,8.369,0,180,20000100.000,211.000,0.000,20000310.000,150.217,BE865976BF9220E7,True,3,False,True,""
S2,S-v1-complex,1-terminal,안정형-1종료안전,0.000,2.200,0.000,False,1.9,1,8FE85AD103A4BA3E,10,2,"Attack>DashBackward>Lunge(3)>Attack>MoveLeft>Attack>Retreat>Attack>DashLeft>Lunge(6)>MoveRight>Lunge(2)",3,34.000,7,14,7,0,-1.000,0,0.000,True,38.000,8.368,0,180,20000100.000,211.000,0.000,20000310.000,150.217,8A7BF382636B624D,True,2,False,True,""
S2,S-v1-complex,1-terminal,안정형-1종료안전,0.000,2.200,0.000,False,1.9,1,8FE85AD103A4BA3E,10,3,"Attack>DashBackward>Lunge(3)>Attack>MoveLeft>Attack>Retreat>Attack>DashLeft>Lunge(6)>Retreat>Lunge(2)",3,34.000,7,14,7,0,-1.000,0,0.000,True,38.000,8.364,0,180,20000100.000,211.000,0.000,20000310.000,150.217,0418CCEF554BC5A0,True,1,True,True,"입력 난이도 감소"
S3,S-v1-complex,1-terminal,안정형-1종료안전,0.000,2.200,0.000,False,1.9,1,833B65CAE74ACC51,1,1,"Lunge(1)>Attack>DashLeft>Lunge(0)>MoveForward>Lunge(0)>MoveForward>MoveLeft>MoveLeft>MoveLeft>Jump>Jump",0,34.000,2,4,3,1,7.741,0,3.958,True,49.357,8.464,0,180,20000120.000,96.000,0.000,20000220.000,93.998,00C37FB57260FDDE,True,1,True,False,"Beam 1위와 안정형 관측 추천 일치"
S3,S-v1-complex,1-terminal,안정형-1종료안전,0.000,2.200,0.000,False,1.9,1,833B65CAE74ACC51,1,2,"Lunge(1)>Attack>DashLeft>Lunge(0)>MoveForward>Lunge(0)>MoveForward>MoveLeft>MoveLeft>MoveRight>Jump>Jump",0,34.000,2,4,3,1,7.741,0,3.958,True,49.357,8.464,0,180,20000120.000,96.000,0.000,20000220.000,93.998,78F22063AA6C9472,True,2,False,False,""
S3,S-v1-complex,1-terminal,안정형-1종료안전,0.000,2.200,0.000,False,1.9,1,833B65CAE74ACC51,1,3,"Lunge(1)>Attack>DashLeft>Lunge(0)>MoveForward>Lunge(0)>MoveForward>MoveLeft>MoveLeft>MoveLeft>Jump>MoveLeft",0,34.000,2,4,3,1,7.764,0,2.396,True,44.715,7.914,0,180,20000110.000,96.000,0.000,20000210.000,93.998,2D0D81E3220398F7,True,3,False,False,""
S3,S-v1-complex,1-terminal,안정형-1종료안전,0.000,2.200,0.000,False,1.9,1,833B65CAE74ACC51,2,1,"Lunge(1)>Attack>DashLeft>Lunge(0)>MoveForward>Lunge(0)>MoveForward>MoveLeft>MoveLeft>MoveLeft>Jump>Jump",0,34.000,2,4,3,1,7.741,0,3.958,True,49.357,8.464,0,180,20000120.000,96.000,0.000,20000220.000,100.338,00C37FB57260FDDE,True,1,True,False,"Beam 1위와 안정형 관측 추천 일치"
S3,S-v1-complex,1-terminal,안정형-1종료안전,0.000,2.200,0.000,False,1.9,1,833B65CAE74ACC51,2,2,"Lunge(1)>Attack>DashLeft>Lunge(0)>MoveForward>Lunge(0)>MoveForward>MoveLeft>MoveLeft>MoveRight>Jump>Jump",0,34.000,2,4,3,1,7.741,0,3.958,True,49.357,8.464,0,180,20000120.000,96.000,0.000,20000220.000,100.338,78F22063AA6C9472,True,2,False,False,""
S3,S-v1-complex,1-terminal,안정형-1종료안전,0.000,2.200,0.000,False,1.9,1,833B65CAE74ACC51,2,3,"Lunge(1)>Attack>DashLeft>Lunge(0)>MoveForward>Lunge(0)>MoveForward>MoveLeft>MoveLeft>MoveLeft>Jump>MoveLeft",0,34.000,2,4,3,1,7.764,0,2.396,True,44.715,7.914,0,180,20000110.000,96.000,0.000,20000210.000,100.338,2D0D81E3220398F7,True,3,False,False,""
S3,S-v1-complex,1-terminal,안정형-1종료안전,0.000,2.200,0.000,False,1.9,1,833B65CAE74ACC51,3,1,"Lunge(1)>Attack>DashLeft>Lunge(0)>MoveForward>Lunge(0)>MoveForward>MoveLeft>MoveLeft>MoveLeft>Jump>Jump",0,34.000,2,4,3,1,7.741,0,3.958,True,49.357,8.464,0,180,20000120.000,96.000,0.000,20000220.000,92.372,00C37FB57260FDDE,True,1,True,False,"Beam 1위와 안정형 관측 추천 일치"
S3,S-v1-complex,1-terminal,안정형-1종료안전,0.000,2.200,0.000,False,1.9,1,833B65CAE74ACC51,3,2,"Lunge(1)>Attack>DashLeft>Lunge(0)>MoveForward>Lunge(0)>MoveForward>MoveLeft>MoveLeft>MoveRight>Jump>Jump",0,34.000,2,4,3,1,7.741,0,3.958,True,49.357,8.464,0,180,20000120.000,96.000,0.000,20000220.000,92.372,78F22063AA6C9472,True,2,False,False,""
S3,S-v1-complex,1-terminal,안정형-1종료안전,0.000,2.200,0.000,False,1.9,1,833B65CAE74ACC51,3,3,"Lunge(1)>Attack>DashLeft>Lunge(0)>MoveForward>Lunge(0)>MoveForward>MoveLeft>MoveLeft>MoveLeft>Jump>MoveLeft",0,34.000,2,4,3,1,7.764,0,2.396,True,44.715,7.914,0,180,20000110.000,96.000,0.000,20000210.000,92.372,2D0D81E3220398F7,True,3,False,False,""
S3,S-v1-complex,1-terminal,안정형-1종료안전,0.000,2.200,0.000,False,1.9,1,833B65CAE74ACC51,4,1,"Lunge(1)>Attack>DashLeft>Lunge(0)>MoveForward>Lunge(0)>MoveForward>MoveLeft>MoveLeft>MoveLeft>Jump>Jump",0,34.000,2,4,3,1,7.741,0,3.958,True,49.357,8.464,0,180,20000120.000,96.000,0.000,20000220.000,149.694,00C37FB57260FDDE,True,1,True,False,"Beam 1위와 안정형 관측 추천 일치"
S3,S-v1-complex,1-terminal,안정형-1종료안전,0.000,2.200,0.000,False,1.9,1,833B65CAE74ACC51,4,2,"Lunge(1)>Attack>DashLeft>Lunge(0)>MoveForward>Lunge(0)>MoveForward>MoveLeft>MoveLeft>MoveRight>Jump>Jump",0,34.000,2,4,3,1,7.741,0,3.958,True,49.357,8.464,0,180,20000120.000,96.000,0.000,20000220.000,149.694,78F22063AA6C9472,True,2,False,False,""
S3,S-v1-complex,1-terminal,안정형-1종료안전,0.000,2.200,0.000,False,1.9,1,833B65CAE74ACC51,4,3,"Lunge(1)>Attack>DashLeft>Lunge(0)>MoveForward>Lunge(0)>MoveForward>MoveLeft>MoveLeft>MoveLeft>Jump>MoveLeft",0,34.000,2,4,3,1,7.764,0,2.396,True,44.715,7.914,0,180,20000110.000,96.000,0.000,20000210.000,149.694,2D0D81E3220398F7,True,3,False,False,""
S3,S-v1-complex,1-terminal,안정형-1종료안전,0.000,2.200,0.000,False,1.9,1,833B65CAE74ACC51,5,1,"Lunge(1)>Attack>DashLeft>Lunge(0)>MoveForward>Lunge(0)>MoveForward>MoveLeft>MoveLeft>MoveLeft>Jump>Jump",0,34.000,2,4,3,1,7.741,0,3.958,True,49.357,8.464,0,180,20000120.000,96.000,0.000,20000220.000,139.021,00C37FB57260FDDE,True,1,True,False,"Beam 1위와 안정형 관측 추천 일치"
S3,S-v1-complex,1-terminal,안정형-1종료안전,0.000,2.200,0.000,False,1.9,1,833B65CAE74ACC51,5,2,"Lunge(1)>Attack>DashLeft>Lunge(0)>MoveForward>Lunge(0)>MoveForward>MoveLeft>MoveLeft>MoveRight>Jump>Jump",0,34.000,2,4,3,1,7.741,0,3.958,True,49.357,8.464,0,180,20000120.000,96.000,0.000,20000220.000,139.021,78F22063AA6C9472,True,2,False,False,""
S3,S-v1-complex,1-terminal,안정형-1종료안전,0.000,2.200,0.000,False,1.9,1,833B65CAE74ACC51,5,3,"Lunge(1)>Attack>DashLeft>Lunge(0)>MoveForward>Lunge(0)>MoveForward>MoveLeft>MoveLeft>MoveLeft>Jump>MoveLeft",0,34.000,2,4,3,1,7.764,0,2.396,True,44.715,7.914,0,180,20000110.000,96.000,0.000,20000210.000,139.021,2D0D81E3220398F7,True,3,False,False,""
S3,S-v1-complex,1-terminal,안정형-1종료안전,0.000,2.200,0.000,False,1.9,1,833B65CAE74ACC51,6,1,"Lunge(1)>Attack>DashLeft>Lunge(0)>MoveForward>Lunge(0)>MoveForward>MoveLeft>MoveLeft>MoveLeft>Jump>Jump",0,34.000,2,4,3,1,7.741,0,3.958,True,49.357,8.464,0,180,20000120.000,96.000,0.000,20000220.000,111.168,00C37FB57260FDDE,True,1,True,False,"Beam 1위와 안정형 관측 추천 일치"
S3,S-v1-complex,1-terminal,안정형-1종료안전,0.000,2.200,0.000,False,1.9,1,833B65CAE74ACC51,6,2,"Lunge(1)>Attack>DashLeft>Lunge(0)>MoveForward>Lunge(0)>MoveForward>MoveLeft>MoveLeft>MoveRight>Jump>Jump",0,34.000,2,4,3,1,7.741,0,3.958,True,49.357,8.464,0,180,20000120.000,96.000,0.000,20000220.000,111.168,78F22063AA6C9472,True,2,False,False,""
S3,S-v1-complex,1-terminal,안정형-1종료안전,0.000,2.200,0.000,False,1.9,1,833B65CAE74ACC51,6,3,"Lunge(1)>Attack>DashLeft>Lunge(0)>MoveForward>Lunge(0)>MoveForward>MoveLeft>MoveLeft>MoveLeft>Jump>MoveLeft",0,34.000,2,4,3,1,7.764,0,2.396,True,44.715,7.914,0,180,20000110.000,96.000,0.000,20000210.000,111.168,2D0D81E3220398F7,True,3,False,False,""
S3,S-v1-complex,1-terminal,안정형-1종료안전,0.000,2.200,0.000,False,1.9,1,833B65CAE74ACC51,7,1,"Lunge(1)>Attack>DashLeft>Lunge(0)>MoveForward>Lunge(0)>MoveForward>MoveLeft>MoveLeft>MoveLeft>Jump>Jump",0,34.000,2,4,3,1,7.741,0,3.958,True,49.357,8.464,0,180,20000120.000,96.000,0.000,20000220.000,109.055,00C37FB57260FDDE,True,1,True,False,"Beam 1위와 안정형 관측 추천 일치"
S3,S-v1-complex,1-terminal,안정형-1종료안전,0.000,2.200,0.000,False,1.9,1,833B65CAE74ACC51,7,2,"Lunge(1)>Attack>DashLeft>Lunge(0)>MoveForward>Lunge(0)>MoveForward>MoveLeft>MoveLeft>MoveRight>Jump>Jump",0,34.000,2,4,3,1,7.741,0,3.958,True,49.357,8.464,0,180,20000120.000,96.000,0.000,20000220.000,109.055,78F22063AA6C9472,True,2,False,False,""
S3,S-v1-complex,1-terminal,안정형-1종료안전,0.000,2.200,0.000,False,1.9,1,833B65CAE74ACC51,7,3,"Lunge(1)>Attack>DashLeft>Lunge(0)>MoveForward>Lunge(0)>MoveForward>MoveLeft>MoveLeft>MoveLeft>Jump>MoveLeft",0,34.000,2,4,3,1,7.764,0,2.396,True,44.715,7.914,0,180,20000110.000,96.000,0.000,20000210.000,109.055,2D0D81E3220398F7,True,3,False,False,""
S3,S-v1-complex,1-terminal,안정형-1종료안전,0.000,2.200,0.000,False,1.9,1,833B65CAE74ACC51,8,1,"Lunge(1)>Attack>DashLeft>Lunge(0)>MoveForward>Lunge(0)>MoveForward>MoveLeft>MoveLeft>MoveLeft>Jump>Jump",0,34.000,2,4,3,1,7.741,0,3.958,True,49.357,8.464,0,180,20000120.000,96.000,0.000,20000220.000,107.525,00C37FB57260FDDE,True,1,True,False,"Beam 1위와 안정형 관측 추천 일치"
S3,S-v1-complex,1-terminal,안정형-1종료안전,0.000,2.200,0.000,False,1.9,1,833B65CAE74ACC51,8,2,"Lunge(1)>Attack>DashLeft>Lunge(0)>MoveForward>Lunge(0)>MoveForward>MoveLeft>MoveLeft>MoveRight>Jump>Jump",0,34.000,2,4,3,1,7.741,0,3.958,True,49.357,8.464,0,180,20000120.000,96.000,0.000,20000220.000,107.525,78F22063AA6C9472,True,2,False,False,""
S3,S-v1-complex,1-terminal,안정형-1종료안전,0.000,2.200,0.000,False,1.9,1,833B65CAE74ACC51,8,3,"Lunge(1)>Attack>DashLeft>Lunge(0)>MoveForward>Lunge(0)>MoveForward>MoveLeft>MoveLeft>MoveLeft>Jump>MoveLeft",0,34.000,2,4,3,1,7.764,0,2.396,True,44.715,7.914,0,180,20000110.000,96.000,0.000,20000210.000,107.525,2D0D81E3220398F7,True,3,False,False,""
S3,S-v1-complex,1-terminal,안정형-1종료안전,0.000,2.200,0.000,False,1.9,1,833B65CAE74ACC51,9,1,"Lunge(1)>Attack>DashLeft>Lunge(0)>MoveForward>Lunge(0)>MoveForward>MoveLeft>MoveLeft>MoveLeft>Jump>Jump",0,34.000,2,4,3,1,7.741,0,3.958,True,49.357,8.464,0,180,20000120.000,96.000,0.000,20000220.000,122.009,00C37FB57260FDDE,True,1,True,False,"Beam 1위와 안정형 관측 추천 일치"
S3,S-v1-complex,1-terminal,안정형-1종료안전,0.000,2.200,0.000,False,1.9,1,833B65CAE74ACC51,9,2,"Lunge(1)>Attack>DashLeft>Lunge(0)>MoveForward>Lunge(0)>MoveForward>MoveLeft>MoveLeft>MoveRight>Jump>Jump",0,34.000,2,4,3,1,7.741,0,3.958,True,49.357,8.464,0,180,20000120.000,96.000,0.000,20000220.000,122.009,78F22063AA6C9472,True,2,False,False,""
S3,S-v1-complex,1-terminal,안정형-1종료안전,0.000,2.200,0.000,False,1.9,1,833B65CAE74ACC51,9,3,"Lunge(1)>Attack>DashLeft>Lunge(0)>MoveForward>Lunge(0)>MoveForward>MoveLeft>MoveLeft>MoveLeft>Jump>MoveLeft",0,34.000,2,4,3,1,7.764,0,2.396,True,44.715,7.914,0,180,20000110.000,96.000,0.000,20000210.000,122.009,2D0D81E3220398F7,True,3,False,False,""
S3,S-v1-complex,1-terminal,안정형-1종료안전,0.000,2.200,0.000,False,1.9,1,833B65CAE74ACC51,10,1,"Lunge(1)>Attack>DashLeft>Lunge(0)>MoveForward>Lunge(0)>MoveForward>MoveLeft>MoveLeft>MoveLeft>Jump>Jump",0,34.000,2,4,3,1,7.741,0,3.958,True,49.357,8.464,0,180,20000120.000,96.000,0.000,20000220.000,104.223,00C37FB57260FDDE,True,1,True,False,"Beam 1위와 안정형 관측 추천 일치"
S3,S-v1-complex,1-terminal,안정형-1종료안전,0.000,2.200,0.000,False,1.9,1,833B65CAE74ACC51,10,2,"Lunge(1)>Attack>DashLeft>Lunge(0)>MoveForward>Lunge(0)>MoveForward>MoveLeft>MoveLeft>MoveRight>Jump>Jump",0,34.000,2,4,3,1,7.741,0,3.958,True,49.357,8.464,0,180,20000120.000,96.000,0.000,20000220.000,104.223,78F22063AA6C9472,True,2,False,False,""
S3,S-v1-complex,1-terminal,안정형-1종료안전,0.000,2.200,0.000,False,1.9,1,833B65CAE74ACC51,10,3,"Lunge(1)>Attack>DashLeft>Lunge(0)>MoveForward>Lunge(0)>MoveForward>MoveLeft>MoveLeft>MoveLeft>Jump>MoveLeft",0,34.000,2,4,3,1,7.764,0,2.396,True,44.715,7.914,0,180,20000110.000,96.000,0.000,20000210.000,104.223,2D0D81E3220398F7,True,3,False,False,""
S4,S-v1-complex,1-terminal,안정형-1종료안전,0.000,2.200,0.000,False,1.9,1,CAAD8180ED86D572,1,1,"LungeStrike(0)>DashRight>Lunge(1)>Attack>Wait>Attack>DashRight>Lunge(4)>Attack>MoveLeft>Jump>Jump",0,34.000,5,10,6,1,6.109,0,3.958,True,46.092,9.875,0,180,20000110.000,165.000,0.000,20000280.000,162.558,6EF4D4B1C8D18206,True,1,True,False,"Beam 1위와 안정형 관측 추천 일치"
S4,S-v1-complex,1-terminal,안정형-1종료안전,0.000,2.200,0.000,False,1.9,1,CAAD8180ED86D572,1,2,"LungeStrike(0)>DashRight>Lunge(1)>Attack>Wait>Attack>DashRight>Lunge(4)>Attack>MoveRight>Jump>Jump",0,34.000,5,10,6,1,6.109,0,3.958,True,46.092,9.875,0,180,20000110.000,165.000,0.000,20000280.000,162.558,C7AE74210357A48C,True,2,False,False,""
S4,S-v1-complex,1-terminal,안정형-1종료안전,0.000,2.200,0.000,False,1.9,1,CAAD8180ED86D572,1,3,"LungeStrike(0)>DashRight>Lunge(1)>Attack>Wait>Attack>DashRight>Lunge(4)>Attack>MoveLeft>MoveLeft>Retreat",0,34.000,5,10,6,1,8.430,0,0.000,True,41.000,8.775,0,180,20000100.000,165.000,0.000,20000270.000,162.558,58AF3288549D4F24,True,3,False,False,""
S4,S-v1-complex,1-terminal,안정형-1종료안전,0.000,2.200,0.000,False,1.9,1,CAAD8180ED86D572,2,1,"LungeStrike(0)>DashRight>Lunge(1)>Attack>Wait>Attack>DashRight>Lunge(4)>Attack>MoveLeft>Jump>Jump",0,34.000,5,10,6,1,6.109,0,3.958,True,46.092,9.875,0,180,20000110.000,165.000,0.000,20000280.000,172.259,6EF4D4B1C8D18206,True,1,True,False,"Beam 1위와 안정형 관측 추천 일치"
S4,S-v1-complex,1-terminal,안정형-1종료안전,0.000,2.200,0.000,False,1.9,1,CAAD8180ED86D572,2,2,"LungeStrike(0)>DashRight>Lunge(1)>Attack>Wait>Attack>DashRight>Lunge(4)>Attack>MoveRight>Jump>Jump",0,34.000,5,10,6,1,6.109,0,3.958,True,46.092,9.875,0,180,20000110.000,165.000,0.000,20000280.000,172.259,C7AE74210357A48C,True,2,False,False,""
S4,S-v1-complex,1-terminal,안정형-1종료안전,0.000,2.200,0.000,False,1.9,1,CAAD8180ED86D572,2,3,"LungeStrike(0)>DashRight>Lunge(1)>Attack>Wait>Attack>DashRight>Lunge(4)>Attack>MoveLeft>MoveLeft>Retreat",0,34.000,5,10,6,1,8.430,0,0.000,True,41.000,8.775,0,180,20000100.000,165.000,0.000,20000270.000,172.259,58AF3288549D4F24,True,3,False,False,""
S4,S-v1-complex,1-terminal,안정형-1종료안전,0.000,2.200,0.000,False,1.9,1,CAAD8180ED86D572,3,1,"LungeStrike(0)>DashRight>Lunge(1)>Attack>Wait>Attack>DashRight>Lunge(4)>Attack>MoveLeft>Jump>Jump",0,34.000,5,10,6,1,6.109,0,3.958,True,46.092,9.875,0,180,20000110.000,165.000,0.000,20000280.000,163.775,6EF4D4B1C8D18206,True,1,True,False,"Beam 1위와 안정형 관측 추천 일치"
S4,S-v1-complex,1-terminal,안정형-1종료안전,0.000,2.200,0.000,False,1.9,1,CAAD8180ED86D572,3,2,"LungeStrike(0)>DashRight>Lunge(1)>Attack>Wait>Attack>DashRight>Lunge(4)>Attack>MoveRight>Jump>Jump",0,34.000,5,10,6,1,6.109,0,3.958,True,46.092,9.875,0,180,20000110.000,165.000,0.000,20000280.000,163.775,C7AE74210357A48C,True,2,False,False,""
S4,S-v1-complex,1-terminal,안정형-1종료안전,0.000,2.200,0.000,False,1.9,1,CAAD8180ED86D572,3,3,"LungeStrike(0)>DashRight>Lunge(1)>Attack>Wait>Attack>DashRight>Lunge(4)>Attack>MoveLeft>MoveLeft>Retreat",0,34.000,5,10,6,1,8.430,0,0.000,True,41.000,8.775,0,180,20000100.000,165.000,0.000,20000270.000,163.775,58AF3288549D4F24,True,3,False,False,""
S4,S-v1-complex,1-terminal,안정형-1종료안전,0.000,2.200,0.000,False,1.9,1,CAAD8180ED86D572,4,1,"LungeStrike(0)>DashRight>Lunge(1)>Attack>Wait>Attack>DashRight>Lunge(4)>Attack>MoveLeft>Jump>Jump",0,34.000,5,10,6,1,6.109,0,3.958,True,46.092,9.875,0,180,20000110.000,165.000,0.000,20000280.000,171.385,6EF4D4B1C8D18206,True,1,True,False,"Beam 1위와 안정형 관측 추천 일치"
S4,S-v1-complex,1-terminal,안정형-1종료안전,0.000,2.200,0.000,False,1.9,1,CAAD8180ED86D572,4,2,"LungeStrike(0)>DashRight>Lunge(1)>Attack>Wait>Attack>DashRight>Lunge(4)>Attack>MoveRight>Jump>Jump",0,34.000,5,10,6,1,6.109,0,3.958,True,46.092,9.875,0,180,20000110.000,165.000,0.000,20000280.000,171.385,C7AE74210357A48C,True,2,False,False,""
S4,S-v1-complex,1-terminal,안정형-1종료안전,0.000,2.200,0.000,False,1.9,1,CAAD8180ED86D572,4,3,"LungeStrike(0)>DashRight>Lunge(1)>Attack>Wait>Attack>DashRight>Lunge(4)>Attack>MoveLeft>MoveLeft>Retreat",0,34.000,5,10,6,1,8.430,0,0.000,True,41.000,8.775,0,180,20000100.000,165.000,0.000,20000270.000,171.385,58AF3288549D4F24,True,3,False,False,""
S4,S-v1-complex,1-terminal,안정형-1종료안전,0.000,2.200,0.000,False,1.9,1,CAAD8180ED86D572,5,1,"LungeStrike(0)>DashRight>Lunge(1)>Attack>Wait>Attack>DashRight>Lunge(4)>Attack>MoveLeft>Jump>Jump",0,34.000,5,10,6,1,6.109,0,3.958,True,46.092,9.875,0,180,20000110.000,165.000,0.000,20000280.000,163.621,6EF4D4B1C8D18206,True,1,True,False,"Beam 1위와 안정형 관측 추천 일치"
S4,S-v1-complex,1-terminal,안정형-1종료안전,0.000,2.200,0.000,False,1.9,1,CAAD8180ED86D572,5,2,"LungeStrike(0)>DashRight>Lunge(1)>Attack>Wait>Attack>DashRight>Lunge(4)>Attack>MoveRight>Jump>Jump",0,34.000,5,10,6,1,6.109,0,3.958,True,46.092,9.875,0,180,20000110.000,165.000,0.000,20000280.000,163.621,C7AE74210357A48C,True,2,False,False,""
S4,S-v1-complex,1-terminal,안정형-1종료안전,0.000,2.200,0.000,False,1.9,1,CAAD8180ED86D572,5,3,"LungeStrike(0)>DashRight>Lunge(1)>Attack>Wait>Attack>DashRight>Lunge(4)>Attack>MoveLeft>MoveLeft>Retreat",0,34.000,5,10,6,1,8.430,0,0.000,True,41.000,8.775,0,180,20000100.000,165.000,0.000,20000270.000,163.621,58AF3288549D4F24,True,3,False,False,""
S4,S-v1-complex,1-terminal,안정형-1종료안전,0.000,2.200,0.000,False,1.9,1,CAAD8180ED86D572,6,1,"LungeStrike(0)>DashRight>Lunge(1)>Attack>Wait>Attack>DashRight>Lunge(4)>Attack>MoveLeft>Jump>Jump",0,34.000,5,10,6,1,6.109,0,3.958,True,46.092,9.875,0,180,20000110.000,165.000,0.000,20000280.000,144.771,6EF4D4B1C8D18206,True,1,True,False,"Beam 1위와 안정형 관측 추천 일치"
S4,S-v1-complex,1-terminal,안정형-1종료안전,0.000,2.200,0.000,False,1.9,1,CAAD8180ED86D572,6,2,"LungeStrike(0)>DashRight>Lunge(1)>Attack>Wait>Attack>DashRight>Lunge(4)>Attack>MoveRight>Jump>Jump",0,34.000,5,10,6,1,6.109,0,3.958,True,46.092,9.875,0,180,20000110.000,165.000,0.000,20000280.000,144.771,C7AE74210357A48C,True,2,False,False,""
S4,S-v1-complex,1-terminal,안정형-1종료안전,0.000,2.200,0.000,False,1.9,1,CAAD8180ED86D572,6,3,"LungeStrike(0)>DashRight>Lunge(1)>Attack>Wait>Attack>DashRight>Lunge(4)>Attack>MoveLeft>MoveLeft>Retreat",0,34.000,5,10,6,1,8.430,0,0.000,True,41.000,8.775,0,180,20000100.000,165.000,0.000,20000270.000,144.771,58AF3288549D4F24,True,3,False,False,""
S4,S-v1-complex,1-terminal,안정형-1종료안전,0.000,2.200,0.000,False,1.9,1,CAAD8180ED86D572,7,1,"LungeStrike(0)>DashRight>Lunge(1)>Attack>Wait>Attack>DashRight>Lunge(4)>Attack>MoveLeft>Jump>Jump",0,34.000,5,10,6,1,6.109,0,3.958,True,46.092,9.875,0,180,20000110.000,165.000,0.000,20000280.000,159.979,6EF4D4B1C8D18206,True,1,True,False,"Beam 1위와 안정형 관측 추천 일치"
S4,S-v1-complex,1-terminal,안정형-1종료안전,0.000,2.200,0.000,False,1.9,1,CAAD8180ED86D572,7,2,"LungeStrike(0)>DashRight>Lunge(1)>Attack>Wait>Attack>DashRight>Lunge(4)>Attack>MoveRight>Jump>Jump",0,34.000,5,10,6,1,6.109,0,3.958,True,46.092,9.875,0,180,20000110.000,165.000,0.000,20000280.000,159.979,C7AE74210357A48C,True,2,False,False,""
S4,S-v1-complex,1-terminal,안정형-1종료안전,0.000,2.200,0.000,False,1.9,1,CAAD8180ED86D572,7,3,"LungeStrike(0)>DashRight>Lunge(1)>Attack>Wait>Attack>DashRight>Lunge(4)>Attack>MoveLeft>MoveLeft>Retreat",0,34.000,5,10,6,1,8.430,0,0.000,True,41.000,8.775,0,180,20000100.000,165.000,0.000,20000270.000,159.979,58AF3288549D4F24,True,3,False,False,""
S4,S-v1-complex,1-terminal,안정형-1종료안전,0.000,2.200,0.000,False,1.9,1,CAAD8180ED86D572,8,1,"LungeStrike(0)>DashRight>Lunge(1)>Attack>Wait>Attack>DashRight>Lunge(4)>Attack>MoveLeft>Jump>Jump",0,34.000,5,10,6,1,6.109,0,3.958,True,46.092,9.875,0,180,20000110.000,165.000,0.000,20000280.000,131.651,6EF4D4B1C8D18206,True,1,True,False,"Beam 1위와 안정형 관측 추천 일치"
S4,S-v1-complex,1-terminal,안정형-1종료안전,0.000,2.200,0.000,False,1.9,1,CAAD8180ED86D572,8,2,"LungeStrike(0)>DashRight>Lunge(1)>Attack>Wait>Attack>DashRight>Lunge(4)>Attack>MoveRight>Jump>Jump",0,34.000,5,10,6,1,6.109,0,3.958,True,46.092,9.875,0,180,20000110.000,165.000,0.000,20000280.000,131.651,C7AE74210357A48C,True,2,False,False,""
S4,S-v1-complex,1-terminal,안정형-1종료안전,0.000,2.200,0.000,False,1.9,1,CAAD8180ED86D572,8,3,"LungeStrike(0)>DashRight>Lunge(1)>Attack>Wait>Attack>DashRight>Lunge(4)>Attack>MoveLeft>MoveLeft>Retreat",0,34.000,5,10,6,1,8.430,0,0.000,True,41.000,8.775,0,180,20000100.000,165.000,0.000,20000270.000,131.651,58AF3288549D4F24,True,3,False,False,""
S4,S-v1-complex,1-terminal,안정형-1종료안전,0.000,2.200,0.000,False,1.9,1,CAAD8180ED86D572,9,1,"LungeStrike(0)>DashRight>Lunge(1)>Attack>Wait>Attack>DashRight>Lunge(4)>Attack>MoveLeft>Jump>Jump",0,34.000,5,10,6,1,6.109,0,3.958,True,46.092,9.875,0,180,20000110.000,165.000,0.000,20000280.000,162.739,6EF4D4B1C8D18206,True,1,True,False,"Beam 1위와 안정형 관측 추천 일치"
S4,S-v1-complex,1-terminal,안정형-1종료안전,0.000,2.200,0.000,False,1.9,1,CAAD8180ED86D572,9,2,"LungeStrike(0)>DashRight>Lunge(1)>Attack>Wait>Attack>DashRight>Lunge(4)>Attack>MoveRight>Jump>Jump",0,34.000,5,10,6,1,6.109,0,3.958,True,46.092,9.875,0,180,20000110.000,165.000,0.000,20000280.000,162.739,C7AE74210357A48C,True,2,False,False,""
S4,S-v1-complex,1-terminal,안정형-1종료안전,0.000,2.200,0.000,False,1.9,1,CAAD8180ED86D572,9,3,"LungeStrike(0)>DashRight>Lunge(1)>Attack>Wait>Attack>DashRight>Lunge(4)>Attack>MoveLeft>MoveLeft>Retreat",0,34.000,5,10,6,1,8.430,0,0.000,True,41.000,8.775,0,180,20000100.000,165.000,0.000,20000270.000,162.739,58AF3288549D4F24,True,3,False,False,""
S4,S-v1-complex,1-terminal,안정형-1종료안전,0.000,2.200,0.000,False,1.9,1,CAAD8180ED86D572,10,1,"LungeStrike(0)>DashRight>Lunge(1)>Attack>Wait>Attack>DashRight>Lunge(4)>Attack>MoveLeft>Jump>Jump",0,34.000,5,10,6,1,6.109,0,3.958,True,46.092,9.875,0,180,20000110.000,165.000,0.000,20000280.000,142.161,6EF4D4B1C8D18206,True,1,True,False,"Beam 1위와 안정형 관측 추천 일치"
S4,S-v1-complex,1-terminal,안정형-1종료안전,0.000,2.200,0.000,False,1.9,1,CAAD8180ED86D572,10,2,"LungeStrike(0)>DashRight>Lunge(1)>Attack>Wait>Attack>DashRight>Lunge(4)>Attack>MoveRight>Jump>Jump",0,34.000,5,10,6,1,6.109,0,3.958,True,46.092,9.875,0,180,20000110.000,165.000,0.000,20000280.000,142.161,C7AE74210357A48C,True,2,False,False,""
S4,S-v1-complex,1-terminal,안정형-1종료안전,0.000,2.200,0.000,False,1.9,1,CAAD8180ED86D572,10,3,"LungeStrike(0)>DashRight>Lunge(1)>Attack>Wait>Attack>DashRight>Lunge(4)>Attack>MoveLeft>MoveLeft>Retreat",0,34.000,5,10,6,1,8.430,0,0.000,True,41.000,8.775,0,180,20000100.000,165.000,0.000,20000270.000,142.161,58AF3288549D4F24,True,3,False,False,""
S1,S-v1-complex,2-difficulty,안정형-2입력난이도,0.000,2.200,0.800,True,1.9,1,BACDECFC47DAA410,1,1,"Lunge(5)>Attack>DashRight>Lunge(0)>Attack>MoveLeft>Attack>Retreat>Attack>MoveForward>MoveForward>MoveForward",5,29.000,6,11,6,0,-1.000,0,0.000,True,41.000,6.654,0,180,20000100.000,184.000,-5.323,20000280.000,137.598,E8E011ECC50A0CF2,True,1,True,False,"Beam 1위와 안정형 관측 추천 일치"
S1,S-v1-complex,2-difficulty,안정형-2입력난이도,0.000,2.200,0.800,True,1.9,1,BACDECFC47DAA410,1,2,"Lunge(5)>Attack>DashRight>Lunge(0)>Attack>MoveLeft>Attack>Retreat>Attack>MoveForward>MoveForward>MoveLeft",5,29.000,6,11,6,0,-1.000,0,0.000,True,41.000,6.654,0,180,20000100.000,184.000,-5.323,20000280.000,137.598,5597A6E0CF88272D,True,2,False,False,""
S1,S-v1-complex,2-difficulty,안정형-2입력난이도,0.000,2.200,0.800,True,1.9,1,BACDECFC47DAA410,1,3,"Lunge(5)>Attack>DashRight>Lunge(0)>Attack>MoveLeft>Attack>Retreat>Attack>MoveForward>MoveForward>MoveRight",5,29.000,6,11,6,0,-1.000,0,0.000,True,41.000,6.654,0,180,20000100.000,184.000,-5.323,20000280.000,137.598,B9DF8EDE38779BF7,True,3,False,False,""
S1,S-v1-complex,2-difficulty,안정형-2입력난이도,0.000,2.200,0.800,True,1.9,1,BACDECFC47DAA410,2,1,"Lunge(5)>Attack>DashRight>Lunge(0)>Attack>MoveLeft>Attack>Retreat>Attack>MoveForward>MoveForward>MoveForward",5,29.000,6,11,6,0,-1.000,0,0.000,True,41.000,6.654,0,180,20000100.000,184.000,-5.323,20000280.000,132.358,E8E011ECC50A0CF2,True,1,True,False,"Beam 1위와 안정형 관측 추천 일치"
S1,S-v1-complex,2-difficulty,안정형-2입력난이도,0.000,2.200,0.800,True,1.9,1,BACDECFC47DAA410,2,2,"Lunge(5)>Attack>DashRight>Lunge(0)>Attack>MoveLeft>Attack>Retreat>Attack>MoveForward>MoveForward>MoveLeft",5,29.000,6,11,6,0,-1.000,0,0.000,True,41.000,6.654,0,180,20000100.000,184.000,-5.323,20000280.000,132.358,5597A6E0CF88272D,True,2,False,False,""
S1,S-v1-complex,2-difficulty,안정형-2입력난이도,0.000,2.200,0.800,True,1.9,1,BACDECFC47DAA410,2,3,"Lunge(5)>Attack>DashRight>Lunge(0)>Attack>MoveLeft>Attack>Retreat>Attack>MoveForward>MoveForward>MoveRight",5,29.000,6,11,6,0,-1.000,0,0.000,True,41.000,6.654,0,180,20000100.000,184.000,-5.323,20000280.000,132.358,B9DF8EDE38779BF7,True,3,False,False,""
S1,S-v1-complex,2-difficulty,안정형-2입력난이도,0.000,2.200,0.800,True,1.9,1,BACDECFC47DAA410,3,1,"Lunge(5)>Attack>DashRight>Lunge(0)>Attack>MoveLeft>Attack>Retreat>Attack>MoveForward>MoveForward>MoveForward",5,29.000,6,11,6,0,-1.000,0,0.000,True,41.000,6.654,0,180,20000100.000,184.000,-5.323,20000280.000,149.454,E8E011ECC50A0CF2,True,1,True,False,"Beam 1위와 안정형 관측 추천 일치"
S1,S-v1-complex,2-difficulty,안정형-2입력난이도,0.000,2.200,0.800,True,1.9,1,BACDECFC47DAA410,3,2,"Lunge(5)>Attack>DashRight>Lunge(0)>Attack>MoveLeft>Attack>Retreat>Attack>MoveForward>MoveForward>MoveLeft",5,29.000,6,11,6,0,-1.000,0,0.000,True,41.000,6.654,0,180,20000100.000,184.000,-5.323,20000280.000,149.454,5597A6E0CF88272D,True,2,False,False,""
S1,S-v1-complex,2-difficulty,안정형-2입력난이도,0.000,2.200,0.800,True,1.9,1,BACDECFC47DAA410,3,3,"Lunge(5)>Attack>DashRight>Lunge(0)>Attack>MoveLeft>Attack>Retreat>Attack>MoveForward>MoveForward>MoveRight",5,29.000,6,11,6,0,-1.000,0,0.000,True,41.000,6.654,0,180,20000100.000,184.000,-5.323,20000280.000,149.454,B9DF8EDE38779BF7,True,3,False,False,""
S1,S-v1-complex,2-difficulty,안정형-2입력난이도,0.000,2.200,0.800,True,1.9,1,BACDECFC47DAA410,4,1,"Lunge(5)>Attack>DashRight>Lunge(0)>Attack>MoveLeft>Attack>Retreat>Attack>MoveForward>MoveForward>MoveForward",5,29.000,6,11,6,0,-1.000,0,0.000,True,41.000,6.654,0,180,20000100.000,184.000,-5.323,20000280.000,143.860,E8E011ECC50A0CF2,True,1,True,False,"Beam 1위와 안정형 관측 추천 일치"
S1,S-v1-complex,2-difficulty,안정형-2입력난이도,0.000,2.200,0.800,True,1.9,1,BACDECFC47DAA410,4,2,"Lunge(5)>Attack>DashRight>Lunge(0)>Attack>MoveLeft>Attack>Retreat>Attack>MoveForward>MoveForward>MoveLeft",5,29.000,6,11,6,0,-1.000,0,0.000,True,41.000,6.654,0,180,20000100.000,184.000,-5.323,20000280.000,143.860,5597A6E0CF88272D,True,2,False,False,""
S1,S-v1-complex,2-difficulty,안정형-2입력난이도,0.000,2.200,0.800,True,1.9,1,BACDECFC47DAA410,4,3,"Lunge(5)>Attack>DashRight>Lunge(0)>Attack>MoveLeft>Attack>Retreat>Attack>MoveForward>MoveForward>MoveRight",5,29.000,6,11,6,0,-1.000,0,0.000,True,41.000,6.654,0,180,20000100.000,184.000,-5.323,20000280.000,143.860,B9DF8EDE38779BF7,True,3,False,False,""
S1,S-v1-complex,2-difficulty,안정형-2입력난이도,0.000,2.200,0.800,True,1.9,1,BACDECFC47DAA410,5,1,"Lunge(5)>Attack>DashRight>Lunge(0)>Attack>MoveLeft>Attack>Retreat>Attack>MoveForward>MoveForward>MoveForward",5,29.000,6,11,6,0,-1.000,0,0.000,True,41.000,6.654,0,180,20000100.000,184.000,-5.323,20000280.000,142.930,E8E011ECC50A0CF2,True,1,True,False,"Beam 1위와 안정형 관측 추천 일치"
S1,S-v1-complex,2-difficulty,안정형-2입력난이도,0.000,2.200,0.800,True,1.9,1,BACDECFC47DAA410,5,2,"Lunge(5)>Attack>DashRight>Lunge(0)>Attack>MoveLeft>Attack>Retreat>Attack>MoveForward>MoveForward>MoveLeft",5,29.000,6,11,6,0,-1.000,0,0.000,True,41.000,6.654,0,180,20000100.000,184.000,-5.323,20000280.000,142.930,5597A6E0CF88272D,True,2,False,False,""
S1,S-v1-complex,2-difficulty,안정형-2입력난이도,0.000,2.200,0.800,True,1.9,1,BACDECFC47DAA410,5,3,"Lunge(5)>Attack>DashRight>Lunge(0)>Attack>MoveLeft>Attack>Retreat>Attack>MoveForward>MoveForward>MoveRight",5,29.000,6,11,6,0,-1.000,0,0.000,True,41.000,6.654,0,180,20000100.000,184.000,-5.323,20000280.000,142.930,B9DF8EDE38779BF7,True,3,False,False,""
S1,S-v1-complex,2-difficulty,안정형-2입력난이도,0.000,2.200,0.800,True,1.9,1,BACDECFC47DAA410,6,1,"Lunge(5)>Attack>DashRight>Lunge(0)>Attack>MoveLeft>Attack>Retreat>Attack>MoveForward>MoveForward>MoveForward",5,29.000,6,11,6,0,-1.000,0,0.000,True,41.000,6.654,0,180,20000100.000,184.000,-5.323,20000280.000,120.800,E8E011ECC50A0CF2,True,1,True,False,"Beam 1위와 안정형 관측 추천 일치"
S1,S-v1-complex,2-difficulty,안정형-2입력난이도,0.000,2.200,0.800,True,1.9,1,BACDECFC47DAA410,6,2,"Lunge(5)>Attack>DashRight>Lunge(0)>Attack>MoveLeft>Attack>Retreat>Attack>MoveForward>MoveForward>MoveLeft",5,29.000,6,11,6,0,-1.000,0,0.000,True,41.000,6.654,0,180,20000100.000,184.000,-5.323,20000280.000,120.800,5597A6E0CF88272D,True,2,False,False,""
S1,S-v1-complex,2-difficulty,안정형-2입력난이도,0.000,2.200,0.800,True,1.9,1,BACDECFC47DAA410,6,3,"Lunge(5)>Attack>DashRight>Lunge(0)>Attack>MoveLeft>Attack>Retreat>Attack>MoveForward>MoveForward>MoveRight",5,29.000,6,11,6,0,-1.000,0,0.000,True,41.000,6.654,0,180,20000100.000,184.000,-5.323,20000280.000,120.800,B9DF8EDE38779BF7,True,3,False,False,""
S1,S-v1-complex,2-difficulty,안정형-2입력난이도,0.000,2.200,0.800,True,1.9,1,BACDECFC47DAA410,7,1,"Lunge(5)>Attack>DashRight>Lunge(0)>Attack>MoveLeft>Attack>Retreat>Attack>MoveForward>MoveForward>MoveForward",5,29.000,6,11,6,0,-1.000,0,0.000,True,41.000,6.654,0,180,20000100.000,184.000,-5.323,20000280.000,202.921,E8E011ECC50A0CF2,True,1,True,False,"Beam 1위와 안정형 관측 추천 일치"
S1,S-v1-complex,2-difficulty,안정형-2입력난이도,0.000,2.200,0.800,True,1.9,1,BACDECFC47DAA410,7,2,"Lunge(5)>Attack>DashRight>Lunge(0)>Attack>MoveLeft>Attack>Retreat>Attack>MoveForward>MoveForward>MoveLeft",5,29.000,6,11,6,0,-1.000,0,0.000,True,41.000,6.654,0,180,20000100.000,184.000,-5.323,20000280.000,202.921,5597A6E0CF88272D,True,2,False,False,""
S1,S-v1-complex,2-difficulty,안정형-2입력난이도,0.000,2.200,0.800,True,1.9,1,BACDECFC47DAA410,7,3,"Lunge(5)>Attack>DashRight>Lunge(0)>Attack>MoveLeft>Attack>Retreat>Attack>MoveForward>MoveForward>MoveRight",5,29.000,6,11,6,0,-1.000,0,0.000,True,41.000,6.654,0,180,20000100.000,184.000,-5.323,20000280.000,202.921,B9DF8EDE38779BF7,True,3,False,False,""
S1,S-v1-complex,2-difficulty,안정형-2입력난이도,0.000,2.200,0.800,True,1.9,1,BACDECFC47DAA410,8,1,"Lunge(5)>Attack>DashRight>Lunge(0)>Attack>MoveLeft>Attack>Retreat>Attack>MoveForward>MoveForward>MoveForward",5,29.000,6,11,6,0,-1.000,0,0.000,True,41.000,6.654,0,180,20000100.000,184.000,-5.323,20000280.000,125.786,E8E011ECC50A0CF2,True,1,True,False,"Beam 1위와 안정형 관측 추천 일치"
S1,S-v1-complex,2-difficulty,안정형-2입력난이도,0.000,2.200,0.800,True,1.9,1,BACDECFC47DAA410,8,2,"Lunge(5)>Attack>DashRight>Lunge(0)>Attack>MoveLeft>Attack>Retreat>Attack>MoveForward>MoveForward>MoveLeft",5,29.000,6,11,6,0,-1.000,0,0.000,True,41.000,6.654,0,180,20000100.000,184.000,-5.323,20000280.000,125.786,5597A6E0CF88272D,True,2,False,False,""
S1,S-v1-complex,2-difficulty,안정형-2입력난이도,0.000,2.200,0.800,True,1.9,1,BACDECFC47DAA410,8,3,"Lunge(5)>Attack>DashRight>Lunge(0)>Attack>MoveLeft>Attack>Retreat>Attack>MoveForward>MoveForward>MoveRight",5,29.000,6,11,6,0,-1.000,0,0.000,True,41.000,6.654,0,180,20000100.000,184.000,-5.323,20000280.000,125.786,B9DF8EDE38779BF7,True,3,False,False,""
S1,S-v1-complex,2-difficulty,안정형-2입력난이도,0.000,2.200,0.800,True,1.9,1,BACDECFC47DAA410,9,1,"Lunge(5)>Attack>DashRight>Lunge(0)>Attack>MoveLeft>Attack>Retreat>Attack>MoveForward>MoveForward>MoveForward",5,29.000,6,11,6,0,-1.000,0,0.000,True,41.000,6.654,0,180,20000100.000,184.000,-5.323,20000280.000,143.126,E8E011ECC50A0CF2,True,1,True,False,"Beam 1위와 안정형 관측 추천 일치"
S1,S-v1-complex,2-difficulty,안정형-2입력난이도,0.000,2.200,0.800,True,1.9,1,BACDECFC47DAA410,9,2,"Lunge(5)>Attack>DashRight>Lunge(0)>Attack>MoveLeft>Attack>Retreat>Attack>MoveForward>MoveForward>MoveLeft",5,29.000,6,11,6,0,-1.000,0,0.000,True,41.000,6.654,0,180,20000100.000,184.000,-5.323,20000280.000,143.126,5597A6E0CF88272D,True,2,False,False,""
S1,S-v1-complex,2-difficulty,안정형-2입력난이도,0.000,2.200,0.800,True,1.9,1,BACDECFC47DAA410,9,3,"Lunge(5)>Attack>DashRight>Lunge(0)>Attack>MoveLeft>Attack>Retreat>Attack>MoveForward>MoveForward>MoveRight",5,29.000,6,11,6,0,-1.000,0,0.000,True,41.000,6.654,0,180,20000100.000,184.000,-5.323,20000280.000,143.126,B9DF8EDE38779BF7,True,3,False,False,""
S1,S-v1-complex,2-difficulty,안정형-2입력난이도,0.000,2.200,0.800,True,1.9,1,BACDECFC47DAA410,10,1,"Lunge(5)>Attack>DashRight>Lunge(0)>Attack>MoveLeft>Attack>Retreat>Attack>MoveForward>MoveForward>MoveForward",5,29.000,6,11,6,0,-1.000,0,0.000,True,41.000,6.654,0,180,20000100.000,184.000,-5.323,20000280.000,150.120,E8E011ECC50A0CF2,True,1,True,False,"Beam 1위와 안정형 관측 추천 일치"
S1,S-v1-complex,2-difficulty,안정형-2입력난이도,0.000,2.200,0.800,True,1.9,1,BACDECFC47DAA410,10,2,"Lunge(5)>Attack>DashRight>Lunge(0)>Attack>MoveLeft>Attack>Retreat>Attack>MoveForward>MoveForward>MoveLeft",5,29.000,6,11,6,0,-1.000,0,0.000,True,41.000,6.654,0,180,20000100.000,184.000,-5.323,20000280.000,150.120,5597A6E0CF88272D,True,2,False,False,""
S1,S-v1-complex,2-difficulty,안정형-2입력난이도,0.000,2.200,0.800,True,1.9,1,BACDECFC47DAA410,10,3,"Lunge(5)>Attack>DashRight>Lunge(0)>Attack>MoveLeft>Attack>Retreat>Attack>MoveForward>MoveForward>MoveRight",5,29.000,6,11,6,0,-1.000,0,0.000,True,41.000,6.654,0,180,20000100.000,184.000,-5.323,20000280.000,150.120,B9DF8EDE38779BF7,True,3,False,False,""
S2,S-v1-complex,2-difficulty,안정형-2입력난이도,0.000,2.200,0.800,True,1.9,1,8FE85AD103A4BA3E,1,1,"Attack>DashBackward>Lunge(3)>Attack>MoveLeft>Attack>Retreat>Attack>DashLeft>Lunge(6)>MoveLeft>Lunge(2)",3,34.000,7,14,7,0,-1.000,0,0.000,True,38.000,8.369,0,180,20000100.000,211.000,-6.695,20000300.000,181.232,BE865976BF9220E7,True,3,False,True,""
S2,S-v1-complex,2-difficulty,안정형-2입력난이도,0.000,2.200,0.800,True,1.9,1,8FE85AD103A4BA3E,1,2,"Attack>DashBackward>Lunge(3)>Attack>MoveLeft>Attack>Retreat>Attack>DashLeft>Lunge(6)>MoveRight>Lunge(2)",3,34.000,7,14,7,0,-1.000,0,0.000,True,38.000,8.368,0,180,20000100.000,211.000,-6.695,20000300.000,181.232,8A7BF382636B624D,True,2,False,True,""
S2,S-v1-complex,2-difficulty,안정형-2입력난이도,0.000,2.200,0.800,True,1.9,1,8FE85AD103A4BA3E,1,3,"Attack>DashBackward>Lunge(3)>Attack>MoveLeft>Attack>Retreat>Attack>DashLeft>Lunge(6)>Retreat>Lunge(2)",3,34.000,7,14,7,0,-1.000,0,0.000,True,38.000,8.364,0,180,20000100.000,211.000,-6.691,20000300.000,181.232,0418CCEF554BC5A0,True,1,True,True,"입력 난이도 감소"
S2,S-v1-complex,2-difficulty,안정형-2입력난이도,0.000,2.200,0.800,True,1.9,1,8FE85AD103A4BA3E,2,1,"Attack>DashBackward>Lunge(3)>Attack>MoveLeft>Attack>Retreat>Attack>DashLeft>Lunge(6)>MoveLeft>Lunge(2)",3,34.000,7,14,7,0,-1.000,0,0.000,True,38.000,8.369,0,180,20000100.000,211.000,-6.695,20000300.000,175.551,BE865976BF9220E7,True,3,False,True,""
S2,S-v1-complex,2-difficulty,안정형-2입력난이도,0.000,2.200,0.800,True,1.9,1,8FE85AD103A4BA3E,2,2,"Attack>DashBackward>Lunge(3)>Attack>MoveLeft>Attack>Retreat>Attack>DashLeft>Lunge(6)>MoveRight>Lunge(2)",3,34.000,7,14,7,0,-1.000,0,0.000,True,38.000,8.368,0,180,20000100.000,211.000,-6.695,20000300.000,175.551,8A7BF382636B624D,True,2,False,True,""
S2,S-v1-complex,2-difficulty,안정형-2입력난이도,0.000,2.200,0.800,True,1.9,1,8FE85AD103A4BA3E,2,3,"Attack>DashBackward>Lunge(3)>Attack>MoveLeft>Attack>Retreat>Attack>DashLeft>Lunge(6)>Retreat>Lunge(2)",3,34.000,7,14,7,0,-1.000,0,0.000,True,38.000,8.364,0,180,20000100.000,211.000,-6.691,20000300.000,175.551,0418CCEF554BC5A0,True,1,True,True,"입력 난이도 감소"
S2,S-v1-complex,2-difficulty,안정형-2입력난이도,0.000,2.200,0.800,True,1.9,1,8FE85AD103A4BA3E,3,1,"Attack>DashBackward>Lunge(3)>Attack>MoveLeft>Attack>Retreat>Attack>DashLeft>Lunge(6)>MoveLeft>Lunge(2)",3,34.000,7,14,7,0,-1.000,0,0.000,True,38.000,8.369,0,180,20000100.000,211.000,-6.695,20000300.000,170.939,BE865976BF9220E7,True,3,False,True,""
S2,S-v1-complex,2-difficulty,안정형-2입력난이도,0.000,2.200,0.800,True,1.9,1,8FE85AD103A4BA3E,3,2,"Attack>DashBackward>Lunge(3)>Attack>MoveLeft>Attack>Retreat>Attack>DashLeft>Lunge(6)>MoveRight>Lunge(2)",3,34.000,7,14,7,0,-1.000,0,0.000,True,38.000,8.368,0,180,20000100.000,211.000,-6.695,20000300.000,170.939,8A7BF382636B624D,True,2,False,True,""
S2,S-v1-complex,2-difficulty,안정형-2입력난이도,0.000,2.200,0.800,True,1.9,1,8FE85AD103A4BA3E,3,3,"Attack>DashBackward>Lunge(3)>Attack>MoveLeft>Attack>Retreat>Attack>DashLeft>Lunge(6)>Retreat>Lunge(2)",3,34.000,7,14,7,0,-1.000,0,0.000,True,38.000,8.364,0,180,20000100.000,211.000,-6.691,20000300.000,170.939,0418CCEF554BC5A0,True,1,True,True,"입력 난이도 감소"
S2,S-v1-complex,2-difficulty,안정형-2입력난이도,0.000,2.200,0.800,True,1.9,1,8FE85AD103A4BA3E,4,1,"Attack>DashBackward>Lunge(3)>Attack>MoveLeft>Attack>Retreat>Attack>DashLeft>Lunge(6)>MoveLeft>Lunge(2)",3,34.000,7,14,7,0,-1.000,0,0.000,True,38.000,8.369,0,180,20000100.000,211.000,-6.695,20000300.000,193.081,BE865976BF9220E7,True,3,False,True,""
S2,S-v1-complex,2-difficulty,안정형-2입력난이도,0.000,2.200,0.800,True,1.9,1,8FE85AD103A4BA3E,4,2,"Attack>DashBackward>Lunge(3)>Attack>MoveLeft>Attack>Retreat>Attack>DashLeft>Lunge(6)>MoveRight>Lunge(2)",3,34.000,7,14,7,0,-1.000,0,0.000,True,38.000,8.368,0,180,20000100.000,211.000,-6.695,20000300.000,193.081,8A7BF382636B624D,True,2,False,True,""
S2,S-v1-complex,2-difficulty,안정형-2입력난이도,0.000,2.200,0.800,True,1.9,1,8FE85AD103A4BA3E,4,3,"Attack>DashBackward>Lunge(3)>Attack>MoveLeft>Attack>Retreat>Attack>DashLeft>Lunge(6)>Retreat>Lunge(2)",3,34.000,7,14,7,0,-1.000,0,0.000,True,38.000,8.364,0,180,20000100.000,211.000,-6.691,20000300.000,193.081,0418CCEF554BC5A0,True,1,True,True,"입력 난이도 감소"
S2,S-v1-complex,2-difficulty,안정형-2입력난이도,0.000,2.200,0.800,True,1.9,1,8FE85AD103A4BA3E,5,1,"Attack>DashBackward>Lunge(3)>Attack>MoveLeft>Attack>Retreat>Attack>DashLeft>Lunge(6)>MoveLeft>Lunge(2)",3,34.000,7,14,7,0,-1.000,0,0.000,True,38.000,8.369,0,180,20000100.000,211.000,-6.695,20000300.000,200.186,BE865976BF9220E7,True,3,False,True,""
S2,S-v1-complex,2-difficulty,안정형-2입력난이도,0.000,2.200,0.800,True,1.9,1,8FE85AD103A4BA3E,5,2,"Attack>DashBackward>Lunge(3)>Attack>MoveLeft>Attack>Retreat>Attack>DashLeft>Lunge(6)>MoveRight>Lunge(2)",3,34.000,7,14,7,0,-1.000,0,0.000,True,38.000,8.368,0,180,20000100.000,211.000,-6.695,20000300.000,200.186,8A7BF382636B624D,True,2,False,True,""
S2,S-v1-complex,2-difficulty,안정형-2입력난이도,0.000,2.200,0.800,True,1.9,1,8FE85AD103A4BA3E,5,3,"Attack>DashBackward>Lunge(3)>Attack>MoveLeft>Attack>Retreat>Attack>DashLeft>Lunge(6)>Retreat>Lunge(2)",3,34.000,7,14,7,0,-1.000,0,0.000,True,38.000,8.364,0,180,20000100.000,211.000,-6.691,20000300.000,200.186,0418CCEF554BC5A0,True,1,True,True,"입력 난이도 감소"
S2,S-v1-complex,2-difficulty,안정형-2입력난이도,0.000,2.200,0.800,True,1.9,1,8FE85AD103A4BA3E,6,1,"Attack>DashBackward>Lunge(3)>Attack>MoveLeft>Attack>Retreat>Attack>DashLeft>Lunge(6)>MoveLeft>Lunge(2)",3,34.000,7,14,7,0,-1.000,0,0.000,True,38.000,8.369,0,180,20000100.000,211.000,-6.695,20000300.000,181.056,BE865976BF9220E7,True,3,False,True,""
S2,S-v1-complex,2-difficulty,안정형-2입력난이도,0.000,2.200,0.800,True,1.9,1,8FE85AD103A4BA3E,6,2,"Attack>DashBackward>Lunge(3)>Attack>MoveLeft>Attack>Retreat>Attack>DashLeft>Lunge(6)>MoveRight>Lunge(2)",3,34.000,7,14,7,0,-1.000,0,0.000,True,38.000,8.368,0,180,20000100.000,211.000,-6.695,20000300.000,181.056,8A7BF382636B624D,True,2,False,True,""
S2,S-v1-complex,2-difficulty,안정형-2입력난이도,0.000,2.200,0.800,True,1.9,1,8FE85AD103A4BA3E,6,3,"Attack>DashBackward>Lunge(3)>Attack>MoveLeft>Attack>Retreat>Attack>DashLeft>Lunge(6)>Retreat>Lunge(2)",3,34.000,7,14,7,0,-1.000,0,0.000,True,38.000,8.364,0,180,20000100.000,211.000,-6.691,20000300.000,181.056,0418CCEF554BC5A0,True,1,True,True,"입력 난이도 감소"
S2,S-v1-complex,2-difficulty,안정형-2입력난이도,0.000,2.200,0.800,True,1.9,1,8FE85AD103A4BA3E,7,1,"Attack>DashBackward>Lunge(3)>Attack>MoveLeft>Attack>Retreat>Attack>DashLeft>Lunge(6)>MoveLeft>Lunge(2)",3,34.000,7,14,7,0,-1.000,0,0.000,True,38.000,8.369,0,180,20000100.000,211.000,-6.695,20000300.000,200.738,BE865976BF9220E7,True,3,False,True,""
S2,S-v1-complex,2-difficulty,안정형-2입력난이도,0.000,2.200,0.800,True,1.9,1,8FE85AD103A4BA3E,7,2,"Attack>DashBackward>Lunge(3)>Attack>MoveLeft>Attack>Retreat>Attack>DashLeft>Lunge(6)>MoveRight>Lunge(2)",3,34.000,7,14,7,0,-1.000,0,0.000,True,38.000,8.368,0,180,20000100.000,211.000,-6.695,20000300.000,200.738,8A7BF382636B624D,True,2,False,True,""
S2,S-v1-complex,2-difficulty,안정형-2입력난이도,0.000,2.200,0.800,True,1.9,1,8FE85AD103A4BA3E,7,3,"Attack>DashBackward>Lunge(3)>Attack>MoveLeft>Attack>Retreat>Attack>DashLeft>Lunge(6)>Retreat>Lunge(2)",3,34.000,7,14,7,0,-1.000,0,0.000,True,38.000,8.364,0,180,20000100.000,211.000,-6.691,20000300.000,200.738,0418CCEF554BC5A0,True,1,True,True,"입력 난이도 감소"
S2,S-v1-complex,2-difficulty,안정형-2입력난이도,0.000,2.200,0.800,True,1.9,1,8FE85AD103A4BA3E,8,1,"Attack>DashBackward>Lunge(3)>Attack>MoveLeft>Attack>Retreat>Attack>DashLeft>Lunge(6)>MoveLeft>Lunge(2)",3,34.000,7,14,7,0,-1.000,0,0.000,True,38.000,8.369,0,180,20000100.000,211.000,-6.695,20000300.000,191.065,BE865976BF9220E7,True,3,False,True,""
S2,S-v1-complex,2-difficulty,안정형-2입력난이도,0.000,2.200,0.800,True,1.9,1,8FE85AD103A4BA3E,8,2,"Attack>DashBackward>Lunge(3)>Attack>MoveLeft>Attack>Retreat>Attack>DashLeft>Lunge(6)>MoveRight>Lunge(2)",3,34.000,7,14,7,0,-1.000,0,0.000,True,38.000,8.368,0,180,20000100.000,211.000,-6.695,20000300.000,191.065,8A7BF382636B624D,True,2,False,True,""
S2,S-v1-complex,2-difficulty,안정형-2입력난이도,0.000,2.200,0.800,True,1.9,1,8FE85AD103A4BA3E,8,3,"Attack>DashBackward>Lunge(3)>Attack>MoveLeft>Attack>Retreat>Attack>DashLeft>Lunge(6)>Retreat>Lunge(2)",3,34.000,7,14,7,0,-1.000,0,0.000,True,38.000,8.364,0,180,20000100.000,211.000,-6.691,20000300.000,191.065,0418CCEF554BC5A0,True,1,True,True,"입력 난이도 감소"
S2,S-v1-complex,2-difficulty,안정형-2입력난이도,0.000,2.200,0.800,True,1.9,1,8FE85AD103A4BA3E,9,1,"Attack>DashBackward>Lunge(3)>Attack>MoveLeft>Attack>Retreat>Attack>DashLeft>Lunge(6)>MoveLeft>Lunge(2)",3,34.000,7,14,7,0,-1.000,0,0.000,True,38.000,8.369,0,180,20000100.000,211.000,-6.695,20000300.000,195.568,BE865976BF9220E7,True,3,False,True,""
S2,S-v1-complex,2-difficulty,안정형-2입력난이도,0.000,2.200,0.800,True,1.9,1,8FE85AD103A4BA3E,9,2,"Attack>DashBackward>Lunge(3)>Attack>MoveLeft>Attack>Retreat>Attack>DashLeft>Lunge(6)>MoveRight>Lunge(2)",3,34.000,7,14,7,0,-1.000,0,0.000,True,38.000,8.368,0,180,20000100.000,211.000,-6.695,20000300.000,195.568,8A7BF382636B624D,True,2,False,True,""
S2,S-v1-complex,2-difficulty,안정형-2입력난이도,0.000,2.200,0.800,True,1.9,1,8FE85AD103A4BA3E,9,3,"Attack>DashBackward>Lunge(3)>Attack>MoveLeft>Attack>Retreat>Attack>DashLeft>Lunge(6)>Retreat>Lunge(2)",3,34.000,7,14,7,0,-1.000,0,0.000,True,38.000,8.364,0,180,20000100.000,211.000,-6.691,20000300.000,195.568,0418CCEF554BC5A0,True,1,True,True,"입력 난이도 감소"
S2,S-v1-complex,2-difficulty,안정형-2입력난이도,0.000,2.200,0.800,True,1.9,1,8FE85AD103A4BA3E,10,1,"Attack>DashBackward>Lunge(3)>Attack>MoveLeft>Attack>Retreat>Attack>DashLeft>Lunge(6)>MoveLeft>Lunge(2)",3,34.000,7,14,7,0,-1.000,0,0.000,True,38.000,8.369,0,180,20000100.000,211.000,-6.695,20000300.000,189.598,BE865976BF9220E7,True,3,False,True,""
S2,S-v1-complex,2-difficulty,안정형-2입력난이도,0.000,2.200,0.800,True,1.9,1,8FE85AD103A4BA3E,10,2,"Attack>DashBackward>Lunge(3)>Attack>MoveLeft>Attack>Retreat>Attack>DashLeft>Lunge(6)>MoveRight>Lunge(2)",3,34.000,7,14,7,0,-1.000,0,0.000,True,38.000,8.368,0,180,20000100.000,211.000,-6.695,20000300.000,189.598,8A7BF382636B624D,True,2,False,True,""
S2,S-v1-complex,2-difficulty,안정형-2입력난이도,0.000,2.200,0.800,True,1.9,1,8FE85AD103A4BA3E,10,3,"Attack>DashBackward>Lunge(3)>Attack>MoveLeft>Attack>Retreat>Attack>DashLeft>Lunge(6)>Retreat>Lunge(2)",3,34.000,7,14,7,0,-1.000,0,0.000,True,38.000,8.364,0,180,20000100.000,211.000,-6.691,20000300.000,189.598,0418CCEF554BC5A0,True,1,True,True,"입력 난이도 감소"
S3,S-v1-complex,2-difficulty,안정형-2입력난이도,0.000,2.200,0.800,True,1.9,1,833B65CAE74ACC51,1,1,"Lunge(1)>Attack>DashLeft>Lunge(0)>MoveForward>Lunge(0)>MoveForward>MoveLeft>MoveLeft>MoveLeft>Jump>Jump",0,34.000,2,4,3,1,7.741,0,3.958,True,49.357,8.464,0,180,20000120.000,96.000,-6.772,20000210.000,97.459,00C37FB57260FDDE,True,1,True,False,"Beam 1위와 안정형 관측 추천 일치"
S3,S-v1-complex,2-difficulty,안정형-2입력난이도,0.000,2.200,0.800,True,1.9,1,833B65CAE74ACC51,1,2,"Lunge(1)>Attack>DashLeft>Lunge(0)>MoveForward>Lunge(0)>MoveForward>MoveLeft>MoveLeft>MoveRight>Jump>Jump",0,34.000,2,4,3,1,7.741,0,3.958,True,49.357,8.464,0,180,20000120.000,96.000,-6.772,20000210.000,97.459,78F22063AA6C9472,True,2,False,False,""
S3,S-v1-complex,2-difficulty,안정형-2입력난이도,0.000,2.200,0.800,True,1.9,1,833B65CAE74ACC51,1,3,"Lunge(1)>Attack>DashLeft>Lunge(0)>MoveForward>Lunge(0)>MoveForward>MoveLeft>MoveLeft>MoveLeft>Jump>MoveLeft",0,34.000,2,4,3,1,7.764,0,2.396,True,44.715,7.914,0,180,20000110.000,96.000,-6.332,20000200.000,97.459,2D0D81E3220398F7,True,3,False,False,""
S3,S-v1-complex,2-difficulty,안정형-2입력난이도,0.000,2.200,0.800,True,1.9,1,833B65CAE74ACC51,2,1,"Lunge(1)>Attack>DashLeft>Lunge(0)>MoveForward>Lunge(0)>MoveForward>MoveLeft>MoveLeft>MoveLeft>Jump>Jump",0,34.000,2,4,3,1,7.741,0,3.958,True,49.357,8.464,0,180,20000120.000,96.000,-6.772,20000210.000,111.112,00C37FB57260FDDE,True,1,True,False,"Beam 1위와 안정형 관측 추천 일치"
S3,S-v1-complex,2-difficulty,안정형-2입력난이도,0.000,2.200,0.800,True,1.9,1,833B65CAE74ACC51,2,2,"Lunge(1)>Attack>DashLeft>Lunge(0)>MoveForward>Lunge(0)>MoveForward>MoveLeft>MoveLeft>MoveRight>Jump>Jump",0,34.000,2,4,3,1,7.741,0,3.958,True,49.357,8.464,0,180,20000120.000,96.000,-6.772,20000210.000,111.112,78F22063AA6C9472,True,2,False,False,""
S3,S-v1-complex,2-difficulty,안정형-2입력난이도,0.000,2.200,0.800,True,1.9,1,833B65CAE74ACC51,2,3,"Lunge(1)>Attack>DashLeft>Lunge(0)>MoveForward>Lunge(0)>MoveForward>MoveLeft>MoveLeft>MoveLeft>Jump>MoveLeft",0,34.000,2,4,3,1,7.764,0,2.396,True,44.715,7.914,0,180,20000110.000,96.000,-6.332,20000200.000,111.112,2D0D81E3220398F7,True,3,False,False,""
S3,S-v1-complex,2-difficulty,안정형-2입력난이도,0.000,2.200,0.800,True,1.9,1,833B65CAE74ACC51,3,1,"Lunge(1)>Attack>DashLeft>Lunge(0)>MoveForward>Lunge(0)>MoveForward>MoveLeft>MoveLeft>MoveLeft>Jump>Jump",0,34.000,2,4,3,1,7.741,0,3.958,True,49.357,8.464,0,180,20000120.000,96.000,-6.772,20000210.000,100.180,00C37FB57260FDDE,True,1,True,False,"Beam 1위와 안정형 관측 추천 일치"
S3,S-v1-complex,2-difficulty,안정형-2입력난이도,0.000,2.200,0.800,True,1.9,1,833B65CAE74ACC51,3,2,"Lunge(1)>Attack>DashLeft>Lunge(0)>MoveForward>Lunge(0)>MoveForward>MoveLeft>MoveLeft>MoveRight>Jump>Jump",0,34.000,2,4,3,1,7.741,0,3.958,True,49.357,8.464,0,180,20000120.000,96.000,-6.772,20000210.000,100.180,78F22063AA6C9472,True,2,False,False,""
S3,S-v1-complex,2-difficulty,안정형-2입력난이도,0.000,2.200,0.800,True,1.9,1,833B65CAE74ACC51,3,3,"Lunge(1)>Attack>DashLeft>Lunge(0)>MoveForward>Lunge(0)>MoveForward>MoveLeft>MoveLeft>MoveLeft>Jump>MoveLeft",0,34.000,2,4,3,1,7.764,0,2.396,True,44.715,7.914,0,180,20000110.000,96.000,-6.332,20000200.000,100.180,2D0D81E3220398F7,True,3,False,False,""
S3,S-v1-complex,2-difficulty,안정형-2입력난이도,0.000,2.200,0.800,True,1.9,1,833B65CAE74ACC51,4,1,"Lunge(1)>Attack>DashLeft>Lunge(0)>MoveForward>Lunge(0)>MoveForward>MoveLeft>MoveLeft>MoveLeft>Jump>Jump",0,34.000,2,4,3,1,7.741,0,3.958,True,49.357,8.464,0,180,20000120.000,96.000,-6.772,20000210.000,102.388,00C37FB57260FDDE,True,1,True,False,"Beam 1위와 안정형 관측 추천 일치"
S3,S-v1-complex,2-difficulty,안정형-2입력난이도,0.000,2.200,0.800,True,1.9,1,833B65CAE74ACC51,4,2,"Lunge(1)>Attack>DashLeft>Lunge(0)>MoveForward>Lunge(0)>MoveForward>MoveLeft>MoveLeft>MoveRight>Jump>Jump",0,34.000,2,4,3,1,7.741,0,3.958,True,49.357,8.464,0,180,20000120.000,96.000,-6.772,20000210.000,102.388,78F22063AA6C9472,True,2,False,False,""
S3,S-v1-complex,2-difficulty,안정형-2입력난이도,0.000,2.200,0.800,True,1.9,1,833B65CAE74ACC51,4,3,"Lunge(1)>Attack>DashLeft>Lunge(0)>MoveForward>Lunge(0)>MoveForward>MoveLeft>MoveLeft>MoveLeft>Jump>MoveLeft",0,34.000,2,4,3,1,7.764,0,2.396,True,44.715,7.914,0,180,20000110.000,96.000,-6.332,20000200.000,102.388,2D0D81E3220398F7,True,3,False,False,""
S3,S-v1-complex,2-difficulty,안정형-2입력난이도,0.000,2.200,0.800,True,1.9,1,833B65CAE74ACC51,5,1,"Lunge(1)>Attack>DashLeft>Lunge(0)>MoveForward>Lunge(0)>MoveForward>MoveLeft>MoveLeft>MoveLeft>Jump>Jump",0,34.000,2,4,3,1,7.741,0,3.958,True,49.357,8.464,0,180,20000120.000,96.000,-6.772,20000210.000,88.554,00C37FB57260FDDE,True,1,True,False,"Beam 1위와 안정형 관측 추천 일치"
S3,S-v1-complex,2-difficulty,안정형-2입력난이도,0.000,2.200,0.800,True,1.9,1,833B65CAE74ACC51,5,2,"Lunge(1)>Attack>DashLeft>Lunge(0)>MoveForward>Lunge(0)>MoveForward>MoveLeft>MoveLeft>MoveRight>Jump>Jump",0,34.000,2,4,3,1,7.741,0,3.958,True,49.357,8.464,0,180,20000120.000,96.000,-6.772,20000210.000,88.554,78F22063AA6C9472,True,2,False,False,""
S3,S-v1-complex,2-difficulty,안정형-2입력난이도,0.000,2.200,0.800,True,1.9,1,833B65CAE74ACC51,5,3,"Lunge(1)>Attack>DashLeft>Lunge(0)>MoveForward>Lunge(0)>MoveForward>MoveLeft>MoveLeft>MoveLeft>Jump>MoveLeft",0,34.000,2,4,3,1,7.764,0,2.396,True,44.715,7.914,0,180,20000110.000,96.000,-6.332,20000200.000,88.554,2D0D81E3220398F7,True,3,False,False,""
S3,S-v1-complex,2-difficulty,안정형-2입력난이도,0.000,2.200,0.800,True,1.9,1,833B65CAE74ACC51,6,1,"Lunge(1)>Attack>DashLeft>Lunge(0)>MoveForward>Lunge(0)>MoveForward>MoveLeft>MoveLeft>MoveLeft>Jump>Jump",0,34.000,2,4,3,1,7.741,0,3.958,True,49.357,8.464,0,180,20000120.000,96.000,-6.772,20000210.000,105.801,00C37FB57260FDDE,True,1,True,False,"Beam 1위와 안정형 관측 추천 일치"
S3,S-v1-complex,2-difficulty,안정형-2입력난이도,0.000,2.200,0.800,True,1.9,1,833B65CAE74ACC51,6,2,"Lunge(1)>Attack>DashLeft>Lunge(0)>MoveForward>Lunge(0)>MoveForward>MoveLeft>MoveLeft>MoveRight>Jump>Jump",0,34.000,2,4,3,1,7.741,0,3.958,True,49.357,8.464,0,180,20000120.000,96.000,-6.772,20000210.000,105.801,78F22063AA6C9472,True,2,False,False,""
S3,S-v1-complex,2-difficulty,안정형-2입력난이도,0.000,2.200,0.800,True,1.9,1,833B65CAE74ACC51,6,3,"Lunge(1)>Attack>DashLeft>Lunge(0)>MoveForward>Lunge(0)>MoveForward>MoveLeft>MoveLeft>MoveLeft>Jump>MoveLeft",0,34.000,2,4,3,1,7.764,0,2.396,True,44.715,7.914,0,180,20000110.000,96.000,-6.332,20000200.000,105.801,2D0D81E3220398F7,True,3,False,False,""
S3,S-v1-complex,2-difficulty,안정형-2입력난이도,0.000,2.200,0.800,True,1.9,1,833B65CAE74ACC51,7,1,"Lunge(1)>Attack>DashLeft>Lunge(0)>MoveForward>Lunge(0)>MoveForward>MoveLeft>MoveLeft>MoveLeft>Jump>Jump",0,34.000,2,4,3,1,7.741,0,3.958,True,49.357,8.464,0,180,20000120.000,96.000,-6.772,20000210.000,105.546,00C37FB57260FDDE,True,1,True,False,"Beam 1위와 안정형 관측 추천 일치"
S3,S-v1-complex,2-difficulty,안정형-2입력난이도,0.000,2.200,0.800,True,1.9,1,833B65CAE74ACC51,7,2,"Lunge(1)>Attack>DashLeft>Lunge(0)>MoveForward>Lunge(0)>MoveForward>MoveLeft>MoveLeft>MoveRight>Jump>Jump",0,34.000,2,4,3,1,7.741,0,3.958,True,49.357,8.464,0,180,20000120.000,96.000,-6.772,20000210.000,105.546,78F22063AA6C9472,True,2,False,False,""
S3,S-v1-complex,2-difficulty,안정형-2입력난이도,0.000,2.200,0.800,True,1.9,1,833B65CAE74ACC51,7,3,"Lunge(1)>Attack>DashLeft>Lunge(0)>MoveForward>Lunge(0)>MoveForward>MoveLeft>MoveLeft>MoveLeft>Jump>MoveLeft",0,34.000,2,4,3,1,7.764,0,2.396,True,44.715,7.914,0,180,20000110.000,96.000,-6.332,20000200.000,105.546,2D0D81E3220398F7,True,3,False,False,""
S3,S-v1-complex,2-difficulty,안정형-2입력난이도,0.000,2.200,0.800,True,1.9,1,833B65CAE74ACC51,8,1,"Lunge(1)>Attack>DashLeft>Lunge(0)>MoveForward>Lunge(0)>MoveForward>MoveLeft>MoveLeft>MoveLeft>Jump>Jump",0,34.000,2,4,3,1,7.741,0,3.958,True,49.357,8.464,0,180,20000120.000,96.000,-6.772,20000210.000,91.762,00C37FB57260FDDE,True,1,True,False,"Beam 1위와 안정형 관측 추천 일치"
S3,S-v1-complex,2-difficulty,안정형-2입력난이도,0.000,2.200,0.800,True,1.9,1,833B65CAE74ACC51,8,2,"Lunge(1)>Attack>DashLeft>Lunge(0)>MoveForward>Lunge(0)>MoveForward>MoveLeft>MoveLeft>MoveRight>Jump>Jump",0,34.000,2,4,3,1,7.741,0,3.958,True,49.357,8.464,0,180,20000120.000,96.000,-6.772,20000210.000,91.762,78F22063AA6C9472,True,2,False,False,""
S3,S-v1-complex,2-difficulty,안정형-2입력난이도,0.000,2.200,0.800,True,1.9,1,833B65CAE74ACC51,8,3,"Lunge(1)>Attack>DashLeft>Lunge(0)>MoveForward>Lunge(0)>MoveForward>MoveLeft>MoveLeft>MoveLeft>Jump>MoveLeft",0,34.000,2,4,3,1,7.764,0,2.396,True,44.715,7.914,0,180,20000110.000,96.000,-6.332,20000200.000,91.762,2D0D81E3220398F7,True,3,False,False,""
S3,S-v1-complex,2-difficulty,안정형-2입력난이도,0.000,2.200,0.800,True,1.9,1,833B65CAE74ACC51,9,1,"Lunge(1)>Attack>DashLeft>Lunge(0)>MoveForward>Lunge(0)>MoveForward>MoveLeft>MoveLeft>MoveLeft>Jump>Jump",0,34.000,2,4,3,1,7.741,0,3.958,True,49.357,8.464,0,180,20000120.000,96.000,-6.772,20000210.000,112.977,00C37FB57260FDDE,True,1,True,False,"Beam 1위와 안정형 관측 추천 일치"
S3,S-v1-complex,2-difficulty,안정형-2입력난이도,0.000,2.200,0.800,True,1.9,1,833B65CAE74ACC51,9,2,"Lunge(1)>Attack>DashLeft>Lunge(0)>MoveForward>Lunge(0)>MoveForward>MoveLeft>MoveLeft>MoveRight>Jump>Jump",0,34.000,2,4,3,1,7.741,0,3.958,True,49.357,8.464,0,180,20000120.000,96.000,-6.772,20000210.000,112.977,78F22063AA6C9472,True,2,False,False,""
S3,S-v1-complex,2-difficulty,안정형-2입력난이도,0.000,2.200,0.800,True,1.9,1,833B65CAE74ACC51,9,3,"Lunge(1)>Attack>DashLeft>Lunge(0)>MoveForward>Lunge(0)>MoveForward>MoveLeft>MoveLeft>MoveLeft>Jump>MoveLeft",0,34.000,2,4,3,1,7.764,0,2.396,True,44.715,7.914,0,180,20000110.000,96.000,-6.332,20000200.000,112.977,2D0D81E3220398F7,True,3,False,False,""
S3,S-v1-complex,2-difficulty,안정형-2입력난이도,0.000,2.200,0.800,True,1.9,1,833B65CAE74ACC51,10,1,"Lunge(1)>Attack>DashLeft>Lunge(0)>MoveForward>Lunge(0)>MoveForward>MoveLeft>MoveLeft>MoveLeft>Jump>Jump",0,34.000,2,4,3,1,7.741,0,3.958,True,49.357,8.464,0,180,20000120.000,96.000,-6.772,20000210.000,104.972,00C37FB57260FDDE,True,1,True,False,"Beam 1위와 안정형 관측 추천 일치"
S3,S-v1-complex,2-difficulty,안정형-2입력난이도,0.000,2.200,0.800,True,1.9,1,833B65CAE74ACC51,10,2,"Lunge(1)>Attack>DashLeft>Lunge(0)>MoveForward>Lunge(0)>MoveForward>MoveLeft>MoveLeft>MoveRight>Jump>Jump",0,34.000,2,4,3,1,7.741,0,3.958,True,49.357,8.464,0,180,20000120.000,96.000,-6.772,20000210.000,104.972,78F22063AA6C9472,True,2,False,False,""
S3,S-v1-complex,2-difficulty,안정형-2입력난이도,0.000,2.200,0.800,True,1.9,1,833B65CAE74ACC51,10,3,"Lunge(1)>Attack>DashLeft>Lunge(0)>MoveForward>Lunge(0)>MoveForward>MoveLeft>MoveLeft>MoveLeft>Jump>MoveLeft",0,34.000,2,4,3,1,7.764,0,2.396,True,44.715,7.914,0,180,20000110.000,96.000,-6.332,20000200.000,104.972,2D0D81E3220398F7,True,3,False,False,""
S4,S-v1-complex,2-difficulty,안정형-2입력난이도,0.000,2.200,0.800,True,1.9,1,CAAD8180ED86D572,1,1,"LungeStrike(0)>DashRight>Lunge(1)>Attack>Wait>Attack>DashRight>Lunge(4)>Attack>MoveLeft>Jump>Jump",0,34.000,5,10,6,1,6.109,0,3.958,True,46.092,9.875,0,180,20000110.000,165.000,-7.900,20000270.000,142.271,6EF4D4B1C8D18206,True,1,True,False,"Beam 1위와 안정형 관측 추천 일치"
S4,S-v1-complex,2-difficulty,안정형-2입력난이도,0.000,2.200,0.800,True,1.9,1,CAAD8180ED86D572,1,2,"LungeStrike(0)>DashRight>Lunge(1)>Attack>Wait>Attack>DashRight>Lunge(4)>Attack>MoveRight>Jump>Jump",0,34.000,5,10,6,1,6.109,0,3.958,True,46.092,9.875,0,180,20000110.000,165.000,-7.900,20000270.000,142.271,C7AE74210357A48C,True,2,False,False,""
S4,S-v1-complex,2-difficulty,안정형-2입력난이도,0.000,2.200,0.800,True,1.9,1,CAAD8180ED86D572,1,3,"LungeStrike(0)>DashRight>Lunge(1)>Attack>Wait>Attack>DashRight>Lunge(4)>Attack>MoveLeft>Jump>Wait",0,34.000,5,10,6,1,6.109,0,2.396,True,41.405,9.075,0,180,20000100.000,165.000,-7.260,20000260.000,142.271,10BBD0EE46C13309,True,3,False,False,""
S4,S-v1-complex,2-difficulty,안정형-2입력난이도,0.000,2.200,0.800,True,1.9,1,CAAD8180ED86D572,2,1,"LungeStrike(0)>DashRight>Lunge(1)>Attack>Wait>Attack>DashRight>Lunge(4)>Attack>MoveLeft>Jump>Jump",0,34.000,5,10,6,1,6.109,0,3.958,True,46.092,9.875,0,180,20000110.000,165.000,-7.900,20000270.000,130.749,6EF4D4B1C8D18206,True,1,True,False,"Beam 1위와 안정형 관측 추천 일치"
S4,S-v1-complex,2-difficulty,안정형-2입력난이도,0.000,2.200,0.800,True,1.9,1,CAAD8180ED86D572,2,2,"LungeStrike(0)>DashRight>Lunge(1)>Attack>Wait>Attack>DashRight>Lunge(4)>Attack>MoveRight>Jump>Jump",0,34.000,5,10,6,1,6.109,0,3.958,True,46.092,9.875,0,180,20000110.000,165.000,-7.900,20000270.000,130.749,C7AE74210357A48C,True,2,False,False,""
S4,S-v1-complex,2-difficulty,안정형-2입력난이도,0.000,2.200,0.800,True,1.9,1,CAAD8180ED86D572,2,3,"LungeStrike(0)>DashRight>Lunge(1)>Attack>Wait>Attack>DashRight>Lunge(4)>Attack>MoveLeft>Jump>Wait",0,34.000,5,10,6,1,6.109,0,2.396,True,41.405,9.075,0,180,20000100.000,165.000,-7.260,20000260.000,130.749,10BBD0EE46C13309,True,3,False,False,""
S4,S-v1-complex,2-difficulty,안정형-2입력난이도,0.000,2.200,0.800,True,1.9,1,CAAD8180ED86D572,3,1,"LungeStrike(0)>DashRight>Lunge(1)>Attack>Wait>Attack>DashRight>Lunge(4)>Attack>MoveLeft>Jump>Jump",0,34.000,5,10,6,1,6.109,0,3.958,True,46.092,9.875,0,180,20000110.000,165.000,-7.900,20000270.000,128.687,6EF4D4B1C8D18206,True,1,True,False,"Beam 1위와 안정형 관측 추천 일치"
S4,S-v1-complex,2-difficulty,안정형-2입력난이도,0.000,2.200,0.800,True,1.9,1,CAAD8180ED86D572,3,2,"LungeStrike(0)>DashRight>Lunge(1)>Attack>Wait>Attack>DashRight>Lunge(4)>Attack>MoveRight>Jump>Jump",0,34.000,5,10,6,1,6.109,0,3.958,True,46.092,9.875,0,180,20000110.000,165.000,-7.900,20000270.000,128.687,C7AE74210357A48C,True,2,False,False,""
S4,S-v1-complex,2-difficulty,안정형-2입력난이도,0.000,2.200,0.800,True,1.9,1,CAAD8180ED86D572,3,3,"LungeStrike(0)>DashRight>Lunge(1)>Attack>Wait>Attack>DashRight>Lunge(4)>Attack>MoveLeft>Jump>Wait",0,34.000,5,10,6,1,6.109,0,2.396,True,41.405,9.075,0,180,20000100.000,165.000,-7.260,20000260.000,128.687,10BBD0EE46C13309,True,3,False,False,""
S4,S-v1-complex,2-difficulty,안정형-2입력난이도,0.000,2.200,0.800,True,1.9,1,CAAD8180ED86D572,4,1,"LungeStrike(0)>DashRight>Lunge(1)>Attack>Wait>Attack>DashRight>Lunge(4)>Attack>MoveLeft>Jump>Jump",0,34.000,5,10,6,1,6.109,0,3.958,True,46.092,9.875,0,180,20000110.000,165.000,-7.900,20000270.000,128.897,6EF4D4B1C8D18206,True,1,True,False,"Beam 1위와 안정형 관측 추천 일치"
S4,S-v1-complex,2-difficulty,안정형-2입력난이도,0.000,2.200,0.800,True,1.9,1,CAAD8180ED86D572,4,2,"LungeStrike(0)>DashRight>Lunge(1)>Attack>Wait>Attack>DashRight>Lunge(4)>Attack>MoveRight>Jump>Jump",0,34.000,5,10,6,1,6.109,0,3.958,True,46.092,9.875,0,180,20000110.000,165.000,-7.900,20000270.000,128.897,C7AE74210357A48C,True,2,False,False,""
S4,S-v1-complex,2-difficulty,안정형-2입력난이도,0.000,2.200,0.800,True,1.9,1,CAAD8180ED86D572,4,3,"LungeStrike(0)>DashRight>Lunge(1)>Attack>Wait>Attack>DashRight>Lunge(4)>Attack>MoveLeft>Jump>Wait",0,34.000,5,10,6,1,6.109,0,2.396,True,41.405,9.075,0,180,20000100.000,165.000,-7.260,20000260.000,128.897,10BBD0EE46C13309,True,3,False,False,""
S4,S-v1-complex,2-difficulty,안정형-2입력난이도,0.000,2.200,0.800,True,1.9,1,CAAD8180ED86D572,5,1,"LungeStrike(0)>DashRight>Lunge(1)>Attack>Wait>Attack>DashRight>Lunge(4)>Attack>MoveLeft>Jump>Jump",0,34.000,5,10,6,1,6.109,0,3.958,True,46.092,9.875,0,180,20000110.000,165.000,-7.900,20000270.000,127.116,6EF4D4B1C8D18206,True,1,True,False,"Beam 1위와 안정형 관측 추천 일치"
S4,S-v1-complex,2-difficulty,안정형-2입력난이도,0.000,2.200,0.800,True,1.9,1,CAAD8180ED86D572,5,2,"LungeStrike(0)>DashRight>Lunge(1)>Attack>Wait>Attack>DashRight>Lunge(4)>Attack>MoveRight>Jump>Jump",0,34.000,5,10,6,1,6.109,0,3.958,True,46.092,9.875,0,180,20000110.000,165.000,-7.900,20000270.000,127.116,C7AE74210357A48C,True,2,False,False,""
S4,S-v1-complex,2-difficulty,안정형-2입력난이도,0.000,2.200,0.800,True,1.9,1,CAAD8180ED86D572,5,3,"LungeStrike(0)>DashRight>Lunge(1)>Attack>Wait>Attack>DashRight>Lunge(4)>Attack>MoveLeft>Jump>Wait",0,34.000,5,10,6,1,6.109,0,2.396,True,41.405,9.075,0,180,20000100.000,165.000,-7.260,20000260.000,127.116,10BBD0EE46C13309,True,3,False,False,""
S4,S-v1-complex,2-difficulty,안정형-2입력난이도,0.000,2.200,0.800,True,1.9,1,CAAD8180ED86D572,6,1,"LungeStrike(0)>DashRight>Lunge(1)>Attack>Wait>Attack>DashRight>Lunge(4)>Attack>MoveLeft>Jump>Jump",0,34.000,5,10,6,1,6.109,0,3.958,True,46.092,9.875,0,180,20000110.000,165.000,-7.900,20000270.000,169.562,6EF4D4B1C8D18206,True,1,True,False,"Beam 1위와 안정형 관측 추천 일치"
S4,S-v1-complex,2-difficulty,안정형-2입력난이도,0.000,2.200,0.800,True,1.9,1,CAAD8180ED86D572,6,2,"LungeStrike(0)>DashRight>Lunge(1)>Attack>Wait>Attack>DashRight>Lunge(4)>Attack>MoveRight>Jump>Jump",0,34.000,5,10,6,1,6.109,0,3.958,True,46.092,9.875,0,180,20000110.000,165.000,-7.900,20000270.000,169.562,C7AE74210357A48C,True,2,False,False,""
S4,S-v1-complex,2-difficulty,안정형-2입력난이도,0.000,2.200,0.800,True,1.9,1,CAAD8180ED86D572,6,3,"LungeStrike(0)>DashRight>Lunge(1)>Attack>Wait>Attack>DashRight>Lunge(4)>Attack>MoveLeft>Jump>Wait",0,34.000,5,10,6,1,6.109,0,2.396,True,41.405,9.075,0,180,20000100.000,165.000,-7.260,20000260.000,169.562,10BBD0EE46C13309,True,3,False,False,""
S4,S-v1-complex,2-difficulty,안정형-2입력난이도,0.000,2.200,0.800,True,1.9,1,CAAD8180ED86D572,7,1,"LungeStrike(0)>DashRight>Lunge(1)>Attack>Wait>Attack>DashRight>Lunge(4)>Attack>MoveLeft>Jump>Jump",0,34.000,5,10,6,1,6.109,0,3.958,True,46.092,9.875,0,180,20000110.000,165.000,-7.900,20000270.000,235.077,6EF4D4B1C8D18206,True,1,True,False,"Beam 1위와 안정형 관측 추천 일치"
S4,S-v1-complex,2-difficulty,안정형-2입력난이도,0.000,2.200,0.800,True,1.9,1,CAAD8180ED86D572,7,2,"LungeStrike(0)>DashRight>Lunge(1)>Attack>Wait>Attack>DashRight>Lunge(4)>Attack>MoveRight>Jump>Jump",0,34.000,5,10,6,1,6.109,0,3.958,True,46.092,9.875,0,180,20000110.000,165.000,-7.900,20000270.000,235.077,C7AE74210357A48C,True,2,False,False,""
S4,S-v1-complex,2-difficulty,안정형-2입력난이도,0.000,2.200,0.800,True,1.9,1,CAAD8180ED86D572,7,3,"LungeStrike(0)>DashRight>Lunge(1)>Attack>Wait>Attack>DashRight>Lunge(4)>Attack>MoveLeft>Jump>Wait",0,34.000,5,10,6,1,6.109,0,2.396,True,41.405,9.075,0,180,20000100.000,165.000,-7.260,20000260.000,235.077,10BBD0EE46C13309,True,3,False,False,""
S4,S-v1-complex,2-difficulty,안정형-2입력난이도,0.000,2.200,0.800,True,1.9,1,CAAD8180ED86D572,8,1,"LungeStrike(0)>DashRight>Lunge(1)>Attack>Wait>Attack>DashRight>Lunge(4)>Attack>MoveLeft>Jump>Jump",0,34.000,5,10,6,1,6.109,0,3.958,True,46.092,9.875,0,180,20000110.000,165.000,-7.900,20000270.000,144.502,6EF4D4B1C8D18206,True,1,True,False,"Beam 1위와 안정형 관측 추천 일치"
S4,S-v1-complex,2-difficulty,안정형-2입력난이도,0.000,2.200,0.800,True,1.9,1,CAAD8180ED86D572,8,2,"LungeStrike(0)>DashRight>Lunge(1)>Attack>Wait>Attack>DashRight>Lunge(4)>Attack>MoveRight>Jump>Jump",0,34.000,5,10,6,1,6.109,0,3.958,True,46.092,9.875,0,180,20000110.000,165.000,-7.900,20000270.000,144.502,C7AE74210357A48C,True,2,False,False,""
S4,S-v1-complex,2-difficulty,안정형-2입력난이도,0.000,2.200,0.800,True,1.9,1,CAAD8180ED86D572,8,3,"LungeStrike(0)>DashRight>Lunge(1)>Attack>Wait>Attack>DashRight>Lunge(4)>Attack>MoveLeft>Jump>Wait",0,34.000,5,10,6,1,6.109,0,2.396,True,41.405,9.075,0,180,20000100.000,165.000,-7.260,20000260.000,144.502,10BBD0EE46C13309,True,3,False,False,""
S4,S-v1-complex,2-difficulty,안정형-2입력난이도,0.000,2.200,0.800,True,1.9,1,CAAD8180ED86D572,9,1,"LungeStrike(0)>DashRight>Lunge(1)>Attack>Wait>Attack>DashRight>Lunge(4)>Attack>MoveLeft>Jump>Jump",0,34.000,5,10,6,1,6.109,0,3.958,True,46.092,9.875,0,180,20000110.000,165.000,-7.900,20000270.000,131.909,6EF4D4B1C8D18206,True,1,True,False,"Beam 1위와 안정형 관측 추천 일치"
S4,S-v1-complex,2-difficulty,안정형-2입력난이도,0.000,2.200,0.800,True,1.9,1,CAAD8180ED86D572,9,2,"LungeStrike(0)>DashRight>Lunge(1)>Attack>Wait>Attack>DashRight>Lunge(4)>Attack>MoveRight>Jump>Jump",0,34.000,5,10,6,1,6.109,0,3.958,True,46.092,9.875,0,180,20000110.000,165.000,-7.900,20000270.000,131.909,C7AE74210357A48C,True,2,False,False,""
S4,S-v1-complex,2-difficulty,안정형-2입력난이도,0.000,2.200,0.800,True,1.9,1,CAAD8180ED86D572,9,3,"LungeStrike(0)>DashRight>Lunge(1)>Attack>Wait>Attack>DashRight>Lunge(4)>Attack>MoveLeft>Jump>Wait",0,34.000,5,10,6,1,6.109,0,2.396,True,41.405,9.075,0,180,20000100.000,165.000,-7.260,20000260.000,131.909,10BBD0EE46C13309,True,3,False,False,""
S4,S-v1-complex,2-difficulty,안정형-2입력난이도,0.000,2.200,0.800,True,1.9,1,CAAD8180ED86D572,10,1,"LungeStrike(0)>DashRight>Lunge(1)>Attack>Wait>Attack>DashRight>Lunge(4)>Attack>MoveLeft>Jump>Jump",0,34.000,5,10,6,1,6.109,0,3.958,True,46.092,9.875,0,180,20000110.000,165.000,-7.900,20000270.000,180.734,6EF4D4B1C8D18206,True,1,True,False,"Beam 1위와 안정형 관측 추천 일치"
S4,S-v1-complex,2-difficulty,안정형-2입력난이도,0.000,2.200,0.800,True,1.9,1,CAAD8180ED86D572,10,2,"LungeStrike(0)>DashRight>Lunge(1)>Attack>Wait>Attack>DashRight>Lunge(4)>Attack>MoveRight>Jump>Jump",0,34.000,5,10,6,1,6.109,0,3.958,True,46.092,9.875,0,180,20000110.000,165.000,-7.900,20000270.000,180.734,C7AE74210357A48C,True,2,False,False,""
S4,S-v1-complex,2-difficulty,안정형-2입력난이도,0.000,2.200,0.800,True,1.9,1,CAAD8180ED86D572,10,3,"LungeStrike(0)>DashRight>Lunge(1)>Attack>Wait>Attack>DashRight>Lunge(4)>Attack>MoveLeft>Jump>Wait",0,34.000,5,10,6,1,6.109,0,2.396,True,41.405,9.075,0,180,20000100.000,165.000,-7.260,20000260.000,180.734,10BBD0EE46C13309,True,3,False,False,""
S1,S-v1-complex,3-current-final,안전형,0.700,2.200,0.800,False,1.9,1,BACDECFC47DAA410,1,1,"Lunge(5)>Attack>DashRight>Lunge(0)>Attack>MoveRight>Attack>DashBackward>Lunge(1)>Attack>MoveForward>MoveForward",5,29.000,6,11,6,0,-1.000,0,0.000,True,41.000,8.354,0,180,20000100.000,204.300,-6.683,20000300.000,136.557,1CDC4DA956BBBA10,True,1,True,False,"Beam 1위와 안정형 관측 추천 일치"
S1,S-v1-complex,3-current-final,안전형,0.700,2.200,0.800,False,1.9,1,BACDECFC47DAA410,1,2,"Lunge(5)>Attack>DashRight>Lunge(0)>Attack>MoveRight>Attack>DashBackward>Lunge(1)>Attack>MoveForward>MoveLeft",5,29.000,6,11,6,0,-1.000,0,0.000,True,41.000,8.354,0,180,20000100.000,204.300,-6.683,20000300.000,136.557,35DC2359951481F8,True,2,False,False,""
S1,S-v1-complex,3-current-final,안전형,0.700,2.200,0.800,False,1.9,1,BACDECFC47DAA410,1,3,"Lunge(5)>Attack>DashRight>Lunge(0)>Attack>MoveRight>Attack>DashBackward>Lunge(1)>Attack>MoveForward>MoveRight",5,29.000,6,11,6,0,-1.000,0,0.000,True,41.000,8.354,0,180,20000100.000,204.300,-6.683,20000300.000,136.557,72524C51EFF051A8,True,3,False,False,""
S1,S-v1-complex,3-current-final,안전형,0.700,2.200,0.800,False,1.9,1,BACDECFC47DAA410,2,1,"Lunge(5)>Attack>DashRight>Lunge(0)>Attack>MoveRight>Attack>DashBackward>Lunge(1)>Attack>MoveForward>MoveForward",5,29.000,6,11,6,0,-1.000,0,0.000,True,41.000,8.354,0,180,20000100.000,204.300,-6.683,20000300.000,147.195,1CDC4DA956BBBA10,True,1,True,False,"Beam 1위와 안정형 관측 추천 일치"
S1,S-v1-complex,3-current-final,안전형,0.700,2.200,0.800,False,1.9,1,BACDECFC47DAA410,2,2,"Lunge(5)>Attack>DashRight>Lunge(0)>Attack>MoveRight>Attack>DashBackward>Lunge(1)>Attack>MoveForward>MoveLeft",5,29.000,6,11,6,0,-1.000,0,0.000,True,41.000,8.354,0,180,20000100.000,204.300,-6.683,20000300.000,147.195,35DC2359951481F8,True,2,False,False,""
S1,S-v1-complex,3-current-final,안전형,0.700,2.200,0.800,False,1.9,1,BACDECFC47DAA410,2,3,"Lunge(5)>Attack>DashRight>Lunge(0)>Attack>MoveRight>Attack>DashBackward>Lunge(1)>Attack>MoveForward>MoveRight",5,29.000,6,11,6,0,-1.000,0,0.000,True,41.000,8.354,0,180,20000100.000,204.300,-6.683,20000300.000,147.195,72524C51EFF051A8,True,3,False,False,""
S1,S-v1-complex,3-current-final,안전형,0.700,2.200,0.800,False,1.9,1,BACDECFC47DAA410,3,1,"Lunge(5)>Attack>DashRight>Lunge(0)>Attack>MoveRight>Attack>DashBackward>Lunge(1)>Attack>MoveForward>MoveForward",5,29.000,6,11,6,0,-1.000,0,0.000,True,41.000,8.354,0,180,20000100.000,204.300,-6.683,20000300.000,183.283,1CDC4DA956BBBA10,True,1,True,False,"Beam 1위와 안정형 관측 추천 일치"
S1,S-v1-complex,3-current-final,안전형,0.700,2.200,0.800,False,1.9,1,BACDECFC47DAA410,3,2,"Lunge(5)>Attack>DashRight>Lunge(0)>Attack>MoveRight>Attack>DashBackward>Lunge(1)>Attack>MoveForward>MoveLeft",5,29.000,6,11,6,0,-1.000,0,0.000,True,41.000,8.354,0,180,20000100.000,204.300,-6.683,20000300.000,183.283,35DC2359951481F8,True,2,False,False,""
S1,S-v1-complex,3-current-final,안전형,0.700,2.200,0.800,False,1.9,1,BACDECFC47DAA410,3,3,"Lunge(5)>Attack>DashRight>Lunge(0)>Attack>MoveRight>Attack>DashBackward>Lunge(1)>Attack>MoveForward>MoveRight",5,29.000,6,11,6,0,-1.000,0,0.000,True,41.000,8.354,0,180,20000100.000,204.300,-6.683,20000300.000,183.283,72524C51EFF051A8,True,3,False,False,""
S1,S-v1-complex,3-current-final,안전형,0.700,2.200,0.800,False,1.9,1,BACDECFC47DAA410,4,1,"Lunge(5)>Attack>DashRight>Lunge(0)>Attack>MoveRight>Attack>DashBackward>Lunge(1)>Attack>MoveForward>MoveForward",5,29.000,6,11,6,0,-1.000,0,0.000,True,41.000,8.354,0,180,20000100.000,204.300,-6.683,20000300.000,145.057,1CDC4DA956BBBA10,True,1,True,False,"Beam 1위와 안정형 관측 추천 일치"
S1,S-v1-complex,3-current-final,안전형,0.700,2.200,0.800,False,1.9,1,BACDECFC47DAA410,4,2,"Lunge(5)>Attack>DashRight>Lunge(0)>Attack>MoveRight>Attack>DashBackward>Lunge(1)>Attack>MoveForward>MoveLeft",5,29.000,6,11,6,0,-1.000,0,0.000,True,41.000,8.354,0,180,20000100.000,204.300,-6.683,20000300.000,145.057,35DC2359951481F8,True,2,False,False,""
S1,S-v1-complex,3-current-final,안전형,0.700,2.200,0.800,False,1.9,1,BACDECFC47DAA410,4,3,"Lunge(5)>Attack>DashRight>Lunge(0)>Attack>MoveRight>Attack>DashBackward>Lunge(1)>Attack>MoveForward>MoveRight",5,29.000,6,11,6,0,-1.000,0,0.000,True,41.000,8.354,0,180,20000100.000,204.300,-6.683,20000300.000,145.057,72524C51EFF051A8,True,3,False,False,""
S1,S-v1-complex,3-current-final,안전형,0.700,2.200,0.800,False,1.9,1,BACDECFC47DAA410,5,1,"Lunge(5)>Attack>DashRight>Lunge(0)>Attack>MoveRight>Attack>DashBackward>Lunge(1)>Attack>MoveForward>MoveForward",5,29.000,6,11,6,0,-1.000,0,0.000,True,41.000,8.354,0,180,20000100.000,204.300,-6.683,20000300.000,139.671,1CDC4DA956BBBA10,True,1,True,False,"Beam 1위와 안정형 관측 추천 일치"
S1,S-v1-complex,3-current-final,안전형,0.700,2.200,0.800,False,1.9,1,BACDECFC47DAA410,5,2,"Lunge(5)>Attack>DashRight>Lunge(0)>Attack>MoveRight>Attack>DashBackward>Lunge(1)>Attack>MoveForward>MoveLeft",5,29.000,6,11,6,0,-1.000,0,0.000,True,41.000,8.354,0,180,20000100.000,204.300,-6.683,20000300.000,139.671,35DC2359951481F8,True,2,False,False,""
S1,S-v1-complex,3-current-final,안전형,0.700,2.200,0.800,False,1.9,1,BACDECFC47DAA410,5,3,"Lunge(5)>Attack>DashRight>Lunge(0)>Attack>MoveRight>Attack>DashBackward>Lunge(1)>Attack>MoveForward>MoveRight",5,29.000,6,11,6,0,-1.000,0,0.000,True,41.000,8.354,0,180,20000100.000,204.300,-6.683,20000300.000,139.671,72524C51EFF051A8,True,3,False,False,""
S1,S-v1-complex,3-current-final,안전형,0.700,2.200,0.800,False,1.9,1,BACDECFC47DAA410,6,1,"Lunge(5)>Attack>DashRight>Lunge(0)>Attack>MoveRight>Attack>DashBackward>Lunge(1)>Attack>MoveForward>MoveForward",5,29.000,6,11,6,0,-1.000,0,0.000,True,41.000,8.354,0,180,20000100.000,204.300,-6.683,20000300.000,151.366,1CDC4DA956BBBA10,True,1,True,False,"Beam 1위와 안정형 관측 추천 일치"
S1,S-v1-complex,3-current-final,안전형,0.700,2.200,0.800,False,1.9,1,BACDECFC47DAA410,6,2,"Lunge(5)>Attack>DashRight>Lunge(0)>Attack>MoveRight>Attack>DashBackward>Lunge(1)>Attack>MoveForward>MoveLeft",5,29.000,6,11,6,0,-1.000,0,0.000,True,41.000,8.354,0,180,20000100.000,204.300,-6.683,20000300.000,151.366,35DC2359951481F8,True,2,False,False,""
S1,S-v1-complex,3-current-final,안전형,0.700,2.200,0.800,False,1.9,1,BACDECFC47DAA410,6,3,"Lunge(5)>Attack>DashRight>Lunge(0)>Attack>MoveRight>Attack>DashBackward>Lunge(1)>Attack>MoveForward>MoveRight",5,29.000,6,11,6,0,-1.000,0,0.000,True,41.000,8.354,0,180,20000100.000,204.300,-6.683,20000300.000,151.366,72524C51EFF051A8,True,3,False,False,""
S1,S-v1-complex,3-current-final,안전형,0.700,2.200,0.800,False,1.9,1,BACDECFC47DAA410,7,1,"Lunge(5)>Attack>DashRight>Lunge(0)>Attack>MoveRight>Attack>DashBackward>Lunge(1)>Attack>MoveForward>MoveForward",5,29.000,6,11,6,0,-1.000,0,0.000,True,41.000,8.354,0,180,20000100.000,204.300,-6.683,20000300.000,129.089,1CDC4DA956BBBA10,True,1,True,False,"Beam 1위와 안정형 관측 추천 일치"
S1,S-v1-complex,3-current-final,안전형,0.700,2.200,0.800,False,1.9,1,BACDECFC47DAA410,7,2,"Lunge(5)>Attack>DashRight>Lunge(0)>Attack>MoveRight>Attack>DashBackward>Lunge(1)>Attack>MoveForward>MoveLeft",5,29.000,6,11,6,0,-1.000,0,0.000,True,41.000,8.354,0,180,20000100.000,204.300,-6.683,20000300.000,129.089,35DC2359951481F8,True,2,False,False,""
S1,S-v1-complex,3-current-final,안전형,0.700,2.200,0.800,False,1.9,1,BACDECFC47DAA410,7,3,"Lunge(5)>Attack>DashRight>Lunge(0)>Attack>MoveRight>Attack>DashBackward>Lunge(1)>Attack>MoveForward>MoveRight",5,29.000,6,11,6,0,-1.000,0,0.000,True,41.000,8.354,0,180,20000100.000,204.300,-6.683,20000300.000,129.089,72524C51EFF051A8,True,3,False,False,""
S1,S-v1-complex,3-current-final,안전형,0.700,2.200,0.800,False,1.9,1,BACDECFC47DAA410,8,1,"Lunge(5)>Attack>DashRight>Lunge(0)>Attack>MoveRight>Attack>DashBackward>Lunge(1)>Attack>MoveForward>MoveForward",5,29.000,6,11,6,0,-1.000,0,0.000,True,41.000,8.354,0,180,20000100.000,204.300,-6.683,20000300.000,150.211,1CDC4DA956BBBA10,True,1,True,False,"Beam 1위와 안정형 관측 추천 일치"
S1,S-v1-complex,3-current-final,안전형,0.700,2.200,0.800,False,1.9,1,BACDECFC47DAA410,8,2,"Lunge(5)>Attack>DashRight>Lunge(0)>Attack>MoveRight>Attack>DashBackward>Lunge(1)>Attack>MoveForward>MoveLeft",5,29.000,6,11,6,0,-1.000,0,0.000,True,41.000,8.354,0,180,20000100.000,204.300,-6.683,20000300.000,150.211,35DC2359951481F8,True,2,False,False,""
S1,S-v1-complex,3-current-final,안전형,0.700,2.200,0.800,False,1.9,1,BACDECFC47DAA410,8,3,"Lunge(5)>Attack>DashRight>Lunge(0)>Attack>MoveRight>Attack>DashBackward>Lunge(1)>Attack>MoveForward>MoveRight",5,29.000,6,11,6,0,-1.000,0,0.000,True,41.000,8.354,0,180,20000100.000,204.300,-6.683,20000300.000,150.211,72524C51EFF051A8,True,3,False,False,""
S1,S-v1-complex,3-current-final,안전형,0.700,2.200,0.800,False,1.9,1,BACDECFC47DAA410,9,1,"Lunge(5)>Attack>DashRight>Lunge(0)>Attack>MoveRight>Attack>DashBackward>Lunge(1)>Attack>MoveForward>MoveForward",5,29.000,6,11,6,0,-1.000,0,0.000,True,41.000,8.354,0,180,20000100.000,204.300,-6.683,20000300.000,126.174,1CDC4DA956BBBA10,True,1,True,False,"Beam 1위와 안정형 관측 추천 일치"
S1,S-v1-complex,3-current-final,안전형,0.700,2.200,0.800,False,1.9,1,BACDECFC47DAA410,9,2,"Lunge(5)>Attack>DashRight>Lunge(0)>Attack>MoveRight>Attack>DashBackward>Lunge(1)>Attack>MoveForward>MoveLeft",5,29.000,6,11,6,0,-1.000,0,0.000,True,41.000,8.354,0,180,20000100.000,204.300,-6.683,20000300.000,126.174,35DC2359951481F8,True,2,False,False,""
S1,S-v1-complex,3-current-final,안전형,0.700,2.200,0.800,False,1.9,1,BACDECFC47DAA410,9,3,"Lunge(5)>Attack>DashRight>Lunge(0)>Attack>MoveRight>Attack>DashBackward>Lunge(1)>Attack>MoveForward>MoveRight",5,29.000,6,11,6,0,-1.000,0,0.000,True,41.000,8.354,0,180,20000100.000,204.300,-6.683,20000300.000,126.174,72524C51EFF051A8,True,3,False,False,""
S1,S-v1-complex,3-current-final,안전형,0.700,2.200,0.800,False,1.9,1,BACDECFC47DAA410,10,1,"Lunge(5)>Attack>DashRight>Lunge(0)>Attack>MoveRight>Attack>DashBackward>Lunge(1)>Attack>MoveForward>MoveForward",5,29.000,6,11,6,0,-1.000,0,0.000,True,41.000,8.354,0,180,20000100.000,204.300,-6.683,20000300.000,143.916,1CDC4DA956BBBA10,True,1,True,False,"Beam 1위와 안정형 관측 추천 일치"
S1,S-v1-complex,3-current-final,안전형,0.700,2.200,0.800,False,1.9,1,BACDECFC47DAA410,10,2,"Lunge(5)>Attack>DashRight>Lunge(0)>Attack>MoveRight>Attack>DashBackward>Lunge(1)>Attack>MoveForward>MoveLeft",5,29.000,6,11,6,0,-1.000,0,0.000,True,41.000,8.354,0,180,20000100.000,204.300,-6.683,20000300.000,143.916,35DC2359951481F8,True,2,False,False,""
S1,S-v1-complex,3-current-final,안전형,0.700,2.200,0.800,False,1.9,1,BACDECFC47DAA410,10,3,"Lunge(5)>Attack>DashRight>Lunge(0)>Attack>MoveRight>Attack>DashBackward>Lunge(1)>Attack>MoveForward>MoveRight",5,29.000,6,11,6,0,-1.000,0,0.000,True,41.000,8.354,0,180,20000100.000,204.300,-6.683,20000300.000,143.916,72524C51EFF051A8,True,3,False,False,""
S2,S-v1-complex,3-current-final,안전형,0.700,2.200,0.800,False,1.9,1,8FE85AD103A4BA3E,1,1,"Attack>MoveLeft>Attack>Retreat>Attack>DashLeft>Lunge(4)>Attack>DashRight>Lunge(6)>DashBackward>Lunge(0)",3,34.000,7,14,7,0,-1.000,0,0.000,True,39.000,9.159,0,180,20000100.000,234.800,-7.327,20000330.000,169.695,50A6D28AD12A85E4,True,1,True,False,"Beam 1위와 안정형 관측 추천 일치"
S2,S-v1-complex,3-current-final,안전형,0.700,2.200,0.800,False,1.9,1,8FE85AD103A4BA3E,1,2,"Attack>MoveLeft>Attack>Retreat>Attack>DashLeft>Lunge(4)>Attack>DashBackward>Lunge(0)>Retreat>Lunge(6)",3,34.000,7,14,7,0,-1.000,0,0.000,True,38.000,8.405,0,180,20000100.000,234.800,-6.724,20000320.000,169.695,1F24DDB815F45C35,True,2,False,False,""
S2,S-v1-complex,3-current-final,안전형,0.700,2.200,0.800,False,1.9,1,8FE85AD103A4BA3E,1,3,"Attack>MoveLeft>Attack>Retreat>Attack>DashLeft>Lunge(4)>Attack>DashLeft>Lunge(0)>Retreat>Lunge(6)",3,34.000,7,14,7,0,-1.000,0,0.000,True,38.000,8.410,0,180,20000100.000,234.800,-6.728,20000320.000,169.695,BE54F4FE88D5DC99,True,3,False,False,""
S2,S-v1-complex,3-current-final,안전형,0.700,2.200,0.800,False,1.9,1,8FE85AD103A4BA3E,2,1,"Attack>MoveLeft>Attack>Retreat>Attack>DashLeft>Lunge(4)>Attack>DashRight>Lunge(6)>DashBackward>Lunge(0)",3,34.000,7,14,7,0,-1.000,0,0.000,True,39.000,9.159,0,180,20000100.000,234.800,-7.327,20000330.000,151.463,50A6D28AD12A85E4,True,1,True,False,"Beam 1위와 안정형 관측 추천 일치"
S2,S-v1-complex,3-current-final,안전형,0.700,2.200,0.800,False,1.9,1,8FE85AD103A4BA3E,2,2,"Attack>MoveLeft>Attack>Retreat>Attack>DashLeft>Lunge(4)>Attack>DashBackward>Lunge(0)>Retreat>Lunge(6)",3,34.000,7,14,7,0,-1.000,0,0.000,True,38.000,8.405,0,180,20000100.000,234.800,-6.724,20000320.000,151.463,1F24DDB815F45C35,True,2,False,False,""
S2,S-v1-complex,3-current-final,안전형,0.700,2.200,0.800,False,1.9,1,8FE85AD103A4BA3E,2,3,"Attack>MoveLeft>Attack>Retreat>Attack>DashLeft>Lunge(4)>Attack>DashLeft>Lunge(0)>Retreat>Lunge(6)",3,34.000,7,14,7,0,-1.000,0,0.000,True,38.000,8.410,0,180,20000100.000,234.800,-6.728,20000320.000,151.463,BE54F4FE88D5DC99,True,3,False,False,""
S2,S-v1-complex,3-current-final,안전형,0.700,2.200,0.800,False,1.9,1,8FE85AD103A4BA3E,3,1,"Attack>MoveLeft>Attack>Retreat>Attack>DashLeft>Lunge(4)>Attack>DashRight>Lunge(6)>DashBackward>Lunge(0)",3,34.000,7,14,7,0,-1.000,0,0.000,True,39.000,9.159,0,180,20000100.000,234.800,-7.327,20000330.000,153.797,50A6D28AD12A85E4,True,1,True,False,"Beam 1위와 안정형 관측 추천 일치"
S2,S-v1-complex,3-current-final,안전형,0.700,2.200,0.800,False,1.9,1,8FE85AD103A4BA3E,3,2,"Attack>MoveLeft>Attack>Retreat>Attack>DashLeft>Lunge(4)>Attack>DashBackward>Lunge(0)>Retreat>Lunge(6)",3,34.000,7,14,7,0,-1.000,0,0.000,True,38.000,8.405,0,180,20000100.000,234.800,-6.724,20000320.000,153.797,1F24DDB815F45C35,True,2,False,False,""
S2,S-v1-complex,3-current-final,안전형,0.700,2.200,0.800,False,1.9,1,8FE85AD103A4BA3E,3,3,"Attack>MoveLeft>Attack>Retreat>Attack>DashLeft>Lunge(4)>Attack>DashLeft>Lunge(0)>Retreat>Lunge(6)",3,34.000,7,14,7,0,-1.000,0,0.000,True,38.000,8.410,0,180,20000100.000,234.800,-6.728,20000320.000,153.797,BE54F4FE88D5DC99,True,3,False,False,""
S2,S-v1-complex,3-current-final,안전형,0.700,2.200,0.800,False,1.9,1,8FE85AD103A4BA3E,4,1,"Attack>MoveLeft>Attack>Retreat>Attack>DashLeft>Lunge(4)>Attack>DashRight>Lunge(6)>DashBackward>Lunge(0)",3,34.000,7,14,7,0,-1.000,0,0.000,True,39.000,9.159,0,180,20000100.000,234.800,-7.327,20000330.000,149.235,50A6D28AD12A85E4,True,1,True,False,"Beam 1위와 안정형 관측 추천 일치"
S2,S-v1-complex,3-current-final,안전형,0.700,2.200,0.800,False,1.9,1,8FE85AD103A4BA3E,4,2,"Attack>MoveLeft>Attack>Retreat>Attack>DashLeft>Lunge(4)>Attack>DashBackward>Lunge(0)>Retreat>Lunge(6)",3,34.000,7,14,7,0,-1.000,0,0.000,True,38.000,8.405,0,180,20000100.000,234.800,-6.724,20000320.000,149.235,1F24DDB815F45C35,True,2,False,False,""
S2,S-v1-complex,3-current-final,안전형,0.700,2.200,0.800,False,1.9,1,8FE85AD103A4BA3E,4,3,"Attack>MoveLeft>Attack>Retreat>Attack>DashLeft>Lunge(4)>Attack>DashLeft>Lunge(0)>Retreat>Lunge(6)",3,34.000,7,14,7,0,-1.000,0,0.000,True,38.000,8.410,0,180,20000100.000,234.800,-6.728,20000320.000,149.235,BE54F4FE88D5DC99,True,3,False,False,""
S2,S-v1-complex,3-current-final,안전형,0.700,2.200,0.800,False,1.9,1,8FE85AD103A4BA3E,5,1,"Attack>MoveLeft>Attack>Retreat>Attack>DashLeft>Lunge(4)>Attack>DashRight>Lunge(6)>DashBackward>Lunge(0)",3,34.000,7,14,7,0,-1.000,0,0.000,True,39.000,9.159,0,180,20000100.000,234.800,-7.327,20000330.000,134.594,50A6D28AD12A85E4,True,1,True,False,"Beam 1위와 안정형 관측 추천 일치"
S2,S-v1-complex,3-current-final,안전형,0.700,2.200,0.800,False,1.9,1,8FE85AD103A4BA3E,5,2,"Attack>MoveLeft>Attack>Retreat>Attack>DashLeft>Lunge(4)>Attack>DashBackward>Lunge(0)>Retreat>Lunge(6)",3,34.000,7,14,7,0,-1.000,0,0.000,True,38.000,8.405,0,180,20000100.000,234.800,-6.724,20000320.000,134.594,1F24DDB815F45C35,True,2,False,False,""
S2,S-v1-complex,3-current-final,안전형,0.700,2.200,0.800,False,1.9,1,8FE85AD103A4BA3E,5,3,"Attack>MoveLeft>Attack>Retreat>Attack>DashLeft>Lunge(4)>Attack>DashLeft>Lunge(0)>Retreat>Lunge(6)",3,34.000,7,14,7,0,-1.000,0,0.000,True,38.000,8.410,0,180,20000100.000,234.800,-6.728,20000320.000,134.594,BE54F4FE88D5DC99,True,3,False,False,""
S2,S-v1-complex,3-current-final,안전형,0.700,2.200,0.800,False,1.9,1,8FE85AD103A4BA3E,6,1,"Attack>MoveLeft>Attack>Retreat>Attack>DashLeft>Lunge(4)>Attack>DashRight>Lunge(6)>DashBackward>Lunge(0)",3,34.000,7,14,7,0,-1.000,0,0.000,True,39.000,9.159,0,180,20000100.000,234.800,-7.327,20000330.000,138.516,50A6D28AD12A85E4,True,1,True,False,"Beam 1위와 안정형 관측 추천 일치"
S2,S-v1-complex,3-current-final,안전형,0.700,2.200,0.800,False,1.9,1,8FE85AD103A4BA3E,6,2,"Attack>MoveLeft>Attack>Retreat>Attack>DashLeft>Lunge(4)>Attack>DashBackward>Lunge(0)>Retreat>Lunge(6)",3,34.000,7,14,7,0,-1.000,0,0.000,True,38.000,8.405,0,180,20000100.000,234.800,-6.724,20000320.000,138.516,1F24DDB815F45C35,True,2,False,False,""
S2,S-v1-complex,3-current-final,안전형,0.700,2.200,0.800,False,1.9,1,8FE85AD103A4BA3E,6,3,"Attack>MoveLeft>Attack>Retreat>Attack>DashLeft>Lunge(4)>Attack>DashLeft>Lunge(0)>Retreat>Lunge(6)",3,34.000,7,14,7,0,-1.000,0,0.000,True,38.000,8.410,0,180,20000100.000,234.800,-6.728,20000320.000,138.516,BE54F4FE88D5DC99,True,3,False,False,""
S2,S-v1-complex,3-current-final,안전형,0.700,2.200,0.800,False,1.9,1,8FE85AD103A4BA3E,7,1,"Attack>MoveLeft>Attack>Retreat>Attack>DashLeft>Lunge(4)>Attack>DashRight>Lunge(6)>DashBackward>Lunge(0)",3,34.000,7,14,7,0,-1.000,0,0.000,True,39.000,9.159,0,180,20000100.000,234.800,-7.327,20000330.000,160.462,50A6D28AD12A85E4,True,1,True,False,"Beam 1위와 안정형 관측 추천 일치"
S2,S-v1-complex,3-current-final,안전형,0.700,2.200,0.800,False,1.9,1,8FE85AD103A4BA3E,7,2,"Attack>MoveLeft>Attack>Retreat>Attack>DashLeft>Lunge(4)>Attack>DashBackward>Lunge(0)>Retreat>Lunge(6)",3,34.000,7,14,7,0,-1.000,0,0.000,True,38.000,8.405,0,180,20000100.000,234.800,-6.724,20000320.000,160.462,1F24DDB815F45C35,True,2,False,False,""
S2,S-v1-complex,3-current-final,안전형,0.700,2.200,0.800,False,1.9,1,8FE85AD103A4BA3E,7,3,"Attack>MoveLeft>Attack>Retreat>Attack>DashLeft>Lunge(4)>Attack>DashLeft>Lunge(0)>Retreat>Lunge(6)",3,34.000,7,14,7,0,-1.000,0,0.000,True,38.000,8.410,0,180,20000100.000,234.800,-6.728,20000320.000,160.462,BE54F4FE88D5DC99,True,3,False,False,""
S2,S-v1-complex,3-current-final,안전형,0.700,2.200,0.800,False,1.9,1,8FE85AD103A4BA3E,8,1,"Attack>MoveLeft>Attack>Retreat>Attack>DashLeft>Lunge(4)>Attack>DashRight>Lunge(6)>DashBackward>Lunge(0)",3,34.000,7,14,7,0,-1.000,0,0.000,True,39.000,9.159,0,180,20000100.000,234.800,-7.327,20000330.000,163.940,50A6D28AD12A85E4,True,1,True,False,"Beam 1위와 안정형 관측 추천 일치"
S2,S-v1-complex,3-current-final,안전형,0.700,2.200,0.800,False,1.9,1,8FE85AD103A4BA3E,8,2,"Attack>MoveLeft>Attack>Retreat>Attack>DashLeft>Lunge(4)>Attack>DashBackward>Lunge(0)>Retreat>Lunge(6)",3,34.000,7,14,7,0,-1.000,0,0.000,True,38.000,8.405,0,180,20000100.000,234.800,-6.724,20000320.000,163.940,1F24DDB815F45C35,True,2,False,False,""
S2,S-v1-complex,3-current-final,안전형,0.700,2.200,0.800,False,1.9,1,8FE85AD103A4BA3E,8,3,"Attack>MoveLeft>Attack>Retreat>Attack>DashLeft>Lunge(4)>Attack>DashLeft>Lunge(0)>Retreat>Lunge(6)",3,34.000,7,14,7,0,-1.000,0,0.000,True,38.000,8.410,0,180,20000100.000,234.800,-6.728,20000320.000,163.940,BE54F4FE88D5DC99,True,3,False,False,""
S2,S-v1-complex,3-current-final,안전형,0.700,2.200,0.800,False,1.9,1,8FE85AD103A4BA3E,9,1,"Attack>MoveLeft>Attack>Retreat>Attack>DashLeft>Lunge(4)>Attack>DashRight>Lunge(6)>DashBackward>Lunge(0)",3,34.000,7,14,7,0,-1.000,0,0.000,True,39.000,9.159,0,180,20000100.000,234.800,-7.327,20000330.000,184.426,50A6D28AD12A85E4,True,1,True,False,"Beam 1위와 안정형 관측 추천 일치"
S2,S-v1-complex,3-current-final,안전형,0.700,2.200,0.800,False,1.9,1,8FE85AD103A4BA3E,9,2,"Attack>MoveLeft>Attack>Retreat>Attack>DashLeft>Lunge(4)>Attack>DashBackward>Lunge(0)>Retreat>Lunge(6)",3,34.000,7,14,7,0,-1.000,0,0.000,True,38.000,8.405,0,180,20000100.000,234.800,-6.724,20000320.000,184.426,1F24DDB815F45C35,True,2,False,False,""
S2,S-v1-complex,3-current-final,안전형,0.700,2.200,0.800,False,1.9,1,8FE85AD103A4BA3E,9,3,"Attack>MoveLeft>Attack>Retreat>Attack>DashLeft>Lunge(4)>Attack>DashLeft>Lunge(0)>Retreat>Lunge(6)",3,34.000,7,14,7,0,-1.000,0,0.000,True,38.000,8.410,0,180,20000100.000,234.800,-6.728,20000320.000,184.426,BE54F4FE88D5DC99,True,3,False,False,""
S2,S-v1-complex,3-current-final,안전형,0.700,2.200,0.800,False,1.9,1,8FE85AD103A4BA3E,10,1,"Attack>MoveLeft>Attack>Retreat>Attack>DashLeft>Lunge(4)>Attack>DashRight>Lunge(6)>DashBackward>Lunge(0)",3,34.000,7,14,7,0,-1.000,0,0.000,True,39.000,9.159,0,180,20000100.000,234.800,-7.327,20000330.000,157.310,50A6D28AD12A85E4,True,1,True,False,"Beam 1위와 안정형 관측 추천 일치"
S2,S-v1-complex,3-current-final,안전형,0.700,2.200,0.800,False,1.9,1,8FE85AD103A4BA3E,10,2,"Attack>MoveLeft>Attack>Retreat>Attack>DashLeft>Lunge(4)>Attack>DashBackward>Lunge(0)>Retreat>Lunge(6)",3,34.000,7,14,7,0,-1.000,0,0.000,True,38.000,8.405,0,180,20000100.000,234.800,-6.724,20000320.000,157.310,1F24DDB815F45C35,True,2,False,False,""
S2,S-v1-complex,3-current-final,안전형,0.700,2.200,0.800,False,1.9,1,8FE85AD103A4BA3E,10,3,"Attack>MoveLeft>Attack>Retreat>Attack>DashLeft>Lunge(4)>Attack>DashLeft>Lunge(0)>Retreat>Lunge(6)",3,34.000,7,14,7,0,-1.000,0,0.000,True,38.000,8.410,0,180,20000100.000,234.800,-6.728,20000320.000,157.310,BE54F4FE88D5DC99,True,3,False,False,""
S3,S-v1-complex,3-current-final,안전형,0.700,2.200,0.800,False,1.9,1,833B65CAE74ACC51,1,1,"DashLeft>Lunge(0)>Attack>DashLeft>MoveForward>MoveForward>MoveLeft>Wait>MoveLeft>MoveLeft>Jump>Retreat",0,34.000,1,2,3,2,7.891,0,2.396,True,44.970,6.160,0,180,20000110.000,96.800,-4.928,20000200.000,123.826,8EAB50D1DBED8999,True,1,True,False,"Beam 1위와 안정형 관측 추천 일치"
S3,S-v1-complex,3-current-final,안전형,0.700,2.200,0.800,False,1.9,1,833B65CAE74ACC51,1,2,"DashLeft>Lunge(0)>Attack>DashLeft>MoveForward>MoveForward>MoveLeft>Wait>MoveLeft>MoveRight>Jump>Retreat",0,34.000,1,2,3,2,7.891,0,2.396,True,44.970,6.160,0,180,20000110.000,96.800,-4.928,20000200.000,123.826,BA6F4AFD865747DF,True,2,False,False,""
S3,S-v1-complex,3-current-final,안전형,0.700,2.200,0.800,False,1.9,1,833B65CAE74ACC51,1,3,"DashLeft>Lunge(0)>Attack>DashLeft>MoveForward>MoveForward>MoveLeft>Wait>MoveLeft>MoveRight>Jump>DashRight",0,34.000,1,2,3,2,7.563,0,2.396,True,44.313,6.910,0,180,20000110.000,96.800,-5.528,20000200.000,123.826,B7F343B87CB9CCBD,True,3,False,False,""
S3,S-v1-complex,3-current-final,안전형,0.700,2.200,0.800,False,1.9,1,833B65CAE74ACC51,2,1,"DashLeft>Lunge(0)>Attack>DashLeft>MoveForward>MoveForward>MoveLeft>Wait>MoveLeft>MoveLeft>Jump>Retreat",0,34.000,1,2,3,2,7.891,0,2.396,True,44.970,6.160,0,180,20000110.000,96.800,-4.928,20000200.000,135.014,8EAB50D1DBED8999,True,1,True,False,"Beam 1위와 안정형 관측 추천 일치"
S3,S-v1-complex,3-current-final,안전형,0.700,2.200,0.800,False,1.9,1,833B65CAE74ACC51,2,2,"DashLeft>Lunge(0)>Attack>DashLeft>MoveForward>MoveForward>MoveLeft>Wait>MoveLeft>MoveRight>Jump>Retreat",0,34.000,1,2,3,2,7.891,0,2.396,True,44.970,6.160,0,180,20000110.000,96.800,-4.928,20000200.000,135.014,BA6F4AFD865747DF,True,2,False,False,""
S3,S-v1-complex,3-current-final,안전형,0.700,2.200,0.800,False,1.9,1,833B65CAE74ACC51,2,3,"DashLeft>Lunge(0)>Attack>DashLeft>MoveForward>MoveForward>MoveLeft>Wait>MoveLeft>MoveRight>Jump>DashRight",0,34.000,1,2,3,2,7.563,0,2.396,True,44.313,6.910,0,180,20000110.000,96.800,-5.528,20000200.000,135.014,B7F343B87CB9CCBD,True,3,False,False,""
S3,S-v1-complex,3-current-final,안전형,0.700,2.200,0.800,False,1.9,1,833B65CAE74ACC51,3,1,"DashLeft>Lunge(0)>Attack>DashLeft>MoveForward>MoveForward>MoveLeft>Wait>MoveLeft>MoveLeft>Jump>Retreat",0,34.000,1,2,3,2,7.891,0,2.396,True,44.970,6.160,0,180,20000110.000,96.800,-4.928,20000200.000,122.388,8EAB50D1DBED8999,True,1,True,False,"Beam 1위와 안정형 관측 추천 일치"
S3,S-v1-complex,3-current-final,안전형,0.700,2.200,0.800,False,1.9,1,833B65CAE74ACC51,3,2,"DashLeft>Lunge(0)>Attack>DashLeft>MoveForward>MoveForward>MoveLeft>Wait>MoveLeft>MoveRight>Jump>Retreat",0,34.000,1,2,3,2,7.891,0,2.396,True,44.970,6.160,0,180,20000110.000,96.800,-4.928,20000200.000,122.388,BA6F4AFD865747DF,True,2,False,False,""
S3,S-v1-complex,3-current-final,안전형,0.700,2.200,0.800,False,1.9,1,833B65CAE74ACC51,3,3,"DashLeft>Lunge(0)>Attack>DashLeft>MoveForward>MoveForward>MoveLeft>Wait>MoveLeft>MoveRight>Jump>DashRight",0,34.000,1,2,3,2,7.563,0,2.396,True,44.313,6.910,0,180,20000110.000,96.800,-5.528,20000200.000,122.388,B7F343B87CB9CCBD,True,3,False,False,""
S3,S-v1-complex,3-current-final,안전형,0.700,2.200,0.800,False,1.9,1,833B65CAE74ACC51,4,1,"DashLeft>Lunge(0)>Attack>DashLeft>MoveForward>MoveForward>MoveLeft>Wait>MoveLeft>MoveLeft>Jump>Retreat",0,34.000,1,2,3,2,7.891,0,2.396,True,44.970,6.160,0,180,20000110.000,96.800,-4.928,20000200.000,117.269,8EAB50D1DBED8999,True,1,True,False,"Beam 1위와 안정형 관측 추천 일치"
S3,S-v1-complex,3-current-final,안전형,0.700,2.200,0.800,False,1.9,1,833B65CAE74ACC51,4,2,"DashLeft>Lunge(0)>Attack>DashLeft>MoveForward>MoveForward>MoveLeft>Wait>MoveLeft>MoveRight>Jump>Retreat",0,34.000,1,2,3,2,7.891,0,2.396,True,44.970,6.160,0,180,20000110.000,96.800,-4.928,20000200.000,117.269,BA6F4AFD865747DF,True,2,False,False,""
S3,S-v1-complex,3-current-final,안전형,0.700,2.200,0.800,False,1.9,1,833B65CAE74ACC51,4,3,"DashLeft>Lunge(0)>Attack>DashLeft>MoveForward>MoveForward>MoveLeft>Wait>MoveLeft>MoveRight>Jump>DashRight",0,34.000,1,2,3,2,7.563,0,2.396,True,44.313,6.910,0,180,20000110.000,96.800,-5.528,20000200.000,117.269,B7F343B87CB9CCBD,True,3,False,False,""
S3,S-v1-complex,3-current-final,안전형,0.700,2.200,0.800,False,1.9,1,833B65CAE74ACC51,5,1,"DashLeft>Lunge(0)>Attack>DashLeft>MoveForward>MoveForward>MoveLeft>Wait>MoveLeft>MoveLeft>Jump>Retreat",0,34.000,1,2,3,2,7.891,0,2.396,True,44.970,6.160,0,180,20000110.000,96.800,-4.928,20000200.000,108.676,8EAB50D1DBED8999,True,1,True,False,"Beam 1위와 안정형 관측 추천 일치"
S3,S-v1-complex,3-current-final,안전형,0.700,2.200,0.800,False,1.9,1,833B65CAE74ACC51,5,2,"DashLeft>Lunge(0)>Attack>DashLeft>MoveForward>MoveForward>MoveLeft>Wait>MoveLeft>MoveRight>Jump>Retreat",0,34.000,1,2,3,2,7.891,0,2.396,True,44.970,6.160,0,180,20000110.000,96.800,-4.928,20000200.000,108.676,BA6F4AFD865747DF,True,2,False,False,""
S3,S-v1-complex,3-current-final,안전형,0.700,2.200,0.800,False,1.9,1,833B65CAE74ACC51,5,3,"DashLeft>Lunge(0)>Attack>DashLeft>MoveForward>MoveForward>MoveLeft>Wait>MoveLeft>MoveRight>Jump>DashRight",0,34.000,1,2,3,2,7.563,0,2.396,True,44.313,6.910,0,180,20000110.000,96.800,-5.528,20000200.000,108.676,B7F343B87CB9CCBD,True,3,False,False,""
S3,S-v1-complex,3-current-final,안전형,0.700,2.200,0.800,False,1.9,1,833B65CAE74ACC51,6,1,"DashLeft>Lunge(0)>Attack>DashLeft>MoveForward>MoveForward>MoveLeft>Wait>MoveLeft>MoveLeft>Jump>Retreat",0,34.000,1,2,3,2,7.891,0,2.396,True,44.970,6.160,0,180,20000110.000,96.800,-4.928,20000200.000,146.295,8EAB50D1DBED8999,True,1,True,False,"Beam 1위와 안정형 관측 추천 일치"
S3,S-v1-complex,3-current-final,안전형,0.700,2.200,0.800,False,1.9,1,833B65CAE74ACC51,6,2,"DashLeft>Lunge(0)>Attack>DashLeft>MoveForward>MoveForward>MoveLeft>Wait>MoveLeft>MoveRight>Jump>Retreat",0,34.000,1,2,3,2,7.891,0,2.396,True,44.970,6.160,0,180,20000110.000,96.800,-4.928,20000200.000,146.295,BA6F4AFD865747DF,True,2,False,False,""
S3,S-v1-complex,3-current-final,안전형,0.700,2.200,0.800,False,1.9,1,833B65CAE74ACC51,6,3,"DashLeft>Lunge(0)>Attack>DashLeft>MoveForward>MoveForward>MoveLeft>Wait>MoveLeft>MoveRight>Jump>DashRight",0,34.000,1,2,3,2,7.563,0,2.396,True,44.313,6.910,0,180,20000110.000,96.800,-5.528,20000200.000,146.295,B7F343B87CB9CCBD,True,3,False,False,""
S3,S-v1-complex,3-current-final,안전형,0.700,2.200,0.800,False,1.9,1,833B65CAE74ACC51,7,1,"DashLeft>Lunge(0)>Attack>DashLeft>MoveForward>MoveForward>MoveLeft>Wait>MoveLeft>MoveLeft>Jump>Retreat",0,34.000,1,2,3,2,7.891,0,2.396,True,44.970,6.160,0,180,20000110.000,96.800,-4.928,20000200.000,149.167,8EAB50D1DBED8999,True,1,True,False,"Beam 1위와 안정형 관측 추천 일치"
S3,S-v1-complex,3-current-final,안전형,0.700,2.200,0.800,False,1.9,1,833B65CAE74ACC51,7,2,"DashLeft>Lunge(0)>Attack>DashLeft>MoveForward>MoveForward>MoveLeft>Wait>MoveLeft>MoveRight>Jump>Retreat",0,34.000,1,2,3,2,7.891,0,2.396,True,44.970,6.160,0,180,20000110.000,96.800,-4.928,20000200.000,149.167,BA6F4AFD865747DF,True,2,False,False,""
S3,S-v1-complex,3-current-final,안전형,0.700,2.200,0.800,False,1.9,1,833B65CAE74ACC51,7,3,"DashLeft>Lunge(0)>Attack>DashLeft>MoveForward>MoveForward>MoveLeft>Wait>MoveLeft>MoveRight>Jump>DashRight",0,34.000,1,2,3,2,7.563,0,2.396,True,44.313,6.910,0,180,20000110.000,96.800,-5.528,20000200.000,149.167,B7F343B87CB9CCBD,True,3,False,False,""
S3,S-v1-complex,3-current-final,안전형,0.700,2.200,0.800,False,1.9,1,833B65CAE74ACC51,8,1,"DashLeft>Lunge(0)>Attack>DashLeft>MoveForward>MoveForward>MoveLeft>Wait>MoveLeft>MoveLeft>Jump>Retreat",0,34.000,1,2,3,2,7.891,0,2.396,True,44.970,6.160,0,180,20000110.000,96.800,-4.928,20000200.000,150.028,8EAB50D1DBED8999,True,1,True,False,"Beam 1위와 안정형 관측 추천 일치"
S3,S-v1-complex,3-current-final,안전형,0.700,2.200,0.800,False,1.9,1,833B65CAE74ACC51,8,2,"DashLeft>Lunge(0)>Attack>DashLeft>MoveForward>MoveForward>MoveLeft>Wait>MoveLeft>MoveRight>Jump>Retreat",0,34.000,1,2,3,2,7.891,0,2.396,True,44.970,6.160,0,180,20000110.000,96.800,-4.928,20000200.000,150.028,BA6F4AFD865747DF,True,2,False,False,""
S3,S-v1-complex,3-current-final,안전형,0.700,2.200,0.800,False,1.9,1,833B65CAE74ACC51,8,3,"DashLeft>Lunge(0)>Attack>DashLeft>MoveForward>MoveForward>MoveLeft>Wait>MoveLeft>MoveRight>Jump>DashRight",0,34.000,1,2,3,2,7.563,0,2.396,True,44.313,6.910,0,180,20000110.000,96.800,-5.528,20000200.000,150.028,B7F343B87CB9CCBD,True,3,False,False,""
S3,S-v1-complex,3-current-final,안전형,0.700,2.200,0.800,False,1.9,1,833B65CAE74ACC51,9,1,"DashLeft>Lunge(0)>Attack>DashLeft>MoveForward>MoveForward>MoveLeft>Wait>MoveLeft>MoveLeft>Jump>Retreat",0,34.000,1,2,3,2,7.891,0,2.396,True,44.970,6.160,0,180,20000110.000,96.800,-4.928,20000200.000,134.117,8EAB50D1DBED8999,True,1,True,False,"Beam 1위와 안정형 관측 추천 일치"
S3,S-v1-complex,3-current-final,안전형,0.700,2.200,0.800,False,1.9,1,833B65CAE74ACC51,9,2,"DashLeft>Lunge(0)>Attack>DashLeft>MoveForward>MoveForward>MoveLeft>Wait>MoveLeft>MoveRight>Jump>Retreat",0,34.000,1,2,3,2,7.891,0,2.396,True,44.970,6.160,0,180,20000110.000,96.800,-4.928,20000200.000,134.117,BA6F4AFD865747DF,True,2,False,False,""
S3,S-v1-complex,3-current-final,안전형,0.700,2.200,0.800,False,1.9,1,833B65CAE74ACC51,9,3,"DashLeft>Lunge(0)>Attack>DashLeft>MoveForward>MoveForward>MoveLeft>Wait>MoveLeft>MoveRight>Jump>DashRight",0,34.000,1,2,3,2,7.563,0,2.396,True,44.313,6.910,0,180,20000110.000,96.800,-5.528,20000200.000,134.117,B7F343B87CB9CCBD,True,3,False,False,""
S3,S-v1-complex,3-current-final,안전형,0.700,2.200,0.800,False,1.9,1,833B65CAE74ACC51,10,1,"DashLeft>Lunge(0)>Attack>DashLeft>MoveForward>MoveForward>MoveLeft>Wait>MoveLeft>MoveLeft>Jump>Retreat",0,34.000,1,2,3,2,7.891,0,2.396,True,44.970,6.160,0,180,20000110.000,96.800,-4.928,20000200.000,134.468,8EAB50D1DBED8999,True,1,True,False,"Beam 1위와 안정형 관측 추천 일치"
S3,S-v1-complex,3-current-final,안전형,0.700,2.200,0.800,False,1.9,1,833B65CAE74ACC51,10,2,"DashLeft>Lunge(0)>Attack>DashLeft>MoveForward>MoveForward>MoveLeft>Wait>MoveLeft>MoveRight>Jump>Retreat",0,34.000,1,2,3,2,7.891,0,2.396,True,44.970,6.160,0,180,20000110.000,96.800,-4.928,20000200.000,134.468,BA6F4AFD865747DF,True,2,False,False,""
S3,S-v1-complex,3-current-final,안전형,0.700,2.200,0.800,False,1.9,1,833B65CAE74ACC51,10,3,"DashLeft>Lunge(0)>Attack>DashLeft>MoveForward>MoveForward>MoveLeft>Wait>MoveLeft>MoveRight>Jump>DashRight",0,34.000,1,2,3,2,7.563,0,2.396,True,44.313,6.910,0,180,20000110.000,96.800,-5.528,20000200.000,134.468,B7F343B87CB9CCBD,True,3,False,False,""
S4,S-v1-complex,3-current-final,안전형,0.700,2.200,0.800,False,1.9,1,CAAD8180ED86D572,1,1,"LungeStrike(0)>DashRight>MoveForward>MoveLeft>Retreat>Retreat>MoveLeft>Retreat>Retreat>Wait>Retreat>Retreat",0,34.000,1,2,6,5,7.770,0,0.000,True,40.540,5.250,0,180,20000100.000,96.800,-4.200,20000190.000,256.701,CF23513C94BF93DF,True,3,False,True,""
S4,S-v1-complex,3-current-final,안전형,0.700,2.200,0.800,False,1.9,1,CAAD8180ED86D572,1,2,"LungeStrike(0)>DashRight>MoveForward>MoveLeft>Retreat>Retreat>MoveLeft>Retreat>Retreat>Wait>Retreat>DashBackward",0,34.000,1,2,6,5,11.164,0,0.000,True,41.000,6.000,0,180,20000100.000,96.800,-4.800,20000190.000,256.701,7DF7DD0000BF8708,True,1,True,True,"종료 안전도와 퇴로 우세"
S4,S-v1-complex,3-current-final,안전형,0.700,2.200,0.800,False,1.9,1,CAAD8180ED86D572,1,3,"LungeStrike(0)>DashRight>MoveForward>MoveLeft>Retreat>Retreat>MoveLeft>Retreat>Retreat>Wait>DashBackward>MoveForward",0,34.000,1,2,6,5,9.972,0,0.000,True,41.000,6.000,0,180,20000100.000,96.800,-4.800,20000190.000,256.701,B17D56131E29FFA1,True,2,False,True,""
S4,S-v1-complex,3-current-final,안전형,0.700,2.200,0.800,False,1.9,1,CAAD8180ED86D572,2,1,"LungeStrike(0)>DashRight>MoveForward>MoveLeft>Retreat>Retreat>MoveLeft>Retreat>Retreat>Wait>Retreat>Retreat",0,34.000,1,2,6,5,7.770,0,0.000,True,40.540,5.250,0,180,20000100.000,96.800,-4.200,20000190.000,255.084,CF23513C94BF93DF,True,3,False,True,""
S4,S-v1-complex,3-current-final,안전형,0.700,2.200,0.800,False,1.9,1,CAAD8180ED86D572,2,2,"LungeStrike(0)>DashRight>MoveForward>MoveLeft>Retreat>Retreat>MoveLeft>Retreat>Retreat>Wait>Retreat>DashBackward",0,34.000,1,2,6,5,11.164,0,0.000,True,41.000,6.000,0,180,20000100.000,96.800,-4.800,20000190.000,255.084,7DF7DD0000BF8708,True,1,True,True,"종료 안전도와 퇴로 우세"
S4,S-v1-complex,3-current-final,안전형,0.700,2.200,0.800,False,1.9,1,CAAD8180ED86D572,2,3,"LungeStrike(0)>DashRight>MoveForward>MoveLeft>Retreat>Retreat>MoveLeft>Retreat>Retreat>Wait>DashBackward>MoveForward",0,34.000,1,2,6,5,9.972,0,0.000,True,41.000,6.000,0,180,20000100.000,96.800,-4.800,20000190.000,255.084,B17D56131E29FFA1,True,2,False,True,""
S4,S-v1-complex,3-current-final,안전형,0.700,2.200,0.800,False,1.9,1,CAAD8180ED86D572,3,1,"LungeStrike(0)>DashRight>MoveForward>MoveLeft>Retreat>Retreat>MoveLeft>Retreat>Retreat>Wait>Retreat>Retreat",0,34.000,1,2,6,5,7.770,0,0.000,True,40.540,5.250,0,180,20000100.000,96.800,-4.200,20000190.000,258.259,CF23513C94BF93DF,True,3,False,True,""
S4,S-v1-complex,3-current-final,안전형,0.700,2.200,0.800,False,1.9,1,CAAD8180ED86D572,3,2,"LungeStrike(0)>DashRight>MoveForward>MoveLeft>Retreat>Retreat>MoveLeft>Retreat>Retreat>Wait>Retreat>DashBackward",0,34.000,1,2,6,5,11.164,0,0.000,True,41.000,6.000,0,180,20000100.000,96.800,-4.800,20000190.000,258.259,7DF7DD0000BF8708,True,1,True,True,"종료 안전도와 퇴로 우세"
S4,S-v1-complex,3-current-final,안전형,0.700,2.200,0.800,False,1.9,1,CAAD8180ED86D572,3,3,"LungeStrike(0)>DashRight>MoveForward>MoveLeft>Retreat>Retreat>MoveLeft>Retreat>Retreat>Wait>DashBackward>MoveForward",0,34.000,1,2,6,5,9.972,0,0.000,True,41.000,6.000,0,180,20000100.000,96.800,-4.800,20000190.000,258.259,B17D56131E29FFA1,True,2,False,True,""
S4,S-v1-complex,3-current-final,안전형,0.700,2.200,0.800,False,1.9,1,CAAD8180ED86D572,4,1,"LungeStrike(0)>DashRight>MoveForward>MoveLeft>Retreat>Retreat>MoveLeft>Retreat>Retreat>Wait>Retreat>Retreat",0,34.000,1,2,6,5,7.770,0,0.000,True,40.540,5.250,0,180,20000100.000,96.800,-4.200,20000190.000,236.820,CF23513C94BF93DF,True,3,False,True,""
S4,S-v1-complex,3-current-final,안전형,0.700,2.200,0.800,False,1.9,1,CAAD8180ED86D572,4,2,"LungeStrike(0)>DashRight>MoveForward>MoveLeft>Retreat>Retreat>MoveLeft>Retreat>Retreat>Wait>Retreat>DashBackward",0,34.000,1,2,6,5,11.164,0,0.000,True,41.000,6.000,0,180,20000100.000,96.800,-4.800,20000190.000,236.820,7DF7DD0000BF8708,True,1,True,True,"종료 안전도와 퇴로 우세"
S4,S-v1-complex,3-current-final,안전형,0.700,2.200,0.800,False,1.9,1,CAAD8180ED86D572,4,3,"LungeStrike(0)>DashRight>MoveForward>MoveLeft>Retreat>Retreat>MoveLeft>Retreat>Retreat>Wait>DashBackward>MoveForward",0,34.000,1,2,6,5,9.972,0,0.000,True,41.000,6.000,0,180,20000100.000,96.800,-4.800,20000190.000,236.820,B17D56131E29FFA1,True,2,False,True,""
S4,S-v1-complex,3-current-final,안전형,0.700,2.200,0.800,False,1.9,1,CAAD8180ED86D572,5,1,"LungeStrike(0)>DashRight>MoveForward>MoveLeft>Retreat>Retreat>MoveLeft>Retreat>Retreat>Wait>Retreat>Retreat",0,34.000,1,2,6,5,7.770,0,0.000,True,40.540,5.250,0,180,20000100.000,96.800,-4.200,20000190.000,234.615,CF23513C94BF93DF,True,3,False,True,""
S4,S-v1-complex,3-current-final,안전형,0.700,2.200,0.800,False,1.9,1,CAAD8180ED86D572,5,2,"LungeStrike(0)>DashRight>MoveForward>MoveLeft>Retreat>Retreat>MoveLeft>Retreat>Retreat>Wait>Retreat>DashBackward",0,34.000,1,2,6,5,11.164,0,0.000,True,41.000,6.000,0,180,20000100.000,96.800,-4.800,20000190.000,234.615,7DF7DD0000BF8708,True,1,True,True,"종료 안전도와 퇴로 우세"
S4,S-v1-complex,3-current-final,안전형,0.700,2.200,0.800,False,1.9,1,CAAD8180ED86D572,5,3,"LungeStrike(0)>DashRight>MoveForward>MoveLeft>Retreat>Retreat>MoveLeft>Retreat>Retreat>Wait>DashBackward>MoveForward",0,34.000,1,2,6,5,9.972,0,0.000,True,41.000,6.000,0,180,20000100.000,96.800,-4.800,20000190.000,234.615,B17D56131E29FFA1,True,2,False,True,""
S4,S-v1-complex,3-current-final,안전형,0.700,2.200,0.800,False,1.9,1,CAAD8180ED86D572,6,1,"LungeStrike(0)>DashRight>MoveForward>MoveLeft>Retreat>Retreat>MoveLeft>Retreat>Retreat>Wait>Retreat>Retreat",0,34.000,1,2,6,5,7.770,0,0.000,True,40.540,5.250,0,180,20000100.000,96.800,-4.200,20000190.000,212.142,CF23513C94BF93DF,True,3,False,True,""
S4,S-v1-complex,3-current-final,안전형,0.700,2.200,0.800,False,1.9,1,CAAD8180ED86D572,6,2,"LungeStrike(0)>DashRight>MoveForward>MoveLeft>Retreat>Retreat>MoveLeft>Retreat>Retreat>Wait>Retreat>DashBackward",0,34.000,1,2,6,5,11.164,0,0.000,True,41.000,6.000,0,180,20000100.000,96.800,-4.800,20000190.000,212.142,7DF7DD0000BF8708,True,1,True,True,"종료 안전도와 퇴로 우세"
S4,S-v1-complex,3-current-final,안전형,0.700,2.200,0.800,False,1.9,1,CAAD8180ED86D572,6,3,"LungeStrike(0)>DashRight>MoveForward>MoveLeft>Retreat>Retreat>MoveLeft>Retreat>Retreat>Wait>DashBackward>MoveForward",0,34.000,1,2,6,5,9.972,0,0.000,True,41.000,6.000,0,180,20000100.000,96.800,-4.800,20000190.000,212.142,B17D56131E29FFA1,True,2,False,True,""
S4,S-v1-complex,3-current-final,안전형,0.700,2.200,0.800,False,1.9,1,CAAD8180ED86D572,7,1,"LungeStrike(0)>DashRight>MoveForward>MoveLeft>Retreat>Retreat>MoveLeft>Retreat>Retreat>Wait>Retreat>Retreat",0,34.000,1,2,6,5,7.770,0,0.000,True,40.540,5.250,0,180,20000100.000,96.800,-4.200,20000190.000,215.958,CF23513C94BF93DF,True,3,False,True,""
S4,S-v1-complex,3-current-final,안전형,0.700,2.200,0.800,False,1.9,1,CAAD8180ED86D572,7,2,"LungeStrike(0)>DashRight>MoveForward>MoveLeft>Retreat>Retreat>MoveLeft>Retreat>Retreat>Wait>Retreat>DashBackward",0,34.000,1,2,6,5,11.164,0,0.000,True,41.000,6.000,0,180,20000100.000,96.800,-4.800,20000190.000,215.958,7DF7DD0000BF8708,True,1,True,True,"종료 안전도와 퇴로 우세"
S4,S-v1-complex,3-current-final,안전형,0.700,2.200,0.800,False,1.9,1,CAAD8180ED86D572,7,3,"LungeStrike(0)>DashRight>MoveForward>MoveLeft>Retreat>Retreat>MoveLeft>Retreat>Retreat>Wait>DashBackward>MoveForward",0,34.000,1,2,6,5,9.972,0,0.000,True,41.000,6.000,0,180,20000100.000,96.800,-4.800,20000190.000,215.958,B17D56131E29FFA1,True,2,False,True,""
S4,S-v1-complex,3-current-final,안전형,0.700,2.200,0.800,False,1.9,1,CAAD8180ED86D572,8,1,"LungeStrike(0)>DashRight>MoveForward>MoveLeft>Retreat>Retreat>MoveLeft>Retreat>Retreat>Wait>Retreat>Retreat",0,34.000,1,2,6,5,7.770,0,0.000,True,40.540,5.250,0,180,20000100.000,96.800,-4.200,20000190.000,218.501,CF23513C94BF93DF,True,3,False,True,""
S4,S-v1-complex,3-current-final,안전형,0.700,2.200,0.800,False,1.9,1,CAAD8180ED86D572,8,2,"LungeStrike(0)>DashRight>MoveForward>MoveLeft>Retreat>Retreat>MoveLeft>Retreat>Retreat>Wait>Retreat>DashBackward",0,34.000,1,2,6,5,11.164,0,0.000,True,41.000,6.000,0,180,20000100.000,96.800,-4.800,20000190.000,218.501,7DF7DD0000BF8708,True,1,True,True,"종료 안전도와 퇴로 우세"
S4,S-v1-complex,3-current-final,안전형,0.700,2.200,0.800,False,1.9,1,CAAD8180ED86D572,8,3,"LungeStrike(0)>DashRight>MoveForward>MoveLeft>Retreat>Retreat>MoveLeft>Retreat>Retreat>Wait>DashBackward>MoveForward",0,34.000,1,2,6,5,9.972,0,0.000,True,41.000,6.000,0,180,20000100.000,96.800,-4.800,20000190.000,218.501,B17D56131E29FFA1,True,2,False,True,""
S4,S-v1-complex,3-current-final,안전형,0.700,2.200,0.800,False,1.9,1,CAAD8180ED86D572,9,1,"LungeStrike(0)>DashRight>MoveForward>MoveLeft>Retreat>Retreat>MoveLeft>Retreat>Retreat>Wait>Retreat>Retreat",0,34.000,1,2,6,5,7.770,0,0.000,True,40.540,5.250,0,180,20000100.000,96.800,-4.200,20000190.000,246.421,CF23513C94BF93DF,True,3,False,True,""
S4,S-v1-complex,3-current-final,안전형,0.700,2.200,0.800,False,1.9,1,CAAD8180ED86D572,9,2,"LungeStrike(0)>DashRight>MoveForward>MoveLeft>Retreat>Retreat>MoveLeft>Retreat>Retreat>Wait>Retreat>DashBackward",0,34.000,1,2,6,5,11.164,0,0.000,True,41.000,6.000,0,180,20000100.000,96.800,-4.800,20000190.000,246.421,7DF7DD0000BF8708,True,1,True,True,"종료 안전도와 퇴로 우세"
S4,S-v1-complex,3-current-final,안전형,0.700,2.200,0.800,False,1.9,1,CAAD8180ED86D572,9,3,"LungeStrike(0)>DashRight>MoveForward>MoveLeft>Retreat>Retreat>MoveLeft>Retreat>Retreat>Wait>DashBackward>MoveForward",0,34.000,1,2,6,5,9.972,0,0.000,True,41.000,6.000,0,180,20000100.000,96.800,-4.800,20000190.000,246.421,B17D56131E29FFA1,True,2,False,True,""
S4,S-v1-complex,3-current-final,안전형,0.700,2.200,0.800,False,1.9,1,CAAD8180ED86D572,10,1,"LungeStrike(0)>DashRight>MoveForward>MoveLeft>Retreat>Retreat>MoveLeft>Retreat>Retreat>Wait>Retreat>Retreat",0,34.000,1,2,6,5,7.770,0,0.000,True,40.540,5.250,0,180,20000100.000,96.800,-4.200,20000190.000,213.797,CF23513C94BF93DF,True,3,False,True,""
S4,S-v1-complex,3-current-final,안전형,0.700,2.200,0.800,False,1.9,1,CAAD8180ED86D572,10,2,"LungeStrike(0)>DashRight>MoveForward>MoveLeft>Retreat>Retreat>MoveLeft>Retreat>Retreat>Wait>Retreat>DashBackward",0,34.000,1,2,6,5,11.164,0,0.000,True,41.000,6.000,0,180,20000100.000,96.800,-4.800,20000190.000,213.797,7DF7DD0000BF8708,True,1,True,True,"종료 안전도와 퇴로 우세"
S4,S-v1-complex,3-current-final,안전형,0.700,2.200,0.800,False,1.9,1,CAAD8180ED86D572,10,3,"LungeStrike(0)>DashRight>MoveForward>MoveLeft>Retreat>Retreat>MoveLeft>Retreat>Retreat>Wait>DashBackward>MoveForward",0,34.000,1,2,6,5,9.972,0,0.000,True,41.000,6.000,0,180,20000100.000,96.800,-4.800,20000190.000,213.797,B17D56131E29FFA1,True,2,False,True,""
